{
"type": "FeatureCollection",
"name": "NE_India_Bhutan_Districts_optimized",
"crs": { "type": "name", "properties": { "name": "urn:ogc:def:crs:OGC:1.3:CRS84" } },
"xy_coordinate_resolution": 1e-05,
"features": [
{ "type": "Feature", "properties": { "District": "ANJAW", "STATE": "ARUNACHAL PRADESH", "country": "INDIA" }, "geometry": { "type": "Polygon", "coordinates": [ [ [ 96.83502, 28.36079 ], [ 96.88967, 28.37849 ], [ 96.92584, 28.33685 ], [ 96.95318, 28.32839 ], [ 96.98761, 28.30333 ], [ 97.01182, 28.31031 ], [ 97.04789, 28.33897 ], [ 97.07531, 28.34961 ], [ 97.10569, 28.34696 ], [ 97.14045, 28.32758 ], [ 97.1711, 28.28567 ], [ 97.22671, 28.28463 ], [ 97.23946, 28.26822 ], [ 97.29526, 28.26188 ], [ 97.37837, 28.21779 ], [ 97.40281, 28.18187 ], [ 97.36385, 28.18909 ], [ 97.35658, 28.17247 ], [ 97.3279, 28.15021 ], [ 97.32439, 28.13746 ], [ 97.34724, 28.11049 ], [ 97.31043, 28.07452 ], [ 97.32578, 28.0527 ], [ 97.38095, 28.05927 ], [ 97.37568, 28.04016 ], [ 97.4129, 28.01484 ], [ 97.41012, 28.00517 ], [ 97.3926, 28.00102 ], [ 97.39129, 27.98888 ], [ 97.37298, 27.96803 ], [ 97.38241, 27.95104 ], [ 97.37359, 27.88018 ], [ 97.35708, 27.87885 ], [ 97.32531, 27.89599 ], [ 97.309, 27.91499 ], [ 97.24902, 27.8993 ], [ 97.2196, 27.86366 ], [ 97.18847, 27.84365 ], [ 97.16463, 27.81059 ], [ 97.14569, 27.80458 ], [ 97.104, 27.76975 ], [ 97.09385, 27.74009 ], [ 97.04261, 27.74662 ], [ 96.98306, 27.66428 ], [ 96.94172, 27.66074 ], [ 96.91676, 27.62507 ], [ 96.90016, 27.61466 ], [ 96.86135, 27.63092 ], [ 96.84887, 27.624 ], [ 96.7827, 27.64247 ], [ 96.76838, 27.61614 ], [ 96.72696, 27.64731 ], [ 96.70558, 27.65067 ], [ 96.69916, 27.66392 ], [ 96.71645, 27.70412 ], [ 96.69632, 27.74486 ], [ 96.71051, 27.7657 ], [ 96.70145, 27.77681 ], [ 96.7191, 27.78423 ], [ 96.71054, 27.8244 ], [ 96.6811, 27.82984 ], [ 96.67913, 27.84757 ], [ 96.66242, 27.86653 ], [ 96.61814, 27.88214 ], [ 96.61651, 27.89335 ], [ 96.58213, 27.9207 ], [ 96.55232, 27.91385 ], [ 96.54683, 27.9014 ], [ 96.5179, 27.8954 ], [ 96.5036, 27.9043 ], [ 96.46551, 27.90312 ], [ 96.43945, 27.91837 ], [ 96.42769, 27.91656 ], [ 96.41446, 27.93576 ], [ 96.40796, 27.96731 ], [ 96.39158, 27.97879 ], [ 96.39274, 27.98779 ], [ 96.36277, 28.00065 ], [ 96.37685, 28.00749 ], [ 96.38625, 28.04754 ], [ 96.36249, 28.09326 ], [ 96.36769, 28.11937 ], [ 96.3888, 28.1267 ], [ 96.38947, 28.15263 ], [ 96.41801, 28.16883 ], [ 96.39435, 28.2035 ], [ 96.38838, 28.23548 ], [ 96.36845, 28.25443 ], [ 96.38465, 28.29888 ], [ 96.36793, 28.34533 ], [ 96.37191, 28.36165 ], [ 96.39548, 28.33592 ], [ 96.41738, 28.34094 ], [ 96.42769, 28.37565 ], [ 96.45713, 28.41382 ], [ 96.50538, 28.41098 ], [ 96.57075, 28.45232 ], [ 96.64114, 28.45779 ], [ 96.74085, 28.41381 ], [ 96.7568, 28.39993 ], [ 96.76154, 28.3746 ], [ 96.77029, 28.36703 ], [ 96.83502, 28.36079 ] ] ] } },
{ "type": "Feature", "properties": { "District": "CHANGLANG", "STATE": "ARUNACHAL PRADESH", "country": "INDIA" }, "geometry": { "type": "Polygon", "coordinates": [ [ [ 96.70558, 27.65067 ], [ 96.72696, 27.64731 ], [ 96.76838, 27.61614 ], [ 96.7827, 27.64247 ], [ 96.84887, 27.624 ], [ 96.86135, 27.63092 ], [ 96.90016, 27.61466 ], [ 96.89671, 27.5815 ], [ 96.91223, 27.58053 ], [ 96.91301, 27.54388 ], [ 96.92982, 27.52418 ], [ 96.90711, 27.47762 ], [ 96.90324, 27.45273 ], [ 96.93262, 27.4309 ], [ 96.93439, 27.41577 ], [ 96.96231, 27.40165 ], [ 96.96749, 27.38151 ], [ 96.96213, 27.37312 ], [ 96.98065, 27.34554 ], [ 96.99054, 27.34377 ], [ 96.99811, 27.31898 ], [ 97.02827, 27.30794 ], [ 97.05493, 27.26571 ], [ 97.08851, 27.23821 ], [ 97.09048, 27.21362 ], [ 97.12209, 27.1899 ], [ 97.12451, 27.17428 ], [ 97.14667, 27.16491 ], [ 97.15093, 27.14981 ], [ 97.16385, 27.14224 ], [ 97.16179, 27.12289 ], [ 97.14966, 27.11676 ], [ 97.13852, 27.09105 ], [ 97.10035, 27.10836 ], [ 97.09631, 27.09589 ], [ 97.07667, 27.09866 ], [ 97.07118, 27.08922 ], [ 97.06344, 27.09145 ], [ 97.03349, 27.11827 ], [ 97.03027, 27.13155 ], [ 96.9933, 27.13999 ], [ 96.98483, 27.1543 ], [ 96.90108, 27.16873 ], [ 96.85748, 27.19232 ], [ 96.85485, 27.21036 ], [ 96.88523, 27.22647 ], [ 96.88491, 27.25944 ], [ 96.86261, 27.25962 ], [ 96.84705, 27.2711 ], [ 96.84798, 27.29028 ], [ 96.82242, 27.30822 ], [ 96.79647, 27.34574 ], [ 96.76692, 27.35705 ], [ 96.75169, 27.35227 ], [ 96.7045, 27.3721 ], [ 96.69749, 27.35766 ], [ 96.60612, 27.36581 ], [ 96.5913, 27.34845 ], [ 96.59572, 27.33387 ], [ 96.55122, 27.31846 ], [ 96.52385, 27.28655 ], [ 96.50814, 27.29912 ], [ 96.49058, 27.30263 ], [ 96.48856, 27.29628 ], [ 96.45745, 27.30658 ], [ 96.4218, 27.30168 ], [ 96.40799, 27.2877 ], [ 96.40289, 27.2932 ], [ 96.38684, 27.28463 ], [ 96.35247, 27.29509 ], [ 96.33966, 27.28503 ], [ 96.3063, 27.29415 ], [ 96.27457, 27.28339 ], [ 96.27145, 27.27166 ], [ 96.22799, 27.27868 ], [ 96.20899, 27.26107 ], [ 96.19358, 27.26152 ], [ 96.18529, 27.24891 ], [ 96.15556, 27.24835 ], [ 96.09061, 27.22333 ], [ 96.07741, 27.20835 ], [ 96.02296, 27.18008 ], [ 96.01051, 27.14224 ], [ 95.96862, 27.09989 ], [ 95.94596, 27.05165 ], [ 95.90423, 27.03875 ], [ 95.87008, 27.0127 ], [ 95.83006, 27.00748 ], [ 95.80203, 27.0145 ], [ 95.78115, 26.97779 ], [ 95.7681, 26.97652 ], [ 95.755, 26.95384 ], [ 95.76005, 26.93685 ], [ 95.74789, 26.92583 ], [ 95.74684, 26.90407 ], [ 95.7075, 26.92981 ], [ 95.64842, 26.95089 ], [ 95.64914, 26.957 ], [ 95.73028, 26.96658 ], [ 95.73286, 26.97285 ], [ 95.65191, 27.12733 ], [ 95.64951, 27.17455 ], [ 95.63391, 27.23031 ], [ 95.68153, 27.25174 ], [ 95.72021, 27.24948 ], [ 95.74211, 27.26666 ], [ 95.77958, 27.26975 ], [ 95.80089, 27.28427 ], [ 95.80516, 27.27295 ], [ 95.85931, 27.28722 ], [ 95.85643, 27.27106 ], [ 95.89243, 27.25528 ], [ 95.89356, 27.26757 ], [ 95.90435, 27.27392 ], [ 95.89721, 27.28216 ], [ 95.96004, 27.31095 ], [ 95.95505, 27.31768 ], [ 95.97556, 27.32446 ], [ 95.96529, 27.32788 ], [ 95.98688, 27.34561 ], [ 95.98921, 27.3565 ], [ 96.01775, 27.36492 ], [ 95.9833, 27.41183 ], [ 95.97022, 27.41491 ], [ 95.97539, 27.41939 ], [ 95.96935, 27.42789 ], [ 95.96456, 27.41805 ], [ 95.96034, 27.42903 ], [ 95.95475, 27.41962 ], [ 95.94131, 27.43729 ], [ 95.90798, 27.43435 ], [ 95.88573, 27.39815 ], [ 95.88322, 27.43532 ], [ 95.85714, 27.41988 ], [ 95.86014, 27.40801 ], [ 95.84451, 27.42158 ], [ 95.84682, 27.43856 ], [ 95.85675, 27.44493 ], [ 95.85332, 27.45691 ], [ 95.87069, 27.46665 ], [ 95.8743, 27.49325 ], [ 95.88685, 27.49708 ], [ 95.87584, 27.51242 ], [ 95.87581, 27.54652 ], [ 96.00191, 27.55666 ], [ 96.05345, 27.59291 ], [ 96.06153, 27.60634 ], [ 96.12579, 27.61957 ], [ 96.13277, 27.60639 ], [ 96.17001, 27.59792 ], [ 96.22483, 27.56817 ], [ 96.28898, 27.55544 ], [ 96.32773, 27.57923 ], [ 96.34837, 27.6061 ], [ 96.35186, 27.62454 ], [ 96.37277, 27.64496 ], [ 96.38377, 27.63882 ], [ 96.39415, 27.64869 ], [ 96.43976, 27.65244 ], [ 96.45247, 27.64113 ], [ 96.48027, 27.64603 ], [ 96.51916, 27.63661 ], [ 96.5307, 27.64669 ], [ 96.58209, 27.65606 ], [ 96.64084, 27.62788 ], [ 96.68229, 27.65469 ], [ 96.7, 27.66046 ], [ 96.70558, 27.65067 ] ] ] } },
{ "type": "Feature", "properties": { "District": "DIBANG VALLEY", "STATE": "ARUNACHAL PRADESH", "country": "INDIA" }, "geometry": { "type": "Polygon", "coordinates": [ [ [ 96.31858, 28.52596 ], [ 96.32772, 28.51854 ], [ 96.32445, 28.48989 ], [ 96.31028, 28.47065 ], [ 96.30331, 28.49212 ], [ 96.29393, 28.49796 ], [ 96.25638, 28.4907 ], [ 96.23526, 28.4962 ], [ 96.21528, 28.52037 ], [ 96.16672, 28.53436 ], [ 96.16799, 28.51328 ], [ 96.12746, 28.51057 ], [ 96.108, 28.4814 ], [ 96.064, 28.48817 ], [ 96.041, 28.45311 ], [ 96.03622, 28.42426 ], [ 95.94756, 28.38385 ], [ 95.89613, 28.40041 ], [ 95.89833, 28.41014 ], [ 95.87055, 28.43026 ], [ 95.81675, 28.42718 ], [ 95.76496, 28.37893 ], [ 95.77615, 28.32687 ], [ 95.75605, 28.32872 ], [ 95.7476, 28.31912 ], [ 95.73561, 28.34101 ], [ 95.69435, 28.34301 ], [ 95.69216, 28.3597 ], [ 95.67902, 28.37059 ], [ 95.63889, 28.36769 ], [ 95.62653, 28.37927 ], [ 95.58896, 28.37184 ], [ 95.56369, 28.40612 ], [ 95.58134, 28.43227 ], [ 95.5767, 28.4519 ], [ 95.59001, 28.46746 ], [ 95.58914, 28.48465 ], [ 95.56059, 28.50515 ], [ 95.53934, 28.49603 ], [ 95.52329, 28.50364 ], [ 95.52156, 28.5181 ], [ 95.49988, 28.51855 ], [ 95.49368, 28.53098 ], [ 95.46745, 28.53673 ], [ 95.45079, 28.55473 ], [ 95.40812, 28.54663 ], [ 95.40087, 28.56771 ], [ 95.38184, 28.57028 ], [ 95.35083, 28.70437 ], [ 95.3893, 28.74127 ], [ 95.37403, 28.7646 ], [ 95.37718, 28.77768 ], [ 95.36259, 28.78695 ], [ 95.35535, 28.82317 ], [ 95.32412, 28.84332 ], [ 95.32781, 28.85376 ], [ 95.31616, 28.88604 ], [ 95.32594, 28.89442 ], [ 95.31825, 28.90982 ], [ 95.32804, 28.91895 ], [ 95.3241, 28.92974 ], [ 95.31249, 28.93413 ], [ 95.30704, 28.9543 ], [ 95.29971, 28.95666 ], [ 95.27281, 28.94518 ], [ 95.25596, 28.95114 ], [ 95.2618, 28.96373 ], [ 95.2436, 29.00072 ], [ 95.27788, 29.0325 ], [ 95.26883, 29.04798 ], [ 95.2714, 29.05874 ], [ 95.28792, 29.06264 ], [ 95.36825, 29.03635 ], [ 95.41065, 29.03052 ], [ 95.42122, 29.04136 ], [ 95.4403, 29.0366 ], [ 95.47723, 29.08708 ], [ 95.48099, 29.14307 ], [ 95.53072, 29.13049 ], [ 95.53667, 29.1692 ], [ 95.52693, 29.21566 ], [ 95.5722, 29.22281 ], [ 95.58303, 29.26061 ], [ 95.61926, 29.2497 ], [ 95.65983, 29.27157 ], [ 95.68899, 29.30461 ], [ 95.721, 29.3127 ], [ 95.77688, 29.36165 ], [ 95.78213, 29.34139 ], [ 95.81113, 29.35961 ], [ 95.83099, 29.35883 ], [ 95.86175, 29.39512 ], [ 95.94181, 29.38765 ], [ 96.00882, 29.42772 ], [ 96.04275, 29.46073 ], [ 96.08125, 29.46108 ], [ 96.12076, 29.41409 ], [ 96.14057, 29.40205 ], [ 96.1765, 29.34515 ], [ 96.17992, 29.30751 ], [ 96.23548, 29.24189 ], [ 96.28957, 29.24463 ], [ 96.30945, 29.26434 ], [ 96.3405, 29.27401 ], [ 96.3543, 29.29205 ], [ 96.36958, 29.28734 ], [ 96.37908, 29.26711 ], [ 96.37912, 29.24345 ], [ 96.34201, 29.17838 ], [ 96.24495, 29.16576 ], [ 96.2325, 29.15195 ], [ 96.21052, 29.14809 ], [ 96.17359, 29.09922 ], [ 96.10206, 29.07899 ], [ 96.1288, 29.07049 ], [ 96.14093, 29.05828 ], [ 96.17147, 28.99919 ], [ 96.1718, 28.96979 ], [ 96.14229, 28.95667 ], [ 96.1349, 28.93523 ], [ 96.15543, 28.91789 ], [ 96.16087, 28.89783 ], [ 96.22017, 28.92977 ], [ 96.29401, 29.00815 ], [ 96.32691, 29.02802 ], [ 96.3565, 29.03703 ], [ 96.42314, 29.03751 ], [ 96.51358, 29.07396 ], [ 96.46467, 28.98314 ], [ 96.48122, 28.95852 ], [ 96.50938, 28.96637 ], [ 96.50802, 28.95185 ], [ 96.53011, 28.91025 ], [ 96.52609, 28.88246 ], [ 96.60899, 28.77983 ], [ 96.60424, 28.74443 ], [ 96.57931, 28.71159 ], [ 96.55566, 28.70116 ], [ 96.52502, 28.70108 ], [ 96.47063, 28.67885 ], [ 96.48732, 28.63341 ], [ 96.42484, 28.58211 ], [ 96.40203, 28.58095 ], [ 96.40001, 28.55928 ], [ 96.34475, 28.55401 ], [ 96.31858, 28.52596 ] ] ] } },
{ "type": "Feature", "properties": { "District": "EAST KAMENG", "STATE": "ARUNACHAL PRADESH", "country": "INDIA" }, "geometry": { "type": "Polygon", "coordinates": [ [ [ 92.73261, 27.97911 ], [ 92.758, 27.95696 ], [ 92.78797, 27.95044 ], [ 92.82189, 27.95885 ], [ 92.85975, 27.95626 ], [ 92.85929, 27.94884 ], [ 92.87989, 27.93816 ], [ 92.93072, 27.91959 ], [ 92.93159, 27.87496 ], [ 92.94495, 27.84498 ], [ 92.96023, 27.84244 ], [ 92.96689, 27.82601 ], [ 92.98286, 27.82016 ], [ 93.07262, 27.82884 ], [ 93.09551, 27.81058 ], [ 93.13066, 27.82306 ], [ 93.17455, 27.82118 ], [ 93.18843, 27.84459 ], [ 93.19687, 27.84608 ], [ 93.22177, 27.83074 ], [ 93.23694, 27.79663 ], [ 93.20312, 27.72979 ], [ 93.22363, 27.71332 ], [ 93.19478, 27.67605 ], [ 93.22828, 27.64809 ], [ 93.23892, 27.61481 ], [ 93.22998, 27.60438 ], [ 93.26933, 27.59532 ], [ 93.28493, 27.58721 ], [ 93.28139, 27.57818 ], [ 93.29978, 27.57836 ], [ 93.33013, 27.55448 ], [ 93.31616, 27.53377 ], [ 93.29462, 27.52302 ], [ 93.31235, 27.50383 ], [ 93.32677, 27.46268 ], [ 93.31506, 27.44318 ], [ 93.33015, 27.44373 ], [ 93.36805, 27.41643 ], [ 93.37194, 27.37129 ], [ 93.32995, 27.35471 ], [ 93.29972, 27.39959 ], [ 93.19502, 27.37818 ], [ 93.16528, 27.31155 ], [ 93.00229, 27.24969 ], [ 92.98444, 27.21994 ], [ 93.00942, 27.20091 ], [ 93.07248, 27.20329 ], [ 93.08081, 27.18663 ], [ 93.06891, 27.17116 ], [ 93.0118, 27.14261 ], [ 92.95827, 27.15808 ], [ 92.89521, 27.13428 ], [ 92.85714, 27.14023 ], [ 92.83929, 27.1319 ], [ 92.82859, 27.16165 ], [ 92.80759, 27.17905 ], [ 92.81429, 27.17786 ], [ 92.80885, 27.20177 ], [ 92.83337, 27.21445 ], [ 92.82781, 27.22466 ], [ 92.83626, 27.23277 ], [ 92.81739, 27.25348 ], [ 92.80106, 27.25607 ], [ 92.80574, 27.29508 ], [ 92.82395, 27.28688 ], [ 92.84425, 27.29293 ], [ 92.83998, 27.30375 ], [ 92.80431, 27.32966 ], [ 92.80016, 27.35023 ], [ 92.8056, 27.35789 ], [ 92.81455, 27.35464 ], [ 92.81189, 27.37887 ], [ 92.82289, 27.3794 ], [ 92.82049, 27.41187 ], [ 92.80511, 27.419 ], [ 92.81078, 27.42561 ], [ 92.80374, 27.44642 ], [ 92.78581, 27.45297 ], [ 92.77397, 27.44362 ], [ 92.75439, 27.44572 ], [ 92.73638, 27.46658 ], [ 92.71432, 27.45044 ], [ 92.69242, 27.45496 ], [ 92.68497, 27.47298 ], [ 92.65377, 27.49077 ], [ 92.65022, 27.53195 ], [ 92.63883, 27.54374 ], [ 92.61912, 27.54518 ], [ 92.62217, 27.57174 ], [ 92.60986, 27.58645 ], [ 92.61278, 27.59362 ], [ 92.58836, 27.60556 ], [ 92.58732, 27.6173 ], [ 92.55103, 27.60394 ], [ 92.53914, 27.6102 ], [ 92.54107, 27.62965 ], [ 92.53084, 27.63647 ], [ 92.53639, 27.66632 ], [ 92.51203, 27.69716 ], [ 92.51212, 27.72159 ], [ 92.47398, 27.73971 ], [ 92.45609, 27.73935 ], [ 92.47049, 27.78444 ], [ 92.45047, 27.81437 ], [ 92.46602, 27.81778 ], [ 92.48376, 27.84281 ], [ 92.50336, 27.85395 ], [ 92.52771, 27.84852 ], [ 92.55621, 27.82436 ], [ 92.61531, 27.89454 ], [ 92.65771, 27.9019 ], [ 92.73261, 27.97911 ] ] ] } },
{ "type": "Feature", "properties": { "District": "EAST SIANG", "STATE": "ARUNACHAL PRADESH", "country": "INDIA" }, "geometry": { "type": "Polygon", "coordinates": [ [ [ 95.51534, 27.87972 ], [ 95.37958, 27.83918 ], [ 95.30876, 27.86801 ], [ 95.1364, 27.81565 ], [ 95.11522, 27.85678 ], [ 95.12069, 27.90349 ], [ 95.07185, 27.91597 ], [ 95.08907, 27.96766 ], [ 95.07385, 27.99051 ], [ 95.06737, 28.02345 ], [ 95.11509, 28.02419 ], [ 95.21724, 28.05626 ], [ 95.22395, 28.04805 ], [ 95.24035, 28.04731 ], [ 95.28882, 28.09056 ], [ 95.29553, 28.12113 ], [ 95.25079, 28.15021 ], [ 95.22391, 28.15214 ], [ 95.19238, 28.16456 ], [ 95.18505, 28.1736 ], [ 95.2011, 28.16316 ], [ 95.20693, 28.17816 ], [ 95.22904, 28.17337 ], [ 95.24637, 28.17886 ], [ 95.26112, 28.19929 ], [ 95.28903, 28.20301 ], [ 95.28266, 28.2321 ], [ 95.29149, 28.23922 ], [ 95.31466, 28.2386 ], [ 95.31289, 28.25069 ], [ 95.32846, 28.26599 ], [ 95.32018, 28.28834 ], [ 95.33339, 28.3018 ], [ 95.36339, 28.30399 ], [ 95.37439, 28.32268 ], [ 95.38524, 28.30805 ], [ 95.39714, 28.31479 ], [ 95.43503, 28.31453 ], [ 95.46555, 28.25921 ], [ 95.53542, 28.28618 ], [ 95.56366, 28.25488 ], [ 95.5596, 28.16798 ], [ 95.56997, 28.11219 ], [ 95.55823, 28.03534 ], [ 95.5334, 27.99017 ], [ 95.5067, 27.96859 ], [ 95.5, 27.95181 ], [ 95.51468, 27.91199 ], [ 95.51534, 27.87972 ] ] ] } },
{ "type": "Feature", "properties": { "District": "KAMLE", "STATE": "ARUNACHAL PRADESH", "country": "INDIA" }, "geometry": { "type": "Polygon", "coordinates": [ [ [ 93.94465, 27.98654 ], [ 93.98875, 27.976 ], [ 94.01187, 27.95805 ], [ 94.0493, 27.95655 ], [ 94.0682, 27.9391 ], [ 94.04768, 27.91186 ], [ 94.05615, 27.9062 ], [ 94.06015, 27.86941 ], [ 94.07418, 27.8493 ], [ 94.09649, 27.85978 ], [ 94.1286, 27.85782 ], [ 94.14911, 27.86596 ], [ 94.16015, 27.84375 ], [ 94.19189, 27.83652 ], [ 94.19345, 27.81139 ], [ 94.25751, 27.80773 ], [ 94.29406, 27.79042 ], [ 94.31714, 27.77397 ], [ 94.31419, 27.73902 ], [ 94.33863, 27.72515 ], [ 94.35604, 27.72877 ], [ 94.35166, 27.7143 ], [ 94.32204, 27.70304 ], [ 94.23115, 27.63775 ], [ 94.20948, 27.60872 ], [ 94.21224, 27.60087 ], [ 94.22664, 27.59774 ], [ 94.22495, 27.57409 ], [ 94.24672, 27.56947 ], [ 94.2587, 27.55546 ], [ 94.25749, 27.53703 ], [ 94.26826, 27.52084 ], [ 94.22082, 27.50528 ], [ 94.20759, 27.49261 ], [ 94.20246, 27.49447 ], [ 94.20703, 27.53532 ], [ 94.19187, 27.54403 ], [ 94.16973, 27.54291 ], [ 94.08787, 27.49516 ], [ 93.98006, 27.50297 ], [ 93.9477, 27.49555 ], [ 93.94181, 27.51131 ], [ 94.07198, 27.51555 ], [ 94.10625, 27.5441 ], [ 94.10625, 27.55409 ], [ 94.04914, 27.58265 ], [ 94.05323, 27.60799 ], [ 93.94706, 27.6294 ], [ 93.92565, 27.65915 ], [ 93.9197, 27.72339 ], [ 93.89049, 27.74313 ], [ 93.9078, 27.79716 ], [ 93.89024, 27.82007 ], [ 93.84262, 27.93287 ], [ 93.88904, 27.94547 ], [ 93.91342, 27.97199 ], [ 93.94465, 27.98654 ] ] ] } },
{ "type": "Feature", "properties": { "District": "KRA DAADI", "STATE": "ARUNACHAL PRADESH", "country": "INDIA" }, "geometry": { "type": "Polygon", "coordinates": [ [ [ 93.56813, 27.59936 ], [ 93.51469, 27.65021 ], [ 93.53756, 27.6739 ], [ 93.53232, 27.72197 ], [ 93.50948, 27.7429 ], [ 93.57991, 27.81238 ], [ 93.59228, 27.83332 ], [ 93.6018, 27.90756 ], [ 93.58467, 27.90566 ], [ 93.61851, 27.95359 ], [ 93.588, 27.97752 ], [ 93.57015, 28.05723 ], [ 93.50591, 28.06921 ], [ 93.48592, 28.10339 ], [ 93.46022, 28.11291 ], [ 93.4469, 28.20047 ], [ 93.44779, 28.28203 ], [ 93.45305, 28.27186 ], [ 93.47979, 28.28139 ], [ 93.57156, 28.25588 ], [ 93.59281, 28.27113 ], [ 93.61396, 28.27252 ], [ 93.6299, 28.26251 ], [ 93.63409, 28.23145 ], [ 93.65073, 28.19739 ], [ 93.6672, 28.2248 ], [ 93.70072, 28.24131 ], [ 93.73511, 28.28558 ], [ 93.74424, 28.28794 ], [ 93.7663, 28.27867 ], [ 93.77323, 28.26009 ], [ 93.84168, 28.24194 ], [ 93.83854, 28.21911 ], [ 93.85, 28.20954 ], [ 93.84519, 28.17379 ], [ 93.8719, 28.15392 ], [ 93.87508, 28.11745 ], [ 93.89121, 28.10323 ], [ 93.87528, 28.05345 ], [ 93.91306, 28.03027 ], [ 93.91835, 28.00629 ], [ 93.93986, 28.00268 ], [ 93.94622, 27.98976 ], [ 93.87181, 27.93666 ], [ 93.80412, 27.93095 ], [ 93.76119, 27.90007 ], [ 93.72994, 27.90043 ], [ 93.72217, 27.93071 ], [ 93.69665, 27.93833 ], [ 93.68444, 27.91643 ], [ 93.69046, 27.8976 ], [ 93.67965, 27.86269 ], [ 93.68554, 27.83524 ], [ 93.65984, 27.81092 ], [ 93.65421, 27.79527 ], [ 93.68569, 27.76733 ], [ 93.68608, 27.75514 ], [ 93.71958, 27.75451 ], [ 93.71783, 27.74067 ], [ 93.70429, 27.72788 ], [ 93.70059, 27.70324 ], [ 93.71378, 27.67898 ], [ 93.70605, 27.66916 ], [ 93.68089, 27.66864 ], [ 93.6616, 27.64639 ], [ 93.64496, 27.64622 ], [ 93.6125, 27.62822 ], [ 93.59865, 27.61148 ], [ 93.56813, 27.59936 ] ] ] } },
{ "type": "Feature", "properties": { "District": "KURUNG KUMEY", "STATE": "ARUNACHAL PRADESH", "country": "INDIA" }, "geometry": { "type": "Polygon", "coordinates": [ [ [ 92.74608, 28.1581 ], [ 92.81852, 28.21025 ], [ 92.82558, 28.17906 ], [ 92.85263, 28.1826 ], [ 92.90568, 28.21191 ], [ 92.92284, 28.24 ], [ 92.96271, 28.25856 ], [ 92.98413, 28.25239 ], [ 92.9973, 28.22943 ], [ 93.02827, 28.26869 ], [ 93.02234, 28.31039 ], [ 93.04967, 28.30266 ], [ 93.09052, 28.30587 ], [ 93.11039, 28.31214 ], [ 93.12217, 28.32838 ], [ 93.1608, 28.31919 ], [ 93.20649, 28.32155 ], [ 93.2598, 28.36699 ], [ 93.28288, 28.36476 ], [ 93.29425, 28.34032 ], [ 93.33692, 28.35331 ], [ 93.36046, 28.34361 ], [ 93.36089, 28.32976 ], [ 93.37857, 28.32342 ], [ 93.38627, 28.30625 ], [ 93.40856, 28.30674 ], [ 93.41431, 28.28836 ], [ 93.43175, 28.27992 ], [ 93.44779, 28.28203 ], [ 93.4469, 28.20047 ], [ 93.46022, 28.11291 ], [ 93.48592, 28.10339 ], [ 93.50591, 28.06921 ], [ 93.57015, 28.05723 ], [ 93.588, 27.97752 ], [ 93.61851, 27.95359 ], [ 93.58467, 27.90566 ], [ 93.6018, 27.90756 ], [ 93.59228, 27.83332 ], [ 93.57991, 27.81238 ], [ 93.50948, 27.7429 ], [ 93.53232, 27.72197 ], [ 93.53756, 27.6739 ], [ 93.51469, 27.65021 ], [ 93.55841, 27.60343 ], [ 93.53283, 27.59812 ], [ 93.52559, 27.61001 ], [ 93.50574, 27.61536 ], [ 93.4681, 27.60434 ], [ 93.43039, 27.63051 ], [ 93.37897, 27.62077 ], [ 93.34076, 27.63324 ], [ 93.30356, 27.61881 ], [ 93.27194, 27.59467 ], [ 93.22998, 27.60438 ], [ 93.23892, 27.61481 ], [ 93.22828, 27.64809 ], [ 93.19478, 27.67605 ], [ 93.22363, 27.71332 ], [ 93.20312, 27.72979 ], [ 93.23694, 27.79663 ], [ 93.22177, 27.83074 ], [ 93.19687, 27.84608 ], [ 93.18843, 27.84459 ], [ 93.17455, 27.82118 ], [ 93.13066, 27.82306 ], [ 93.09551, 27.81058 ], [ 93.07262, 27.82884 ], [ 92.98286, 27.82016 ], [ 92.96689, 27.82601 ], [ 92.96023, 27.84244 ], [ 92.94495, 27.84498 ], [ 92.93159, 27.87496 ], [ 92.93072, 27.91959 ], [ 92.87989, 27.93816 ], [ 92.85929, 27.94884 ], [ 92.85975, 27.95626 ], [ 92.82189, 27.95885 ], [ 92.78797, 27.95044 ], [ 92.758, 27.95696 ], [ 92.73826, 27.97231 ], [ 92.73261, 27.97911 ], [ 92.74243, 27.99259 ], [ 92.73534, 28.01136 ], [ 92.70039, 28.04856 ], [ 92.67024, 28.06082 ], [ 92.66534, 28.06999 ], [ 92.68795, 28.1274 ], [ 92.74608, 28.1581 ] ] ] } },
{ "type": "Feature", "properties": { "District": "LEPA RADA", "STATE": "ARUNACHAL PRADESH", "country": "INDIA" }, "geometry": { "type": "Polygon", "coordinates": [ [ [ 94.90643, 28.01631 ], [ 94.89132, 27.99995 ], [ 94.88074, 27.99999 ], [ 94.89976, 27.97158 ], [ 94.86592, 27.91573 ], [ 94.87708, 27.89572 ], [ 94.90169, 27.87763 ], [ 94.9058, 27.86106 ], [ 94.92519, 27.86126 ], [ 94.92308, 27.85178 ], [ 94.90179, 27.84099 ], [ 94.90682, 27.83538 ], [ 94.89919, 27.82255 ], [ 94.83876, 27.80366 ], [ 94.80902, 27.78581 ], [ 94.74596, 27.77296 ], [ 94.72407, 27.79485 ], [ 94.71741, 27.82507 ], [ 94.64603, 27.85006 ], [ 94.63175, 27.86671 ], [ 94.59483, 27.87081 ], [ 94.59293, 27.89004 ], [ 94.55806, 27.9024 ], [ 94.52513, 27.9582 ], [ 94.53208, 27.98594 ], [ 94.51301, 28.0154 ], [ 94.48429, 28.02201 ], [ 94.50611, 28.05564 ], [ 94.5675, 28.04922 ], [ 94.5932, 28.05279 ], [ 94.6032, 28.06207 ], [ 94.64032, 28.04351 ], [ 94.66887, 28.04137 ], [ 94.69956, 28.01924 ], [ 94.75239, 28.01138 ], [ 94.79094, 27.98711 ], [ 94.81973, 27.98592 ], [ 94.90643, 28.01631 ] ] ] } },
{ "type": "Feature", "properties": { "District": "LOHIT", "STATE": "ARUNACHAL PRADESH", "country": "INDIA" }, "geometry": { "type": "Polygon", "coordinates": [ [ [ 96.37191, 28.36165 ], [ 96.36793, 28.34533 ], [ 96.38465, 28.29888 ], [ 96.36845, 28.25443 ], [ 96.38838, 28.23548 ], [ 96.39435, 28.2035 ], [ 96.41801, 28.16883 ], [ 96.38947, 28.15263 ], [ 96.3888, 28.1267 ], [ 96.36769, 28.11937 ], [ 96.36249, 28.09326 ], [ 96.38625, 28.04754 ], [ 96.37685, 28.00749 ], [ 96.36277, 28.00065 ], [ 96.39274, 27.98779 ], [ 96.39158, 27.97879 ], [ 96.40796, 27.96731 ], [ 96.41446, 27.93576 ], [ 96.42769, 27.91656 ], [ 96.43945, 27.91837 ], [ 96.46551, 27.90312 ], [ 96.5036, 27.9043 ], [ 96.5179, 27.8954 ], [ 96.54683, 27.9014 ], [ 96.55232, 27.91385 ], [ 96.58213, 27.9207 ], [ 96.61651, 27.89335 ], [ 96.61814, 27.88214 ], [ 96.66242, 27.86653 ], [ 96.67913, 27.84757 ], [ 96.6811, 27.82984 ], [ 96.71054, 27.8244 ], [ 96.7191, 27.78423 ], [ 96.70145, 27.77681 ], [ 96.71051, 27.7657 ], [ 96.69632, 27.74486 ], [ 96.71647, 27.70341 ], [ 96.70152, 27.66096 ], [ 96.64084, 27.62788 ], [ 96.58209, 27.65606 ], [ 96.5307, 27.64669 ], [ 96.51916, 27.63661 ], [ 96.48027, 27.64603 ], [ 96.45247, 27.64113 ], [ 96.43976, 27.65244 ], [ 96.39415, 27.64869 ], [ 96.38377, 27.63882 ], [ 96.37277, 27.64496 ], [ 96.35186, 27.62454 ], [ 96.34837, 27.6061 ], [ 96.32773, 27.57923 ], [ 96.31168, 27.5698 ], [ 96.28549, 27.59511 ], [ 96.29204, 27.62782 ], [ 96.27003, 27.65162 ], [ 96.26086, 27.71943 ], [ 96.27336, 27.78784 ], [ 96.20792, 27.87747 ], [ 96.02322, 27.85024 ], [ 95.89758, 27.79028 ], [ 95.80478, 27.73603 ], [ 95.7743, 27.73094 ], [ 95.78055, 27.7363 ], [ 95.776, 27.75362 ], [ 95.80035, 27.77369 ], [ 95.81167, 27.79762 ], [ 95.83769, 27.80983 ], [ 95.83776, 27.82412 ], [ 95.87137, 27.83346 ], [ 95.89025, 27.85999 ], [ 95.90492, 27.86212 ], [ 95.90169, 27.86847 ], [ 95.9107, 27.8702 ], [ 95.91555, 27.88376 ], [ 95.92509, 27.88168 ], [ 95.9155, 27.88939 ], [ 95.93775, 27.8982 ], [ 95.92983, 27.90274 ], [ 95.95292, 27.92044 ], [ 95.9483, 27.93712 ], [ 95.99127, 27.97466 ], [ 95.9934, 28.05234 ], [ 95.97995, 28.07209 ], [ 96.02543, 28.12994 ], [ 96.03027, 28.16013 ], [ 96.04671, 28.17152 ], [ 96.05174, 28.19722 ], [ 96.10459, 28.18963 ], [ 96.14201, 28.16991 ], [ 96.21552, 28.2309 ], [ 96.23022, 28.23868 ], [ 96.26788, 28.23893 ], [ 96.23825, 28.29952 ], [ 96.29046, 28.34456 ], [ 96.30721, 28.38252 ], [ 96.31668, 28.37757 ], [ 96.36258, 28.38636 ], [ 96.37191, 28.36165 ] ] ] } },
{ "type": "Feature", "properties": { "District": "LONGDING", "STATE": "ARUNACHAL PRADESH", "country": "INDIA" }, "geometry": { "type": "Polygon", "coordinates": [ [ [ 95.36397, 27.1022 ], [ 95.38702, 27.08434 ], [ 95.38883, 27.04475 ], [ 95.36021, 27.03267 ], [ 95.37717, 27.00882 ], [ 95.36812, 26.93553 ], [ 95.37907, 26.91269 ], [ 95.40658, 26.88574 ], [ 95.44043, 26.86718 ], [ 95.50482, 26.87669 ], [ 95.49647, 26.81784 ], [ 95.50502, 26.79254 ], [ 95.48276, 26.74705 ], [ 95.45909, 26.74388 ], [ 95.43206, 26.71628 ], [ 95.43138, 26.7007 ], [ 95.37382, 26.68414 ], [ 95.36054, 26.67104 ], [ 95.33579, 26.67448 ], [ 95.30396, 26.65101 ], [ 95.25952, 26.65532 ], [ 95.25706, 26.67623 ], [ 95.24917, 26.68371 ], [ 95.23224, 26.68223 ], [ 95.23241, 26.70624 ], [ 95.21252, 26.72943 ], [ 95.21651, 26.75396 ], [ 95.24135, 26.78145 ], [ 95.21162, 26.79259 ], [ 95.19562, 26.83424 ], [ 95.20519, 26.84502 ], [ 95.19221, 26.84394 ], [ 95.18114, 26.8592 ], [ 95.20949, 26.87995 ], [ 95.23048, 26.88515 ], [ 95.23064, 26.91495 ], [ 95.22228, 26.92882 ], [ 95.21117, 26.93137 ], [ 95.21019, 26.95324 ], [ 95.20355, 26.95706 ], [ 95.21184, 26.96484 ], [ 95.20677, 26.97713 ], [ 95.19204, 26.98453 ], [ 95.19252, 27.03521 ], [ 95.20466, 27.03771 ], [ 95.21069, 27.02854 ], [ 95.23223, 27.04275 ], [ 95.24644, 27.02381 ], [ 95.27713, 27.04238 ], [ 95.27632, 27.05219 ], [ 95.29183, 27.06649 ], [ 95.36865, 27.10709 ], [ 95.36397, 27.1022 ] ] ] } },
{ "type": "Feature", "properties": { "District": "LOWER DIBANG VALLEY", "STATE": "ARUNACHAL PRADESH", "country": "INDIA" }, "geometry": { "type": "Polygon", "coordinates": [ [ [ 96.30721, 28.38252 ], [ 96.29046, 28.34456 ], [ 96.23825, 28.29952 ], [ 96.26788, 28.23893 ], [ 96.23022, 28.23868 ], [ 96.21552, 28.2309 ], [ 96.14201, 28.16991 ], [ 96.10459, 28.18963 ], [ 96.05174, 28.19722 ], [ 96.04671, 28.17152 ], [ 96.03027, 28.16013 ], [ 96.02543, 28.12994 ], [ 95.97995, 28.07209 ], [ 95.99372, 28.04205 ], [ 95.99127, 27.97466 ], [ 95.98306, 27.96672 ], [ 95.82388, 27.97148 ], [ 95.60528, 27.95462 ], [ 95.58611, 27.93672 ], [ 95.56859, 27.9359 ], [ 95.56354, 27.91926 ], [ 95.54467, 27.91084 ], [ 95.54427, 27.89978 ], [ 95.51535, 27.87971 ], [ 95.51468, 27.91199 ], [ 95.5, 27.95181 ], [ 95.5067, 27.96859 ], [ 95.5334, 27.99017 ], [ 95.55823, 28.03534 ], [ 95.56748, 28.07848 ], [ 95.56919, 28.13128 ], [ 95.5596, 28.16798 ], [ 95.56366, 28.25488 ], [ 95.53542, 28.28618 ], [ 95.46555, 28.25921 ], [ 95.43503, 28.31453 ], [ 95.39714, 28.31479 ], [ 95.38524, 28.30805 ], [ 95.37509, 28.3196 ], [ 95.3685, 28.35663 ], [ 95.33793, 28.36576 ], [ 95.3379, 28.40595 ], [ 95.32004, 28.42583 ], [ 95.33874, 28.43894 ], [ 95.33658, 28.47693 ], [ 95.36599, 28.49198 ], [ 95.37682, 28.5082 ], [ 95.3926, 28.51223 ], [ 95.39259, 28.52905 ], [ 95.41135, 28.55079 ], [ 95.42683, 28.5452 ], [ 95.44784, 28.55563 ], [ 95.46745, 28.53673 ], [ 95.49368, 28.53098 ], [ 95.49988, 28.51855 ], [ 95.52156, 28.5181 ], [ 95.52329, 28.50364 ], [ 95.53934, 28.49603 ], [ 95.56059, 28.50515 ], [ 95.58914, 28.48465 ], [ 95.59001, 28.46746 ], [ 95.5767, 28.4519 ], [ 95.58134, 28.43227 ], [ 95.56369, 28.40612 ], [ 95.58746, 28.38174 ], [ 95.58539, 28.37377 ], [ 95.62653, 28.37927 ], [ 95.63889, 28.36769 ], [ 95.67902, 28.37059 ], [ 95.69216, 28.3597 ], [ 95.69435, 28.34301 ], [ 95.73561, 28.34101 ], [ 95.7476, 28.31912 ], [ 95.75605, 28.32872 ], [ 95.77615, 28.32687 ], [ 95.76496, 28.37893 ], [ 95.81675, 28.42718 ], [ 95.87055, 28.43026 ], [ 95.89833, 28.41014 ], [ 95.89613, 28.40041 ], [ 95.94756, 28.38385 ], [ 96.03622, 28.42426 ], [ 96.041, 28.45311 ], [ 96.064, 28.48817 ], [ 96.108, 28.4814 ], [ 96.12746, 28.51057 ], [ 96.16799, 28.51328 ], [ 96.16345, 28.5254 ], [ 96.17072, 28.53426 ], [ 96.21528, 28.52037 ], [ 96.23526, 28.4962 ], [ 96.25638, 28.4907 ], [ 96.29393, 28.49796 ], [ 96.30331, 28.49212 ], [ 96.31028, 28.47065 ], [ 96.32445, 28.48989 ], [ 96.32772, 28.51854 ], [ 96.36012, 28.49382 ], [ 96.36208, 28.48034 ], [ 96.34945, 28.46726 ], [ 96.25339, 28.40704 ], [ 96.30102, 28.39282 ], [ 96.30721, 28.38252 ] ] ] } },
{ "type": "Feature", "properties": { "District": "LOWER SIANG", "STATE": "ARUNACHAL PRADESH", "country": "INDIA" }, "geometry": { "type": "Polygon", "coordinates": [ [ [ 95.06737, 28.02345 ], [ 95.07385, 27.99051 ], [ 95.08907, 27.96766 ], [ 95.07185, 27.91597 ], [ 95.12069, 27.90349 ], [ 95.11522, 27.85678 ], [ 95.1364, 27.81565 ], [ 94.85235, 27.7276 ], [ 94.84097, 27.70061 ], [ 94.82078, 27.69208 ], [ 94.79373, 27.69518 ], [ 94.75431, 27.66055 ], [ 94.72514, 27.669 ], [ 94.70904, 27.65658 ], [ 94.68791, 27.66514 ], [ 94.68268, 27.64589 ], [ 94.66265, 27.64533 ], [ 94.63319, 27.62416 ], [ 94.58755, 27.61846 ], [ 94.57409, 27.60381 ], [ 94.54459, 27.60104 ], [ 94.49896, 27.57217 ], [ 94.4778, 27.57614 ], [ 94.46173, 27.55524 ], [ 94.43333, 27.58842 ], [ 94.43168, 27.60033 ], [ 94.3668, 27.57427 ], [ 94.33697, 27.57919 ], [ 94.29826, 27.60193 ], [ 94.2883, 27.58926 ], [ 94.27764, 27.58933 ], [ 94.27247, 27.60294 ], [ 94.25426, 27.61423 ], [ 94.26741, 27.62949 ], [ 94.25146, 27.63763 ], [ 94.21044, 27.60842 ], [ 94.23115, 27.63775 ], [ 94.26692, 27.66578 ], [ 94.35547, 27.71921 ], [ 94.35604, 27.72877 ], [ 94.33863, 27.72515 ], [ 94.31419, 27.73902 ], [ 94.31714, 27.77397 ], [ 94.33254, 27.75778 ], [ 94.38492, 27.79421 ], [ 94.40235, 27.79253 ], [ 94.46948, 27.83282 ], [ 94.57719, 27.85602 ], [ 94.59483, 27.87081 ], [ 94.63175, 27.86671 ], [ 94.64603, 27.85006 ], [ 94.71741, 27.82507 ], [ 94.72407, 27.79485 ], [ 94.74596, 27.77296 ], [ 94.80902, 27.78581 ], [ 94.83876, 27.80366 ], [ 94.89919, 27.82255 ], [ 94.90682, 27.83538 ], [ 94.90179, 27.84099 ], [ 94.92622, 27.85922 ], [ 94.9058, 27.86106 ], [ 94.90169, 27.87763 ], [ 94.87708, 27.89572 ], [ 94.86602, 27.91492 ], [ 94.89976, 27.97158 ], [ 94.88074, 27.99999 ], [ 94.89215, 28.00073 ], [ 94.90863, 28.01982 ], [ 94.90566, 28.02884 ], [ 94.9294, 28.05044 ], [ 95.06737, 28.02345 ] ] ] } },
{ "type": "Feature", "properties": { "District": "LOWER SUBANSIRI", "STATE": "ARUNACHAL PRADESH", "country": "INDIA" }, "geometry": { "type": "Polygon", "coordinates": [ [ [ 93.84262, 27.93287 ], [ 93.89024, 27.82007 ], [ 93.9078, 27.79716 ], [ 93.89049, 27.74313 ], [ 93.9197, 27.72339 ], [ 93.92565, 27.65915 ], [ 93.93992, 27.63773 ], [ 93.94706, 27.6294 ], [ 94.05323, 27.60799 ], [ 94.04914, 27.58265 ], [ 94.10625, 27.55409 ], [ 94.10625, 27.5441 ], [ 94.07198, 27.51555 ], [ 93.94181, 27.51131 ], [ 93.9477, 27.49555 ], [ 93.93656, 27.48787 ], [ 93.92287, 27.49122 ], [ 93.90356, 27.465 ], [ 93.87474, 27.45828 ], [ 93.87266, 27.44497 ], [ 93.84033, 27.42555 ], [ 93.81504, 27.39155 ], [ 93.83005, 27.35823 ], [ 93.84906, 27.34864 ], [ 93.8483, 27.33344 ], [ 93.8334, 27.32414 ], [ 93.81838, 27.32897 ], [ 93.77555, 27.29625 ], [ 93.74241, 27.31041 ], [ 93.71773, 27.2972 ], [ 93.70285, 27.2984 ], [ 93.69686, 27.30685 ], [ 93.63787, 27.29306 ], [ 93.62241, 27.30148 ], [ 93.60943, 27.32265 ], [ 93.58861, 27.32779 ], [ 93.58382, 27.33672 ], [ 93.59665, 27.34925 ], [ 93.57515, 27.39355 ], [ 93.56311, 27.38792 ], [ 93.55111, 27.40201 ], [ 93.57295, 27.43742 ], [ 93.61185, 27.45075 ], [ 93.62343, 27.46474 ], [ 93.5881, 27.46369 ], [ 93.5705, 27.47365 ], [ 93.58536, 27.49654 ], [ 93.5854, 27.51383 ], [ 93.56727, 27.52899 ], [ 93.5528, 27.56217 ], [ 93.53348, 27.57422 ], [ 93.53283, 27.59812 ], [ 93.56813, 27.59936 ], [ 93.59865, 27.61148 ], [ 93.6125, 27.62822 ], [ 93.64496, 27.64622 ], [ 93.6616, 27.64639 ], [ 93.68089, 27.66864 ], [ 93.70605, 27.66916 ], [ 93.71378, 27.67898 ], [ 93.70059, 27.70324 ], [ 93.70429, 27.72788 ], [ 93.71783, 27.74067 ], [ 93.71958, 27.75451 ], [ 93.68608, 27.75514 ], [ 93.68569, 27.76733 ], [ 93.65421, 27.79527 ], [ 93.65984, 27.81092 ], [ 93.68554, 27.83524 ], [ 93.67965, 27.86269 ], [ 93.69046, 27.8976 ], [ 93.68444, 27.91643 ], [ 93.69665, 27.93833 ], [ 93.72217, 27.93071 ], [ 93.72994, 27.90043 ], [ 93.74113, 27.89713 ], [ 93.78493, 27.91129 ], [ 93.80412, 27.93095 ], [ 93.84262, 27.93287 ] ] ] } },
{ "type": "Feature", "properties": { "District": "NAMSAI", "STATE": "ARUNACHAL PRADESH", "country": "INDIA" }, "geometry": { "type": "Polygon", "coordinates": [ [ [ 96.31168, 27.5698 ], [ 96.28898, 27.55544 ], [ 96.22483, 27.56817 ], [ 96.17001, 27.59792 ], [ 96.13277, 27.60639 ], [ 96.12579, 27.61957 ], [ 96.06153, 27.60634 ], [ 96.05345, 27.59291 ], [ 96.00191, 27.55666 ], [ 95.86093, 27.54305 ], [ 95.82344, 27.57448 ], [ 95.81434, 27.57425 ], [ 95.81774, 27.59701 ], [ 95.79253, 27.59794 ], [ 95.79028, 27.61184 ], [ 95.77847, 27.61887 ], [ 95.79578, 27.64173 ], [ 95.77043, 27.65794 ], [ 95.77514, 27.67432 ], [ 95.79046, 27.68014 ], [ 95.76759, 27.6873 ], [ 95.76536, 27.71466 ], [ 95.75237, 27.72383 ], [ 95.80478, 27.73603 ], [ 95.89758, 27.79028 ], [ 96.02322, 27.85024 ], [ 96.20792, 27.87747 ], [ 96.27336, 27.78784 ], [ 96.26086, 27.71943 ], [ 96.27003, 27.65162 ], [ 96.29204, 27.62782 ], [ 96.28549, 27.59511 ], [ 96.31168, 27.5698 ] ] ] } },
{ "type": "Feature", "properties": { "District": "PAKKE KESSANG", "STATE": "ARUNACHAL PRADESH", "country": "INDIA" }, "geometry": { "type": "Polygon", "coordinates": [ [ [ 93.32995, 27.35471 ], [ 93.28952, 27.32929 ], [ 93.29442, 27.29048 ], [ 93.22509, 27.25061 ], [ 93.23337, 27.23892 ], [ 93.22454, 27.23694 ], [ 93.21993, 27.21555 ], [ 93.22869, 27.19857 ], [ 93.27295, 27.21113 ], [ 93.30945, 27.17228 ], [ 93.2701, 27.15378 ], [ 93.24485, 27.1541 ], [ 93.21066, 27.13095 ], [ 93.21551, 27.11424 ], [ 93.25929, 27.10813 ], [ 93.29308, 27.07784 ], [ 93.31254, 27.07927 ], [ 93.34284, 27.03816 ], [ 93.33974, 27.00107 ], [ 93.36061, 26.98177 ], [ 93.38518, 26.98349 ], [ 93.38033, 26.97458 ], [ 93.38958, 26.9582 ], [ 93.26166, 26.95353 ], [ 93.10737, 26.92576 ], [ 93.08823, 26.91439 ], [ 93.06272, 26.92227 ], [ 93.02186, 26.91342 ], [ 92.91715, 26.96293 ], [ 92.91841, 26.98231 ], [ 92.88906, 26.99859 ], [ 92.83886, 27.00485 ], [ 92.79348, 27.02285 ], [ 92.76322, 27.02731 ], [ 92.72292, 27.01821 ], [ 92.67248, 27.03165 ], [ 92.64542, 26.98786 ], [ 92.63552, 27.02392 ], [ 92.59779, 27.05294 ], [ 92.59026, 27.07901 ], [ 92.60031, 27.09705 ], [ 92.59428, 27.1046 ], [ 92.60192, 27.1081 ], [ 92.60805, 27.14024 ], [ 92.61725, 27.14613 ], [ 92.76473, 27.19566 ], [ 92.78165, 27.18098 ], [ 92.80759, 27.17905 ], [ 92.82859, 27.16165 ], [ 92.83929, 27.1319 ], [ 92.85714, 27.14023 ], [ 92.89521, 27.13428 ], [ 92.95827, 27.15808 ], [ 93.0118, 27.14261 ], [ 93.06891, 27.17116 ], [ 93.08081, 27.18663 ], [ 93.07248, 27.20329 ], [ 93.00942, 27.20091 ], [ 92.98444, 27.21994 ], [ 93.00229, 27.24969 ], [ 93.16528, 27.31155 ], [ 93.19502, 27.37818 ], [ 93.29972, 27.39959 ], [ 93.32995, 27.35471 ] ] ] } },
{ "type": "Feature", "properties": { "District": "PAPUMPARE", "STATE": "ARUNACHAL PRADESH", "country": "INDIA" }, "geometry": { "type": "Polygon", "coordinates": [ [ [ 93.52619, 27.6096 ], [ 93.53348, 27.57422 ], [ 93.5528, 27.56217 ], [ 93.56727, 27.52899 ], [ 93.5854, 27.51383 ], [ 93.58536, 27.49654 ], [ 93.5705, 27.47365 ], [ 93.5881, 27.46369 ], [ 93.62343, 27.46474 ], [ 93.61185, 27.45075 ], [ 93.57295, 27.43742 ], [ 93.55111, 27.40201 ], [ 93.56311, 27.38792 ], [ 93.57515, 27.39355 ], [ 93.59665, 27.34925 ], [ 93.58382, 27.33672 ], [ 93.58861, 27.32779 ], [ 93.60943, 27.32265 ], [ 93.62241, 27.30148 ], [ 93.64766, 27.29147 ], [ 93.68608, 27.30616 ], [ 93.71773, 27.2972 ], [ 93.74241, 27.31041 ], [ 93.77555, 27.29625 ], [ 93.81838, 27.32897 ], [ 93.82946, 27.32258 ], [ 93.84721, 27.33257 ], [ 93.84906, 27.34864 ], [ 93.83005, 27.35823 ], [ 93.81504, 27.39155 ], [ 93.84033, 27.42555 ], [ 93.87266, 27.44497 ], [ 93.87474, 27.45828 ], [ 93.90356, 27.465 ], [ 93.92287, 27.49122 ], [ 93.93656, 27.48787 ], [ 93.98006, 27.50297 ], [ 94.08787, 27.49516 ], [ 94.16973, 27.54291 ], [ 94.19187, 27.54403 ], [ 94.20703, 27.53532 ], [ 94.20246, 27.49447 ], [ 94.15667, 27.47486 ], [ 94.15942, 27.46162 ], [ 94.0896, 27.40705 ], [ 94.05981, 27.36154 ], [ 93.99125, 27.32835 ], [ 93.86423, 27.19615 ], [ 93.806, 27.14876 ], [ 93.80539, 27.13713 ], [ 93.79597, 27.13765 ], [ 93.79659, 27.12914 ], [ 93.81212, 27.13113 ], [ 93.80943, 27.12334 ], [ 93.82507, 27.11642 ], [ 93.82667, 27.09697 ], [ 93.83777, 27.08537 ], [ 93.82923, 27.06681 ], [ 93.81499, 27.06146 ], [ 93.81074, 27.06747 ], [ 93.81139, 27.05894 ], [ 93.80336, 27.05806 ], [ 93.79378, 27.07234 ], [ 93.80022, 27.05785 ], [ 93.79441, 27.06192 ], [ 93.78379, 27.05145 ], [ 93.78119, 27.06552 ], [ 93.77828, 27.04894 ], [ 93.77087, 27.06204 ], [ 93.76742, 27.03944 ], [ 93.72338, 27.02081 ], [ 93.66506, 26.96851 ], [ 93.58667, 26.95047 ], [ 93.54494, 26.95123 ], [ 93.47065, 26.9366 ], [ 93.44877, 26.95078 ], [ 93.38958, 26.9582 ], [ 93.38033, 26.97458 ], [ 93.38518, 26.98349 ], [ 93.36061, 26.98177 ], [ 93.33974, 27.00107 ], [ 93.34284, 27.03816 ], [ 93.31254, 27.07927 ], [ 93.29308, 27.07784 ], [ 93.25929, 27.10813 ], [ 93.21551, 27.11424 ], [ 93.21066, 27.13095 ], [ 93.24485, 27.1541 ], [ 93.2701, 27.15378 ], [ 93.30945, 27.17228 ], [ 93.27295, 27.21113 ], [ 93.22869, 27.19857 ], [ 93.22122, 27.20354 ], [ 93.22454, 27.23694 ], [ 93.23337, 27.23892 ], [ 93.22509, 27.25061 ], [ 93.29442, 27.29048 ], [ 93.28952, 27.32929 ], [ 93.30682, 27.34434 ], [ 93.37194, 27.37129 ], [ 93.36805, 27.41643 ], [ 93.33015, 27.44373 ], [ 93.31506, 27.44318 ], [ 93.32677, 27.46268 ], [ 93.31235, 27.50383 ], [ 93.29462, 27.52302 ], [ 93.31616, 27.53377 ], [ 93.33013, 27.55448 ], [ 93.29978, 27.57836 ], [ 93.28139, 27.57818 ], [ 93.28493, 27.58721 ], [ 93.26953, 27.59517 ], [ 93.34076, 27.63324 ], [ 93.37897, 27.62077 ], [ 93.43039, 27.63051 ], [ 93.46696, 27.60467 ], [ 93.50921, 27.61525 ], [ 93.52619, 27.6096 ] ] ] } },
{ "type": "Feature", "properties": { "District": "SHI YOMI", "STATE": "ARUNACHAL PRADESH", "country": "INDIA" }, "geometry": { "type": "Polygon", "coordinates": [ [ [ 93.96771, 28.70732 ], [ 93.97295, 28.74322 ], [ 94.0103, 28.77279 ], [ 93.9867, 28.80376 ], [ 94.00724, 28.8407 ], [ 94.03663, 28.85113 ], [ 94.07467, 28.89093 ], [ 94.16446, 28.95746 ], [ 94.19159, 29.03725 ], [ 94.34276, 28.98383 ], [ 94.39566, 28.93212 ], [ 94.3785, 28.89204 ], [ 94.38267, 28.87835 ], [ 94.42371, 28.81292 ], [ 94.4362, 28.80994 ], [ 94.44275, 28.77723 ], [ 94.43412, 28.75477 ], [ 94.48455, 28.69101 ], [ 94.46752, 28.62586 ], [ 94.45038, 28.61551 ], [ 94.4572, 28.5913 ], [ 94.48101, 28.60023 ], [ 94.53621, 28.58881 ], [ 94.54193, 28.57739 ], [ 94.53812, 28.5336 ], [ 94.56096, 28.48982 ], [ 94.54288, 28.48126 ], [ 94.54485, 28.46872 ], [ 94.5004, 28.46067 ], [ 94.49683, 28.41285 ], [ 94.48544, 28.39575 ], [ 94.44615, 28.40357 ], [ 94.43473, 28.37359 ], [ 94.40163, 28.33855 ], [ 94.38614, 28.33584 ], [ 94.37088, 28.35171 ], [ 94.32966, 28.3578 ], [ 94.30858, 28.37551 ], [ 94.30176, 28.39588 ], [ 94.30852, 28.41689 ], [ 94.29283, 28.42872 ], [ 94.26756, 28.43217 ], [ 94.24181, 28.44671 ], [ 94.23164, 28.42815 ], [ 94.21924, 28.43619 ], [ 94.16264, 28.43225 ], [ 94.13918, 28.44444 ], [ 94.11487, 28.4757 ], [ 94.10564, 28.49754 ], [ 94.10881, 28.52125 ], [ 94.09689, 28.53603 ], [ 94.0807, 28.53432 ], [ 94.00143, 28.57772 ], [ 94.00616, 28.62167 ], [ 94.02337, 28.65121 ], [ 94.01561, 28.66854 ], [ 93.96771, 28.70732 ] ] ] } },
{ "type": "Feature", "properties": { "District": "SIANG", "STATE": "ARUNACHAL PRADESH", "country": "INDIA" }, "geometry": { "type": "Polygon", "coordinates": [ [ [ 94.52536, 28.81153 ], [ 94.56161, 28.81025 ], [ 94.59228, 28.79177 ], [ 94.62017, 28.79377 ], [ 94.63333, 28.78417 ], [ 94.63395, 28.76663 ], [ 94.69671, 28.72831 ], [ 94.74558, 28.68634 ], [ 94.74666, 28.58792 ], [ 94.76016, 28.55993 ], [ 94.78075, 28.55658 ], [ 94.76593, 28.54859 ], [ 94.78899, 28.55705 ], [ 94.80404, 28.57293 ], [ 94.82654, 28.57662 ], [ 94.84142, 28.57452 ], [ 94.87473, 28.54734 ], [ 94.90144, 28.56265 ], [ 94.91764, 28.56252 ], [ 94.93094, 28.57989 ], [ 94.9437, 28.5818 ], [ 94.96518, 28.5582 ], [ 94.98383, 28.56452 ], [ 95.01217, 28.55108 ], [ 95.01501, 28.52193 ], [ 95.0479, 28.52578 ], [ 95.05452, 28.53433 ], [ 95.07843, 28.52888 ], [ 95.08005, 28.50813 ], [ 95.10072, 28.49748 ], [ 95.09296, 28.47614 ], [ 95.10196, 28.45758 ], [ 95.08992, 28.44783 ], [ 95.08854, 28.43237 ], [ 95.06572, 28.41337 ], [ 95.07733, 28.39512 ], [ 95.06151, 28.35532 ], [ 95.08631, 28.33072 ], [ 95.10305, 28.32781 ], [ 95.09623, 28.27004 ], [ 95.12028, 28.22541 ], [ 95.16286, 28.21594 ], [ 95.16712, 28.18756 ], [ 95.19238, 28.16456 ], [ 95.25079, 28.15021 ], [ 95.29553, 28.12113 ], [ 95.28882, 28.09056 ], [ 95.24035, 28.04731 ], [ 95.22395, 28.04805 ], [ 95.21724, 28.05626 ], [ 95.11509, 28.02419 ], [ 95.06737, 28.02345 ], [ 94.9294, 28.05044 ], [ 94.90305, 28.07844 ], [ 94.91445, 28.09144 ], [ 94.92877, 28.09268 ], [ 94.94338, 28.12074 ], [ 94.918, 28.12705 ], [ 94.89806, 28.1478 ], [ 94.89946, 28.17803 ], [ 94.86871, 28.20845 ], [ 94.87131, 28.2168 ], [ 94.83662, 28.21928 ], [ 94.80045, 28.18597 ], [ 94.77476, 28.18692 ], [ 94.72717, 28.22213 ], [ 94.691, 28.21642 ], [ 94.66054, 28.2069 ], [ 94.64151, 28.16598 ], [ 94.61486, 28.1498 ], [ 94.6164, 28.18335 ], [ 94.60498, 28.20238 ], [ 94.6164, 28.23094 ], [ 94.61355, 28.25759 ], [ 94.59642, 28.27686 ], [ 94.58, 28.28257 ], [ 94.56144, 28.32683 ], [ 94.5286, 28.33183 ], [ 94.50647, 28.34824 ], [ 94.48934, 28.37537 ], [ 94.48544, 28.39575 ], [ 94.49683, 28.41285 ], [ 94.5004, 28.46067 ], [ 94.54485, 28.46872 ], [ 94.54288, 28.48126 ], [ 94.56096, 28.48982 ], [ 94.56001, 28.49649 ], [ 94.54383, 28.51267 ], [ 94.53812, 28.5336 ], [ 94.54193, 28.57739 ], [ 94.53621, 28.58881 ], [ 94.48101, 28.60023 ], [ 94.4572, 28.5913 ], [ 94.45038, 28.61551 ], [ 94.46752, 28.62586 ], [ 94.48455, 28.69101 ], [ 94.43412, 28.75477 ], [ 94.44275, 28.77723 ], [ 94.4362, 28.80994 ], [ 94.42371, 28.81292 ], [ 94.38267, 28.87835 ], [ 94.3785, 28.89204 ], [ 94.39566, 28.93212 ], [ 94.48, 28.85838 ], [ 94.51707, 28.83652 ], [ 94.51533, 28.82084 ], [ 94.52536, 28.81153 ] ] ] } },
{ "type": "Feature", "properties": { "District": "TAWANG", "STATE": "ARUNACHAL PRADESH", "country": "INDIA" }, "geometry": { "type": "Polygon", "coordinates": [ [ [ 92.45047, 27.81437 ], [ 92.47049, 27.78444 ], [ 92.46864, 27.76516 ], [ 92.45667, 27.75547 ], [ 92.4646, 27.75095 ], [ 92.46204, 27.74248 ], [ 92.4468, 27.73416 ], [ 92.41446, 27.74645 ], [ 92.40473, 27.72404 ], [ 92.40879, 27.70248 ], [ 92.39049, 27.6731 ], [ 92.28905, 27.65279 ], [ 92.24408, 27.66815 ], [ 92.23886, 27.65476 ], [ 92.24413, 27.63966 ], [ 92.21822, 27.61821 ], [ 92.2313, 27.60313 ], [ 92.23078, 27.57282 ], [ 92.20946, 27.5609 ], [ 92.19057, 27.57418 ], [ 92.16834, 27.5728 ], [ 92.16139, 27.5601 ], [ 92.14841, 27.55974 ], [ 92.14081, 27.54243 ], [ 92.13223, 27.54242 ], [ 92.12704, 27.52231 ], [ 92.10784, 27.5143 ], [ 92.10879, 27.50332 ], [ 92.02596, 27.46978 ], [ 92.02186, 27.4501 ], [ 92.01631, 27.48077 ], [ 91.95337, 27.46003 ], [ 91.92312, 27.47404 ], [ 91.8716, 27.4708 ], [ 91.86438, 27.48289 ], [ 91.8486, 27.48646 ], [ 91.82525, 27.46785 ], [ 91.79815, 27.47429 ], [ 91.76697, 27.46476 ], [ 91.76298, 27.47498 ], [ 91.73274, 27.46935 ], [ 91.71462, 27.47454 ], [ 91.71356, 27.49348 ], [ 91.69506, 27.50533 ], [ 91.65245, 27.48304 ], [ 91.64496, 27.502 ], [ 91.62403, 27.51415 ], [ 91.61229, 27.54369 ], [ 91.59373, 27.54206 ], [ 91.56603, 27.5839 ], [ 91.58437, 27.60822 ], [ 91.5647, 27.62576 ], [ 91.56407, 27.6414 ], [ 91.57307, 27.66069 ], [ 91.59378, 27.67005 ], [ 91.60722, 27.69081 ], [ 91.62855, 27.69943 ], [ 91.62685, 27.7158 ], [ 91.63889, 27.73581 ], [ 91.63504, 27.74689 ], [ 91.6454, 27.76338 ], [ 91.63508, 27.80294 ], [ 91.61464, 27.82185 ], [ 91.58103, 27.81199 ], [ 91.56598, 27.81861 ], [ 91.55359, 27.85136 ], [ 91.55791, 27.8563 ], [ 91.56989, 27.84801 ], [ 91.57554, 27.86429 ], [ 91.59277, 27.85413 ], [ 91.60228, 27.86407 ], [ 91.66318, 27.85295 ], [ 91.70983, 27.80797 ], [ 91.76131, 27.79996 ], [ 91.78776, 27.80776 ], [ 91.81244, 27.80483 ], [ 91.82068, 27.81596 ], [ 91.83631, 27.78518 ], [ 91.85068, 27.77616 ], [ 91.86219, 27.73969 ], [ 91.8824, 27.72724 ], [ 91.90369, 27.73223 ], [ 91.9277, 27.72259 ], [ 91.99353, 27.77118 ], [ 92.05143, 27.76393 ], [ 92.10948, 27.80947 ], [ 92.21866, 27.86951 ], [ 92.27754, 27.86909 ], [ 92.29119, 27.82491 ], [ 92.31277, 27.78849 ], [ 92.3851, 27.80063 ], [ 92.38976, 27.82143 ], [ 92.4163, 27.83055 ], [ 92.45047, 27.81437 ] ] ] } },
{ "type": "Feature", "properties": { "District": "TIRAP", "STATE": "ARUNACHAL PRADESH", "country": "INDIA" }, "geometry": { "type": "Polygon", "coordinates": [ [ [ 95.53499, 27.26168 ], [ 95.57425, 27.24396 ], [ 95.58757, 27.22294 ], [ 95.63389, 27.23038 ], [ 95.64951, 27.17455 ], [ 95.65191, 27.12733 ], [ 95.73286, 26.97285 ], [ 95.73028, 26.96658 ], [ 95.64696, 26.95419 ], [ 95.7075, 26.92981 ], [ 95.74674, 26.90118 ], [ 95.71618, 26.87846 ], [ 95.667, 26.90286 ], [ 95.64464, 26.8764 ], [ 95.63188, 26.87363 ], [ 95.62726, 26.84301 ], [ 95.60849, 26.81286 ], [ 95.57045, 26.81595 ], [ 95.55688, 26.83264 ], [ 95.54313, 26.83538 ], [ 95.52228, 26.8135 ], [ 95.5074, 26.8088 ], [ 95.50565, 26.79964 ], [ 95.49647, 26.81784 ], [ 95.50482, 26.87669 ], [ 95.44043, 26.86718 ], [ 95.40658, 26.88574 ], [ 95.37907, 26.91269 ], [ 95.36812, 26.93553 ], [ 95.37717, 27.00882 ], [ 95.36021, 27.03267 ], [ 95.38883, 27.04475 ], [ 95.38702, 27.08434 ], [ 95.37528, 27.09314 ], [ 95.38383, 27.10481 ], [ 95.42065, 27.12578 ], [ 95.45681, 27.13546 ], [ 95.46222, 27.14966 ], [ 95.45332, 27.15733 ], [ 95.46551, 27.16636 ], [ 95.45952, 27.17569 ], [ 95.4666, 27.18164 ], [ 95.45813, 27.20978 ], [ 95.47244, 27.21893 ], [ 95.48426, 27.24125 ], [ 95.50467, 27.24936 ], [ 95.50881, 27.26187 ], [ 95.53499, 27.26168 ] ] ] } },
{ "type": "Feature", "properties": { "District": "UPPER SIANG", "STATE": "ARUNACHAL PRADESH", "country": "INDIA" }, "geometry": { "type": "Polygon", "coordinates": [ [ [ 94.97982, 29.17335 ], [ 95.09505, 29.13959 ], [ 95.10638, 29.11891 ], [ 95.12118, 29.11553 ], [ 95.24172, 29.11062 ], [ 95.24202, 29.06355 ], [ 95.26007, 29.05408 ], [ 95.2714, 29.05874 ], [ 95.26883, 29.04798 ], [ 95.27788, 29.0325 ], [ 95.2436, 29.00072 ], [ 95.2618, 28.96373 ], [ 95.25596, 28.95114 ], [ 95.27281, 28.94518 ], [ 95.29971, 28.95666 ], [ 95.30704, 28.9543 ], [ 95.31249, 28.93413 ], [ 95.3241, 28.92974 ], [ 95.32804, 28.91895 ], [ 95.31825, 28.90982 ], [ 95.32594, 28.89442 ], [ 95.31616, 28.88604 ], [ 95.32781, 28.85376 ], [ 95.32412, 28.84332 ], [ 95.35535, 28.82317 ], [ 95.36259, 28.78695 ], [ 95.37718, 28.77768 ], [ 95.37403, 28.7646 ], [ 95.3893, 28.74127 ], [ 95.35083, 28.70437 ], [ 95.38184, 28.57028 ], [ 95.40087, 28.56771 ], [ 95.40958, 28.54947 ], [ 95.39259, 28.52905 ], [ 95.3926, 28.51223 ], [ 95.37682, 28.5082 ], [ 95.36599, 28.49198 ], [ 95.33658, 28.47693 ], [ 95.33874, 28.43894 ], [ 95.32004, 28.42583 ], [ 95.3379, 28.40595 ], [ 95.33793, 28.36576 ], [ 95.3685, 28.35663 ], [ 95.37419, 28.32206 ], [ 95.36339, 28.30399 ], [ 95.33339, 28.3018 ], [ 95.32018, 28.28834 ], [ 95.32846, 28.26599 ], [ 95.31289, 28.25069 ], [ 95.31466, 28.2386 ], [ 95.29149, 28.23922 ], [ 95.28266, 28.2321 ], [ 95.28993, 28.20381 ], [ 95.26112, 28.19929 ], [ 95.24637, 28.17886 ], [ 95.22904, 28.17337 ], [ 95.20693, 28.17816 ], [ 95.2011, 28.16316 ], [ 95.16712, 28.18756 ], [ 95.16286, 28.21594 ], [ 95.11967, 28.22622 ], [ 95.09398, 28.2777 ], [ 95.10305, 28.28673 ], [ 95.09616, 28.29894 ], [ 95.10524, 28.3098 ], [ 95.10305, 28.32781 ], [ 95.08631, 28.33072 ], [ 95.06151, 28.35532 ], [ 95.07733, 28.39512 ], [ 95.06572, 28.41337 ], [ 95.08854, 28.43237 ], [ 95.08992, 28.44783 ], [ 95.10196, 28.45758 ], [ 95.09296, 28.47614 ], [ 95.10072, 28.49748 ], [ 95.08005, 28.50813 ], [ 95.07843, 28.52888 ], [ 95.05452, 28.53433 ], [ 95.0479, 28.52578 ], [ 95.01501, 28.52193 ], [ 95.01217, 28.55108 ], [ 94.98383, 28.56452 ], [ 94.96518, 28.5582 ], [ 94.9437, 28.5818 ], [ 94.93094, 28.57989 ], [ 94.91764, 28.56252 ], [ 94.90144, 28.56265 ], [ 94.87473, 28.54734 ], [ 94.84142, 28.57452 ], [ 94.82654, 28.57662 ], [ 94.80404, 28.57293 ], [ 94.78899, 28.55705 ], [ 94.76593, 28.54859 ], [ 94.78075, 28.55658 ], [ 94.76016, 28.55993 ], [ 94.74666, 28.58792 ], [ 94.74558, 28.68634 ], [ 94.69671, 28.72831 ], [ 94.63395, 28.76663 ], [ 94.63333, 28.78417 ], [ 94.60785, 28.797 ], [ 94.59228, 28.79177 ], [ 94.56161, 28.81025 ], [ 94.52536, 28.81153 ], [ 94.51533, 28.82084 ], [ 94.51707, 28.83652 ], [ 94.48, 28.85838 ], [ 94.34276, 28.98383 ], [ 94.19159, 29.03725 ], [ 94.2241, 29.08783 ], [ 94.25777, 29.1086 ], [ 94.29306, 29.14492 ], [ 94.36249, 29.1526 ], [ 94.37488, 29.18495 ], [ 94.42982, 29.21962 ], [ 94.51311, 29.21282 ], [ 94.55071, 29.22075 ], [ 94.57391, 29.24965 ], [ 94.57872, 29.27457 ], [ 94.60463, 29.28905 ], [ 94.62253, 29.31428 ], [ 94.63098, 29.34124 ], [ 94.68861, 29.31795 ], [ 94.7413, 29.27474 ], [ 94.79301, 29.2153 ], [ 94.79561, 29.17343 ], [ 94.80413, 29.16241 ], [ 94.84354, 29.17426 ], [ 94.87867, 29.17503 ], [ 94.91578, 29.15207 ], [ 94.95841, 29.15639 ], [ 94.98833, 29.13748 ], [ 95.02245, 29.13394 ], [ 95.01213, 29.14695 ], [ 94.97528, 29.15654 ], [ 94.97982, 29.17335 ] ] ] } },
{ "type": "Feature", "properties": { "District": "UPPER SUBANSIRI", "STATE": "ARUNACHAL PRADESH", "country": "INDIA" }, "geometry": { "type": "Polygon", "coordinates": [ [ [ 94.40163, 28.33855 ], [ 94.40326, 28.3278 ], [ 94.37762, 28.30891 ], [ 94.37485, 28.29495 ], [ 94.39162, 28.26577 ], [ 94.41702, 28.25419 ], [ 94.38346, 28.25797 ], [ 94.36927, 28.24411 ], [ 94.36777, 28.21145 ], [ 94.3565, 28.19849 ], [ 94.37448, 28.18105 ], [ 94.37779, 28.15862 ], [ 94.39148, 28.14187 ], [ 94.38653, 28.12102 ], [ 94.39768, 28.1047 ], [ 94.39052, 28.08406 ], [ 94.40832, 28.06912 ], [ 94.46709, 28.04873 ], [ 94.48084, 28.0233 ], [ 94.51301, 28.0154 ], [ 94.53208, 27.98594 ], [ 94.52279, 27.9664 ], [ 94.53778, 27.93334 ], [ 94.55806, 27.9024 ], [ 94.59293, 27.89004 ], [ 94.59484, 27.87071 ], [ 94.57719, 27.85602 ], [ 94.4483, 27.82518 ], [ 94.44, 27.81102 ], [ 94.41804, 27.80639 ], [ 94.40235, 27.79253 ], [ 94.38492, 27.79421 ], [ 94.33254, 27.75778 ], [ 94.30537, 27.78361 ], [ 94.25751, 27.80773 ], [ 94.19345, 27.81139 ], [ 94.19189, 27.83652 ], [ 94.16015, 27.84375 ], [ 94.14911, 27.86596 ], [ 94.1286, 27.85782 ], [ 94.09649, 27.85978 ], [ 94.07418, 27.8493 ], [ 94.06015, 27.86941 ], [ 94.05615, 27.9062 ], [ 94.04768, 27.91186 ], [ 94.0682, 27.9391 ], [ 94.0493, 27.95655 ], [ 94.01187, 27.95805 ], [ 93.98875, 27.976 ], [ 93.95011, 27.98084 ], [ 93.93986, 28.00268 ], [ 93.91835, 28.00629 ], [ 93.91306, 28.03027 ], [ 93.87636, 28.05145 ], [ 93.89121, 28.10323 ], [ 93.87508, 28.11745 ], [ 93.8719, 28.15392 ], [ 93.84519, 28.17379 ], [ 93.85, 28.20954 ], [ 93.83854, 28.21911 ], [ 93.83764, 28.24473 ], [ 93.78202, 28.25636 ], [ 93.76959, 28.26523 ], [ 93.7663, 28.27867 ], [ 93.73604, 28.2861 ], [ 93.70072, 28.24131 ], [ 93.6672, 28.2248 ], [ 93.65073, 28.19739 ], [ 93.63409, 28.23145 ], [ 93.6299, 28.26251 ], [ 93.61349, 28.27269 ], [ 93.59281, 28.27113 ], [ 93.57156, 28.25588 ], [ 93.47979, 28.28139 ], [ 93.45305, 28.27186 ], [ 93.44528, 28.28315 ], [ 93.43175, 28.27992 ], [ 93.41431, 28.28836 ], [ 93.40856, 28.30674 ], [ 93.3789, 28.31146 ], [ 93.37857, 28.32342 ], [ 93.36089, 28.32976 ], [ 93.36046, 28.34361 ], [ 93.33692, 28.35331 ], [ 93.29425, 28.34032 ], [ 93.27767, 28.36648 ], [ 93.24574, 28.36081 ], [ 93.22221, 28.33417 ], [ 93.22422, 28.4055 ], [ 93.18045, 28.43488 ], [ 93.20957, 28.45192 ], [ 93.22857, 28.4742 ], [ 93.27774, 28.50131 ], [ 93.29112, 28.55356 ], [ 93.30674, 28.57925 ], [ 93.30162, 28.59895 ], [ 93.32492, 28.60918 ], [ 93.33917, 28.64325 ], [ 93.40601, 28.65128 ], [ 93.44597, 28.67472 ], [ 93.4705, 28.65265 ], [ 93.47796, 28.67565 ], [ 93.49615, 28.68597 ], [ 93.51416, 28.68172 ], [ 93.52241, 28.65907 ], [ 93.61945, 28.65339 ], [ 93.73988, 28.68455 ], [ 93.78414, 28.66336 ], [ 93.8506, 28.70704 ], [ 93.93563, 28.66611 ], [ 93.96771, 28.70732 ], [ 94.01561, 28.66854 ], [ 94.02337, 28.65121 ], [ 94.00616, 28.62167 ], [ 94.00143, 28.57772 ], [ 94.0807, 28.53432 ], [ 94.09689, 28.53603 ], [ 94.10881, 28.52125 ], [ 94.10564, 28.49754 ], [ 94.11487, 28.4757 ], [ 94.13918, 28.44444 ], [ 94.16264, 28.43225 ], [ 94.21924, 28.43619 ], [ 94.23164, 28.42815 ], [ 94.24181, 28.44671 ], [ 94.26756, 28.43217 ], [ 94.29283, 28.42872 ], [ 94.30852, 28.41689 ], [ 94.30176, 28.39588 ], [ 94.30858, 28.37551 ], [ 94.32966, 28.3578 ], [ 94.368, 28.35311 ], [ 94.38614, 28.33584 ], [ 94.40163, 28.33855 ] ] ] } },
{ "type": "Feature", "properties": { "District": "WEST KAMENG", "STATE": "ARUNACHAL PRADESH", "country": "INDIA" }, "geometry": { "type": "Polygon", "coordinates": [ [ [ 92.43588, 27.73866 ], [ 92.47306, 27.73996 ], [ 92.51212, 27.72159 ], [ 92.51203, 27.69716 ], [ 92.53639, 27.66632 ], [ 92.53084, 27.63647 ], [ 92.54107, 27.62965 ], [ 92.53914, 27.6102 ], [ 92.55103, 27.60394 ], [ 92.58732, 27.6173 ], [ 92.58836, 27.60556 ], [ 92.61278, 27.59362 ], [ 92.60986, 27.58645 ], [ 92.62217, 27.57174 ], [ 92.61912, 27.54518 ], [ 92.63883, 27.54374 ], [ 92.65022, 27.53195 ], [ 92.65377, 27.49077 ], [ 92.68497, 27.47298 ], [ 92.69242, 27.45496 ], [ 92.71432, 27.45044 ], [ 92.73638, 27.46658 ], [ 92.75439, 27.44572 ], [ 92.77397, 27.44362 ], [ 92.78581, 27.45297 ], [ 92.80374, 27.44642 ], [ 92.81078, 27.42561 ], [ 92.80511, 27.419 ], [ 92.82049, 27.41187 ], [ 92.82289, 27.3794 ], [ 92.81189, 27.37887 ], [ 92.81455, 27.35464 ], [ 92.8056, 27.35789 ], [ 92.80016, 27.35023 ], [ 92.80431, 27.32966 ], [ 92.83998, 27.30375 ], [ 92.84425, 27.29293 ], [ 92.82395, 27.28688 ], [ 92.80574, 27.29508 ], [ 92.80732, 27.27288 ], [ 92.7994, 27.26015 ], [ 92.81739, 27.25348 ], [ 92.83626, 27.23277 ], [ 92.82781, 27.22466 ], [ 92.83337, 27.21445 ], [ 92.80885, 27.20177 ], [ 92.81429, 27.17786 ], [ 92.78165, 27.18098 ], [ 92.76837, 27.19412 ], [ 92.74998, 27.19529 ], [ 92.71679, 27.17588 ], [ 92.60805, 27.14024 ], [ 92.59026, 27.07901 ], [ 92.59779, 27.05294 ], [ 92.64454, 27.00875 ], [ 92.6448, 26.98666 ], [ 92.62372, 26.97689 ], [ 92.57933, 26.95889 ], [ 92.44747, 26.95881 ], [ 92.42581, 26.94104 ], [ 92.41201, 26.94276 ], [ 92.39833, 26.92469 ], [ 92.36319, 26.93454 ], [ 92.3231, 26.92753 ], [ 92.30266, 26.92264 ], [ 92.30296, 26.90714 ], [ 92.27609, 26.902 ], [ 92.25519, 26.90961 ], [ 92.1948, 26.88996 ], [ 92.12002, 26.88898 ], [ 92.11438, 26.89358 ], [ 92.11811, 26.97437 ], [ 92.10476, 26.97991 ], [ 92.10355, 27.00398 ], [ 92.07842, 27.01736 ], [ 92.08175, 27.04082 ], [ 92.04412, 27.05136 ], [ 92.02313, 27.10955 ], [ 92.0358, 27.13491 ], [ 92.02672, 27.16828 ], [ 92.05838, 27.19031 ], [ 92.07257, 27.23311 ], [ 92.0592, 27.2518 ], [ 92.038, 27.25842 ], [ 92.06707, 27.27717 ], [ 92.10347, 27.26866 ], [ 92.11995, 27.2718 ], [ 92.12498, 27.28202 ], [ 92.06458, 27.32698 ], [ 92.04824, 27.36313 ], [ 92.05847, 27.39971 ], [ 92.04369, 27.41481 ], [ 92.04254, 27.43523 ], [ 92.02217, 27.44802 ], [ 92.0256, 27.4693 ], [ 92.10879, 27.50332 ], [ 92.10784, 27.5143 ], [ 92.12704, 27.52231 ], [ 92.13223, 27.54242 ], [ 92.14081, 27.54243 ], [ 92.14841, 27.55974 ], [ 92.16139, 27.5601 ], [ 92.16834, 27.5728 ], [ 92.19057, 27.57418 ], [ 92.20946, 27.5609 ], [ 92.23078, 27.57282 ], [ 92.2313, 27.60313 ], [ 92.21822, 27.61821 ], [ 92.24413, 27.63966 ], [ 92.23886, 27.65476 ], [ 92.24408, 27.66815 ], [ 92.28905, 27.65279 ], [ 92.38229, 27.66958 ], [ 92.39554, 27.67751 ], [ 92.40879, 27.70248 ], [ 92.40473, 27.72404 ], [ 92.41446, 27.74645 ], [ 92.43588, 27.73866 ] ] ] } },
{ "type": "Feature", "properties": { "District": "WEST SIANG", "STATE": "ARUNACHAL PRADESH", "country": "INDIA" }, "geometry": { "type": "Polygon", "coordinates": [ [ [ 94.50647, 28.34824 ], [ 94.5286, 28.33183 ], [ 94.56144, 28.32683 ], [ 94.58, 28.28257 ], [ 94.59642, 28.27686 ], [ 94.61355, 28.25759 ], [ 94.6164, 28.23094 ], [ 94.60498, 28.20238 ], [ 94.6164, 28.18335 ], [ 94.61486, 28.1498 ], [ 94.64151, 28.16598 ], [ 94.66054, 28.2069 ], [ 94.691, 28.21642 ], [ 94.72717, 28.22213 ], [ 94.77476, 28.18692 ], [ 94.80045, 28.18597 ], [ 94.83662, 28.21928 ], [ 94.87131, 28.2168 ], [ 94.86871, 28.20845 ], [ 94.89946, 28.17803 ], [ 94.89806, 28.1478 ], [ 94.918, 28.12705 ], [ 94.94338, 28.12074 ], [ 94.92877, 28.09268 ], [ 94.91445, 28.09144 ], [ 94.90305, 28.07844 ], [ 94.93018, 28.04937 ], [ 94.90566, 28.02884 ], [ 94.90648, 28.01635 ], [ 94.81973, 27.98592 ], [ 94.79094, 27.98711 ], [ 94.75239, 28.01138 ], [ 94.69956, 28.01924 ], [ 94.66887, 28.04137 ], [ 94.64032, 28.04351 ], [ 94.6032, 28.06207 ], [ 94.5932, 28.05279 ], [ 94.5675, 28.04922 ], [ 94.50611, 28.05564 ], [ 94.48424, 28.02172 ], [ 94.46709, 28.04873 ], [ 94.40832, 28.06912 ], [ 94.39184, 28.08268 ], [ 94.39768, 28.1047 ], [ 94.38653, 28.12102 ], [ 94.39148, 28.14187 ], [ 94.37779, 28.15862 ], [ 94.37448, 28.18105 ], [ 94.3565, 28.19849 ], [ 94.36777, 28.21145 ], [ 94.36927, 28.24411 ], [ 94.38346, 28.25797 ], [ 94.41702, 28.25419 ], [ 94.39162, 28.26577 ], [ 94.37485, 28.29495 ], [ 94.37762, 28.30891 ], [ 94.40326, 28.3278 ], [ 94.40163, 28.33855 ], [ 94.43473, 28.37359 ], [ 94.44615, 28.40357 ], [ 94.48544, 28.39575 ], [ 94.50647, 28.34824 ] ] ] } },
{ "type": "Feature", "properties": { "District": "BAKSA", "STATE": "ASSAM", "country": "INDIA" }, "geometry": { "type": "MultiPolygon", "coordinates": [ [ [ [ 90.93771, 26.53883 ], [ 90.94737, 26.53908 ], [ 90.95706, 26.53051 ], [ 90.95494, 26.51647 ], [ 90.96504, 26.51547 ], [ 90.91773, 26.51446 ], [ 90.91537, 26.52749 ], [ 90.93636, 26.52654 ], [ 90.93009, 26.53799 ], [ 90.93609, 26.54573 ], [ 90.94114, 26.54649 ], [ 90.93771, 26.53883 ] ] ], [ [ [ 91.44836, 26.81077 ], [ 91.49511, 26.79121 ], [ 91.59242, 26.80519 ], [ 91.62552, 26.82087 ], [ 91.6898, 26.80645 ], [ 91.70429, 26.8128 ], [ 91.71691, 26.75586 ], [ 91.73505, 26.72725 ], [ 91.73308, 26.71493 ], [ 91.7425, 26.70077 ], [ 91.73769, 26.69339 ], [ 91.74546, 26.688 ], [ 91.73311, 26.66172 ], [ 91.73968, 26.64815 ], [ 91.7488, 26.64663 ], [ 91.73897, 26.63811 ], [ 91.75026, 26.63624 ], [ 91.73307, 26.63025 ], [ 91.74637, 26.62692 ], [ 91.73738, 26.60419 ], [ 91.75157, 26.60499 ], [ 91.74322, 26.59319 ], [ 91.75038, 26.58695 ], [ 91.76256, 26.59369 ], [ 91.7491, 26.58056 ], [ 91.76649, 26.5734 ], [ 91.76406, 26.56577 ], [ 91.78013, 26.54955 ], [ 91.78534, 26.53565 ], [ 91.77551, 26.52875 ], [ 91.78421, 26.52748 ], [ 91.77576, 26.52282 ], [ 91.78525, 26.51898 ], [ 91.77775, 26.51284 ], [ 91.78725, 26.49804 ], [ 91.7807, 26.4964 ], [ 91.80161, 26.48987 ], [ 91.79976, 26.47712 ], [ 91.75221, 26.48162 ], [ 91.75421, 26.49447 ], [ 91.72483, 26.50308 ], [ 91.7201, 26.47699 ], [ 91.7098, 26.47895 ], [ 91.67667, 26.44846 ], [ 91.62504, 26.44724 ], [ 91.63209, 26.4511 ], [ 91.62902, 26.46096 ], [ 91.62428, 26.45681 ], [ 91.62922, 26.46488 ], [ 91.61797, 26.46877 ], [ 91.62655, 26.47089 ], [ 91.62819, 26.48087 ], [ 91.62039, 26.47967 ], [ 91.62852, 26.49347 ], [ 91.61623, 26.48569 ], [ 91.61864, 26.4939 ], [ 91.61182, 26.49491 ], [ 91.61956, 26.51278 ], [ 91.58955, 26.51451 ], [ 91.58867, 26.52678 ], [ 91.57806, 26.52895 ], [ 91.57404, 26.55539 ], [ 91.58475, 26.5559 ], [ 91.57735, 26.5723 ], [ 91.52826, 26.55873 ], [ 91.52503, 26.54473 ], [ 91.50635, 26.53245 ], [ 91.4943, 26.53386 ], [ 91.49125, 26.56114 ], [ 91.47579, 26.57094 ], [ 91.4676, 26.56261 ], [ 91.43429, 26.56343 ], [ 91.42883, 26.54934 ], [ 91.45978, 26.54271 ], [ 91.35265, 26.524 ], [ 91.35456, 26.51111 ], [ 91.36323, 26.51129 ], [ 91.36142, 26.50096 ], [ 91.34919, 26.5099 ], [ 91.32793, 26.49046 ], [ 91.29675, 26.48495 ], [ 91.30229, 26.50009 ], [ 91.28414, 26.50264 ], [ 91.28938, 26.51538 ], [ 91.31143, 26.51692 ], [ 91.29678, 26.54626 ], [ 91.26623, 26.53499 ], [ 91.26368, 26.52157 ], [ 91.24383, 26.52388 ], [ 91.24787, 26.53843 ], [ 91.28999, 26.56439 ], [ 91.25837, 26.5706 ], [ 91.26904, 26.58441 ], [ 91.25171, 26.58698 ], [ 91.25074, 26.57832 ], [ 91.23743, 26.57726 ], [ 91.23338, 26.60756 ], [ 91.24745, 26.60782 ], [ 91.24848, 26.61943 ], [ 91.23021, 26.6147 ], [ 91.23014, 26.62358 ], [ 91.19772, 26.62301 ], [ 91.19851, 26.60392 ], [ 91.18438, 26.60442 ], [ 91.1867, 26.622 ], [ 91.17651, 26.62287 ], [ 91.18629, 26.62775 ], [ 91.16843, 26.62763 ], [ 91.15131, 26.6389 ], [ 91.15762, 26.65151 ], [ 91.145, 26.66311 ], [ 91.13942, 26.65059 ], [ 91.12745, 26.65012 ], [ 91.12732, 26.65881 ], [ 91.09731, 26.66539 ], [ 91.09521, 26.65233 ], [ 91.11269, 26.65147 ], [ 91.11254, 26.63762 ], [ 91.09498, 26.63918 ], [ 91.09777, 26.62899 ], [ 91.11628, 26.63212 ], [ 91.12276, 26.6118 ], [ 91.14052, 26.61159 ], [ 91.14226, 26.60092 ], [ 91.13103, 26.59762 ], [ 91.12631, 26.60469 ], [ 91.12557, 26.59356 ], [ 91.11328, 26.58396 ], [ 91.12175, 26.58268 ], [ 91.11824, 26.57276 ], [ 91.10462, 26.56752 ], [ 91.10981, 26.56119 ], [ 91.08073, 26.55627 ], [ 91.08152, 26.53346 ], [ 91.07329, 26.53348 ], [ 91.07187, 26.51623 ], [ 91.05896, 26.51615 ], [ 91.05199, 26.52941 ], [ 91.00531, 26.53158 ], [ 90.99095, 26.52399 ], [ 90.99797, 26.51472 ], [ 90.99651, 26.46996 ], [ 91.00535, 26.44875 ], [ 91.01419, 26.44569 ], [ 91.00977, 26.43506 ], [ 90.99687, 26.43527 ], [ 91.00354, 26.42201 ], [ 90.98197, 26.41621 ], [ 90.98243, 26.43091 ], [ 90.96979, 26.4288 ], [ 90.97541, 26.44023 ], [ 90.96108, 26.44433 ], [ 90.96207, 26.45779 ], [ 90.97292, 26.46116 ], [ 90.95204, 26.45712 ], [ 90.94548, 26.46176 ], [ 90.9551, 26.46394 ], [ 90.95297, 26.47097 ], [ 90.93612, 26.47118 ], [ 90.93293, 26.47776 ], [ 90.97687, 26.49958 ], [ 90.97668, 26.53979 ], [ 90.98571, 26.55444 ], [ 90.98521, 26.57547 ], [ 90.99597, 26.57139 ], [ 90.99485, 26.60085 ], [ 90.98903, 26.59057 ], [ 90.96792, 26.59039 ], [ 90.96333, 26.59857 ], [ 90.96345, 26.58318 ], [ 90.9349, 26.58414 ], [ 90.93285, 26.55516 ], [ 90.92114, 26.55957 ], [ 90.92569, 26.57567 ], [ 90.91287, 26.57861 ], [ 90.89124, 26.55206 ], [ 90.8773, 26.55809 ], [ 90.86994, 26.57976 ], [ 90.90094, 26.59924 ], [ 90.89439, 26.62735 ], [ 90.90252, 26.65363 ], [ 90.89504, 26.66443 ], [ 90.89885, 26.68884 ], [ 90.91621, 26.71196 ], [ 90.91423, 26.72792 ], [ 90.9402, 26.77123 ], [ 90.95928, 26.78448 ], [ 90.99187, 26.79064 ], [ 91.05406, 26.78099 ], [ 91.09756, 26.82199 ], [ 91.14585, 26.81087 ], [ 91.23689, 26.812 ], [ 91.29663, 26.78697 ], [ 91.33725, 26.78086 ], [ 91.37601, 26.79523 ], [ 91.40765, 26.8396 ], [ 91.44836, 26.81077 ] ] ] ] } },
{ "type": "Feature", "properties": { "District": "BARPETA", "STATE": "ASSAM", "country": "INDIA" }, "geometry": { "type": "Polygon", "coordinates": [ [ [ 91.15773, 26.65086 ], [ 91.15032, 26.642 ], [ 91.1609, 26.63856 ], [ 91.16175, 26.63015 ], [ 91.18629, 26.62775 ], [ 91.17651, 26.62287 ], [ 91.1867, 26.622 ], [ 91.18331, 26.60509 ], [ 91.19851, 26.60392 ], [ 91.19772, 26.62301 ], [ 91.23014, 26.62358 ], [ 91.23021, 26.6147 ], [ 91.24848, 26.61943 ], [ 91.24745, 26.60782 ], [ 91.23338, 26.60756 ], [ 91.23743, 26.57726 ], [ 91.25074, 26.57832 ], [ 91.25171, 26.58698 ], [ 91.26904, 26.58441 ], [ 91.25837, 26.5706 ], [ 91.28915, 26.5677 ], [ 91.28999, 26.56439 ], [ 91.24787, 26.53843 ], [ 91.24776, 26.51078 ], [ 91.26007, 26.50579 ], [ 91.26583, 26.49105 ], [ 91.238, 26.45793 ], [ 91.23027, 26.43687 ], [ 91.24186, 26.40431 ], [ 91.23354, 26.39956 ], [ 91.24196, 26.38823 ], [ 91.23641, 26.37697 ], [ 91.24431, 26.38097 ], [ 91.24846, 26.36707 ], [ 91.26528, 26.36079 ], [ 91.26492, 26.37089 ], [ 91.27833, 26.37756 ], [ 91.28255, 26.37517 ], [ 91.2709, 26.36461 ], [ 91.27981, 26.35571 ], [ 91.27729, 26.34096 ], [ 91.26707, 26.34058 ], [ 91.26983, 26.32902 ], [ 91.25582, 26.31486 ], [ 91.26136, 26.30423 ], [ 91.25011, 26.30191 ], [ 91.26104, 26.28934 ], [ 91.2404, 26.27945 ], [ 91.2269, 26.28255 ], [ 91.21583, 26.26733 ], [ 91.21851, 26.26018 ], [ 91.24083, 26.26114 ], [ 91.23183, 26.2457 ], [ 91.21541, 26.23886 ], [ 91.21662, 26.21854 ], [ 91.24826, 26.20136 ], [ 91.2373, 26.18028 ], [ 91.17829, 26.17502 ], [ 91.11696, 26.15468 ], [ 91.09008, 26.16439 ], [ 91.02969, 26.11918 ], [ 90.9981, 26.12874 ], [ 91.00931, 26.11559 ], [ 90.99701, 26.1201 ], [ 90.95341, 26.09598 ], [ 90.94022, 26.09299 ], [ 90.93345, 26.10136 ], [ 90.91675, 26.08976 ], [ 90.87152, 26.09562 ], [ 90.85932, 26.11273 ], [ 90.8395, 26.10916 ], [ 90.76878, 26.13399 ], [ 90.71442, 26.13012 ], [ 90.6769, 26.18112 ], [ 90.65496, 26.24048 ], [ 90.68378, 26.25774 ], [ 90.7028, 26.25591 ], [ 90.71762, 26.2637 ], [ 90.73326, 26.25777 ], [ 90.7311, 26.26834 ], [ 90.71982, 26.26889 ], [ 90.72979, 26.29301 ], [ 90.75903, 26.31219 ], [ 90.78086, 26.30234 ], [ 90.80336, 26.30594 ], [ 90.80371, 26.31748 ], [ 90.78943, 26.3294 ], [ 90.81787, 26.36686 ], [ 90.8409, 26.35771 ], [ 90.8589, 26.36167 ], [ 90.86126, 26.3688 ], [ 90.84474, 26.40174 ], [ 90.86159, 26.43107 ], [ 90.85563, 26.43905 ], [ 90.81277, 26.42819 ], [ 90.79756, 26.43282 ], [ 90.82762, 26.44875 ], [ 90.81842, 26.47569 ], [ 90.80381, 26.47787 ], [ 90.80487, 26.49674 ], [ 90.81104, 26.50051 ], [ 90.82268, 26.49052 ], [ 90.82728, 26.50204 ], [ 90.84206, 26.4996 ], [ 90.85509, 26.53317 ], [ 90.83185, 26.53921 ], [ 90.81808, 26.56909 ], [ 90.82565, 26.576 ], [ 90.8465, 26.57198 ], [ 90.85643, 26.59878 ], [ 90.86801, 26.59978 ], [ 90.87572, 26.61734 ], [ 90.89439, 26.62735 ], [ 90.9007, 26.59868 ], [ 90.88429, 26.59393 ], [ 90.86949, 26.57799 ], [ 90.87776, 26.55744 ], [ 90.89124, 26.55206 ], [ 90.91163, 26.57867 ], [ 90.92569, 26.57567 ], [ 90.92114, 26.55957 ], [ 90.93172, 26.55482 ], [ 90.9349, 26.58414 ], [ 90.96345, 26.58318 ], [ 90.96333, 26.59857 ], [ 90.96792, 26.59039 ], [ 90.98903, 26.59057 ], [ 90.99485, 26.60085 ], [ 90.99597, 26.57139 ], [ 90.98521, 26.57547 ], [ 90.98571, 26.55444 ], [ 90.97668, 26.53979 ], [ 90.97687, 26.49958 ], [ 90.93293, 26.47776 ], [ 90.93612, 26.47118 ], [ 90.95297, 26.47097 ], [ 90.9551, 26.46394 ], [ 90.94548, 26.46176 ], [ 90.95204, 26.45712 ], [ 90.97292, 26.46116 ], [ 90.96207, 26.45779 ], [ 90.96223, 26.43975 ], [ 90.97541, 26.44023 ], [ 90.96979, 26.4288 ], [ 90.98243, 26.43091 ], [ 90.98164, 26.41631 ], [ 90.98997, 26.41719 ], [ 91.00354, 26.42201 ], [ 90.99687, 26.43527 ], [ 91.00977, 26.43506 ], [ 91.01421, 26.44635 ], [ 91.00535, 26.44875 ], [ 90.99651, 26.46996 ], [ 90.99797, 26.51472 ], [ 90.99095, 26.52399 ], [ 91.00531, 26.53158 ], [ 91.05199, 26.52941 ], [ 91.05896, 26.51615 ], [ 91.07187, 26.51623 ], [ 91.07329, 26.53348 ], [ 91.08152, 26.53346 ], [ 91.08073, 26.55627 ], [ 91.10981, 26.56119 ], [ 91.10462, 26.56752 ], [ 91.11824, 26.57276 ], [ 91.12175, 26.58268 ], [ 91.11328, 26.58396 ], [ 91.12557, 26.59356 ], [ 91.12631, 26.60469 ], [ 91.13103, 26.59762 ], [ 91.1431, 26.60387 ], [ 91.14052, 26.61159 ], [ 91.12276, 26.6118 ], [ 91.11628, 26.63212 ], [ 91.09777, 26.62899 ], [ 91.09498, 26.63918 ], [ 91.11254, 26.63762 ], [ 91.11269, 26.65147 ], [ 91.09521, 26.65233 ], [ 91.09731, 26.66539 ], [ 91.12732, 26.65881 ], [ 91.12745, 26.65012 ], [ 91.13942, 26.65059 ], [ 91.145, 26.66311 ], [ 91.15773, 26.65086 ] ], [ [ 90.91773, 26.51446 ], [ 90.96504, 26.51547 ], [ 90.95494, 26.51647 ], [ 90.95706, 26.53051 ], [ 90.94737, 26.53908 ], [ 90.93624, 26.54014 ], [ 90.94114, 26.54649 ], [ 90.93009, 26.53799 ], [ 90.93636, 26.52654 ], [ 90.91467, 26.52461 ], [ 90.91773, 26.51446 ] ] ] } },
{ "type": "Feature", "properties": { "District": "BISWANATH", "STATE": "ASSAM", "country": "INDIA" }, "geometry": { "type": "Polygon", "coordinates": [ [ [ 93.69825, 26.99369 ], [ 93.74415, 26.95789 ], [ 93.74903, 26.91406 ], [ 93.73927, 26.90939 ], [ 93.73952, 26.89862 ], [ 93.78042, 26.88598 ], [ 93.78949, 26.86097 ], [ 93.76321, 26.83994 ], [ 93.75095, 26.80367 ], [ 93.71237, 26.81611 ], [ 93.68934, 26.7976 ], [ 93.67032, 26.801 ], [ 93.64868, 26.78815 ], [ 93.64917, 26.75765 ], [ 93.67051, 26.71208 ], [ 93.65092, 26.70621 ], [ 93.57486, 26.71932 ], [ 93.5598, 26.72529 ], [ 93.56124, 26.73286 ], [ 93.53767, 26.75055 ], [ 93.53009, 26.74672 ], [ 93.50411, 26.75708 ], [ 93.37207, 26.74586 ], [ 93.34517, 26.7317 ], [ 93.3309, 26.70883 ], [ 93.27386, 26.68532 ], [ 93.24168, 26.68386 ], [ 93.22655, 26.66057 ], [ 93.21979, 26.63105 ], [ 93.10175, 26.57679 ], [ 93.07112, 26.59792 ], [ 93.00017, 26.60193 ], [ 92.99308, 26.61369 ], [ 92.97404, 26.61826 ], [ 92.97068, 26.64596 ], [ 92.94888, 26.65045 ], [ 92.96968, 26.65538 ], [ 92.96025, 26.69389 ], [ 92.98292, 26.71298 ], [ 92.98003, 26.73987 ], [ 92.96895, 26.73792 ], [ 92.96615, 26.74475 ], [ 92.97814, 26.75465 ], [ 92.97494, 26.76225 ], [ 92.96619, 26.76147 ], [ 92.97302, 26.76934 ], [ 92.97277, 26.79171 ], [ 92.94281, 26.80598 ], [ 92.94699, 26.82078 ], [ 92.93922, 26.82234 ], [ 92.95148, 26.82756 ], [ 92.94603, 26.84977 ], [ 92.95701, 26.85624 ], [ 92.95927, 26.87706 ], [ 92.9035, 26.87876 ], [ 92.93966, 26.89377 ], [ 92.98286, 26.93552 ], [ 93.02186, 26.91342 ], [ 93.06272, 26.92227 ], [ 93.08823, 26.91439 ], [ 93.10737, 26.92576 ], [ 93.3241, 26.96008 ], [ 93.44877, 26.95078 ], [ 93.46249, 26.93788 ], [ 93.48626, 26.94228 ], [ 93.4891, 26.93618 ], [ 93.52477, 26.94853 ], [ 93.58667, 26.95047 ], [ 93.66012, 26.96696 ], [ 93.69825, 26.99369 ] ] ] } },
{ "type": "Feature", "properties": { "District": "BONGAIGAON", "STATE": "ASSAM", "country": "INDIA" }, "geometry": { "type": "Polygon", "coordinates": [ [ [ 90.85092, 26.5186 ], [ 90.84206, 26.4996 ], [ 90.82728, 26.50204 ], [ 90.8237, 26.49068 ], [ 90.81104, 26.50051 ], [ 90.80487, 26.49674 ], [ 90.80381, 26.47787 ], [ 90.81842, 26.47569 ], [ 90.82762, 26.44875 ], [ 90.81632, 26.4378 ], [ 90.79702, 26.43563 ], [ 90.81277, 26.42819 ], [ 90.85563, 26.43905 ], [ 90.86159, 26.43107 ], [ 90.84474, 26.40174 ], [ 90.86113, 26.37727 ], [ 90.85966, 26.36271 ], [ 90.8409, 26.35771 ], [ 90.81787, 26.36686 ], [ 90.78943, 26.3294 ], [ 90.80371, 26.31748 ], [ 90.80424, 26.30706 ], [ 90.78232, 26.30218 ], [ 90.75148, 26.30963 ], [ 90.72032, 26.28248 ], [ 90.71999, 26.26846 ], [ 90.7311, 26.26834 ], [ 90.73326, 26.25777 ], [ 90.7173, 26.26367 ], [ 90.6604, 26.24675 ], [ 90.65329, 26.23736 ], [ 90.67063, 26.20163 ], [ 90.65413, 26.2113 ], [ 90.62237, 26.20203 ], [ 90.60015, 26.21516 ], [ 90.57728, 26.2035 ], [ 90.51681, 26.19837 ], [ 90.44851, 26.15853 ], [ 90.40465, 26.15061 ], [ 90.40144, 26.15924 ], [ 90.38454, 26.15828 ], [ 90.39294, 26.20293 ], [ 90.38187, 26.20084 ], [ 90.37918, 26.22251 ], [ 90.40137, 26.2225 ], [ 90.42136, 26.24057 ], [ 90.4392, 26.24371 ], [ 90.42993, 26.25684 ], [ 90.4337, 26.26202 ], [ 90.45028, 26.25078 ], [ 90.44482, 26.26747 ], [ 90.47315, 26.27074 ], [ 90.4586, 26.27221 ], [ 90.45519, 26.2852 ], [ 90.46595, 26.27619 ], [ 90.47071, 26.27941 ], [ 90.46386, 26.28975 ], [ 90.47587, 26.288 ], [ 90.48354, 26.29604 ], [ 90.4658, 26.32525 ], [ 90.4741, 26.33259 ], [ 90.46237, 26.32825 ], [ 90.4539, 26.3409 ], [ 90.45704, 26.35745 ], [ 90.44516, 26.34593 ], [ 90.44411, 26.3604 ], [ 90.43628, 26.35914 ], [ 90.43958, 26.34349 ], [ 90.43238, 26.34482 ], [ 90.42489, 26.363 ], [ 90.43725, 26.36485 ], [ 90.42638, 26.36741 ], [ 90.43253, 26.38088 ], [ 90.41919, 26.38288 ], [ 90.42788, 26.38313 ], [ 90.42572, 26.39606 ], [ 90.4164, 26.3907 ], [ 90.4169, 26.40774 ], [ 90.40354, 26.40668 ], [ 90.41527, 26.43067 ], [ 90.40489, 26.42769 ], [ 90.40699, 26.43776 ], [ 90.39773, 26.43453 ], [ 90.39878, 26.4416 ], [ 90.4194, 26.44872 ], [ 90.41725, 26.43663 ], [ 90.43122, 26.43472 ], [ 90.42557, 26.41665 ], [ 90.43301, 26.41311 ], [ 90.44524, 26.41784 ], [ 90.44006, 26.42405 ], [ 90.44685, 26.42669 ], [ 90.44406, 26.43983 ], [ 90.43424, 26.44202 ], [ 90.43717, 26.46106 ], [ 90.45977, 26.453 ], [ 90.46317, 26.46468 ], [ 90.47707, 26.46262 ], [ 90.47653, 26.45463 ], [ 90.46144, 26.45072 ], [ 90.4562, 26.43267 ], [ 90.46318, 26.43094 ], [ 90.46003, 26.41072 ], [ 90.47172, 26.40609 ], [ 90.46795, 26.39883 ], [ 90.47659, 26.3856 ], [ 90.48087, 26.42059 ], [ 90.4928, 26.41929 ], [ 90.49691, 26.43008 ], [ 90.50411, 26.42626 ], [ 90.50974, 26.4489 ], [ 90.49819, 26.45947 ], [ 90.51009, 26.50051 ], [ 90.51958, 26.50924 ], [ 90.58989, 26.48984 ], [ 90.60182, 26.4914 ], [ 90.6043, 26.49815 ], [ 90.58889, 26.5116 ], [ 90.60111, 26.51635 ], [ 90.62355, 26.50777 ], [ 90.62078, 26.49359 ], [ 90.68228, 26.49907 ], [ 90.67819, 26.48943 ], [ 90.68562, 26.4818 ], [ 90.71698, 26.47921 ], [ 90.7101, 26.4516 ], [ 90.73568, 26.44185 ], [ 90.74473, 26.46562 ], [ 90.73101, 26.47183 ], [ 90.73102, 26.4829 ], [ 90.76629, 26.48554 ], [ 90.77741, 26.50484 ], [ 90.75747, 26.51469 ], [ 90.77463, 26.53053 ], [ 90.78701, 26.52759 ], [ 90.78753, 26.51756 ], [ 90.83717, 26.52353 ], [ 90.84319, 26.53212 ], [ 90.85092, 26.5186 ] ] ] } },
{ "type": "Feature", "properties": { "District": "CACHAR", "STATE": "ASSAM", "country": "INDIA" }, "geometry": { "type": "Polygon", "coordinates": [ [ [ 93.23194, 24.97615 ], [ 93.26092, 24.97146 ], [ 93.26301, 24.96134 ], [ 93.24536, 24.95081 ], [ 93.25127, 24.94064 ], [ 93.23681, 24.93716 ], [ 93.2451, 24.93539 ], [ 93.23849, 24.92568 ], [ 93.24597, 24.92525 ], [ 93.24884, 24.91485 ], [ 93.2352, 24.91141 ], [ 93.2408, 24.90336 ], [ 93.22602, 24.89193 ], [ 93.23279, 24.88466 ], [ 93.22151, 24.88152 ], [ 93.22644, 24.87283 ], [ 93.20407, 24.85105 ], [ 93.19955, 24.85515 ], [ 93.19483, 24.85385 ], [ 93.20155, 24.84206 ], [ 93.19203, 24.84179 ], [ 93.20061, 24.83876 ], [ 93.19161, 24.8344 ], [ 93.19006, 24.81864 ], [ 93.19697, 24.81157 ], [ 93.19153, 24.8044 ], [ 93.17995, 24.80307 ], [ 93.17572, 24.79373 ], [ 93.16952, 24.80138 ], [ 93.14946, 24.78737 ], [ 93.13857, 24.80999 ], [ 93.11886, 24.80766 ], [ 93.12137, 24.81922 ], [ 93.10943, 24.81148 ], [ 93.09825, 24.75437 ], [ 93.09988, 24.74317 ], [ 93.10776, 24.74144 ], [ 93.09065, 24.72508 ], [ 93.08662, 24.70953 ], [ 93.07355, 24.70781 ], [ 93.09126, 24.68803 ], [ 93.09011, 24.67717 ], [ 93.10191, 24.6807 ], [ 93.10415, 24.67416 ], [ 93.09537, 24.65283 ], [ 93.08319, 24.64981 ], [ 93.08728, 24.62967 ], [ 93.07568, 24.62454 ], [ 93.08421, 24.6136 ], [ 93.07115, 24.60064 ], [ 93.10436, 24.58238 ], [ 93.0844, 24.57113 ], [ 93.05818, 24.57384 ], [ 93.07081, 24.55805 ], [ 93.06462, 24.54679 ], [ 93.05701, 24.55441 ], [ 93.04999, 24.54421 ], [ 93.05013, 24.51943 ], [ 93.03874, 24.51287 ], [ 93.04277, 24.50479 ], [ 93.03256, 24.4953 ], [ 93.04637, 24.47357 ], [ 93.04556, 24.46328 ], [ 93.03572, 24.45976 ], [ 93.03292, 24.42875 ], [ 93.04164, 24.41301 ], [ 93.02344, 24.40675 ], [ 93.01195, 24.41672 ], [ 92.99429, 24.39894 ], [ 92.97366, 24.4083 ], [ 92.95928, 24.3919 ], [ 92.95117, 24.40299 ], [ 92.9312, 24.39301 ], [ 92.90934, 24.41291 ], [ 92.90288, 24.39107 ], [ 92.88369, 24.40241 ], [ 92.87334, 24.39486 ], [ 92.86094, 24.3985 ], [ 92.84336, 24.37787 ], [ 92.8296, 24.37359 ], [ 92.82314, 24.38647 ], [ 92.82995, 24.40029 ], [ 92.79937, 24.41913 ], [ 92.80127, 24.42965 ], [ 92.76384, 24.52098 ], [ 92.75732, 24.52234 ], [ 92.7802, 24.56906 ], [ 92.76438, 24.56705 ], [ 92.75273, 24.58393 ], [ 92.73535, 24.59038 ], [ 92.71737, 24.56189 ], [ 92.66796, 24.59117 ], [ 92.66646, 24.60975 ], [ 92.69678, 24.61534 ], [ 92.68724, 24.62548 ], [ 92.66553, 24.62766 ], [ 92.66515, 24.67362 ], [ 92.65648, 24.6735 ], [ 92.65031, 24.6846 ], [ 92.65713, 24.70063 ], [ 92.65585, 24.75361 ], [ 92.6838, 24.81459 ], [ 92.64598, 24.81528 ], [ 92.633, 24.83128 ], [ 92.63676, 24.83986 ], [ 92.62933, 24.85498 ], [ 92.64629, 24.85287 ], [ 92.61263, 24.86083 ], [ 92.59732, 24.87914 ], [ 92.55631, 24.87742 ], [ 92.52609, 24.86111 ], [ 92.5151, 24.87956 ], [ 92.49061, 24.87376 ], [ 92.49684, 24.90202 ], [ 92.484, 24.92846 ], [ 92.48762, 24.94677 ], [ 92.44927, 24.93876 ], [ 92.44974, 24.94999 ], [ 92.46817, 24.96303 ], [ 92.45763, 24.9706 ], [ 92.42033, 24.96595 ], [ 92.42208, 24.98849 ], [ 92.41635, 24.98992 ], [ 92.42528, 25.02956 ], [ 92.43819, 25.03465 ], [ 92.43828, 25.04387 ], [ 92.46429, 25.03744 ], [ 92.45698, 25.05407 ], [ 92.47203, 25.06725 ], [ 92.48097, 25.10858 ], [ 92.53807, 25.09861 ], [ 92.59844, 25.11078 ], [ 92.61953, 25.10241 ], [ 92.64297, 25.11784 ], [ 92.6651, 25.10914 ], [ 92.72255, 25.11272 ], [ 92.73491, 25.12599 ], [ 92.72991, 25.14335 ], [ 92.75398, 25.13818 ], [ 92.7671, 25.11563 ], [ 92.7648, 25.1032 ], [ 92.77798, 25.08835 ], [ 92.81264, 25.08142 ], [ 92.82855, 25.0708 ], [ 92.82722, 25.05854 ], [ 92.83583, 25.05271 ], [ 92.89751, 25.07934 ], [ 92.93016, 25.07906 ], [ 92.95184, 25.06917 ], [ 92.95906, 25.09015 ], [ 92.97748, 25.0857 ], [ 92.98418, 25.09377 ], [ 93.03718, 25.10473 ], [ 93.0471, 25.09931 ], [ 93.04312, 25.08857 ], [ 93.02111, 25.0756 ], [ 93.0143, 25.06189 ], [ 93.03679, 25.03669 ], [ 93.05318, 25.03076 ], [ 93.06196, 25.0024 ], [ 93.17978, 25.00073 ], [ 93.20293, 24.98175 ], [ 93.22736, 24.98734 ], [ 93.23194, 24.97615 ] ] ] } },
{ "type": "Feature", "properties": { "District": "CHARAIDEO", "STATE": "ASSAM", "country": "INDIA" }, "geometry": { "type": "Polygon", "coordinates": [ [ [ 95.28722, 27.19736 ], [ 95.30312, 27.19526 ], [ 95.31395, 27.18373 ], [ 95.3252, 27.18819 ], [ 95.34403, 27.18211 ], [ 95.35922, 27.16507 ], [ 95.36717, 27.13737 ], [ 95.36143, 27.1277 ], [ 95.37199, 27.11273 ], [ 95.29183, 27.06649 ], [ 95.27632, 27.05219 ], [ 95.27713, 27.04238 ], [ 95.25899, 27.03027 ], [ 95.24644, 27.02381 ], [ 95.23177, 27.04281 ], [ 95.23032, 27.0357 ], [ 95.21069, 27.02854 ], [ 95.20466, 27.03771 ], [ 95.19306, 27.03593 ], [ 95.15018, 26.99924 ], [ 95.11196, 26.98066 ], [ 95.10608, 26.96549 ], [ 95.08806, 26.95318 ], [ 95.03413, 26.9356 ], [ 95.01676, 26.92106 ], [ 94.99129, 26.92081 ], [ 94.9898, 26.9141 ], [ 94.96777, 26.92295 ], [ 94.9555, 26.9401 ], [ 94.93085, 26.93256 ], [ 94.92396, 26.94877 ], [ 94.9418, 26.95958 ], [ 94.93954, 26.98067 ], [ 94.93228, 26.98366 ], [ 94.84802, 26.92936 ], [ 94.79048, 26.9229 ], [ 94.8312, 26.99012 ], [ 94.9078, 27.03061 ], [ 94.88984, 27.04688 ], [ 94.88074, 27.03462 ], [ 94.86985, 27.03836 ], [ 94.86688, 27.02942 ], [ 94.84755, 27.02688 ], [ 94.84127, 27.01763 ], [ 94.83841, 27.02658 ], [ 94.82983, 27.0165 ], [ 94.8263, 27.06297 ], [ 94.83757, 27.09902 ], [ 94.8747, 27.14367 ], [ 94.96601, 27.22614 ], [ 94.9844, 27.16861 ], [ 94.97741, 27.14864 ], [ 95.03189, 27.14741 ], [ 95.04884, 27.15548 ], [ 95.06134, 27.13687 ], [ 95.11267, 27.13645 ], [ 95.11497, 27.12726 ], [ 95.11619, 27.13617 ], [ 95.12385, 27.13035 ], [ 95.13048, 27.13907 ], [ 95.13198, 27.1338 ], [ 95.14558, 27.13726 ], [ 95.15277, 27.12426 ], [ 95.15488, 27.13657 ], [ 95.16291, 27.12817 ], [ 95.15967, 27.1347 ], [ 95.18623, 27.15191 ], [ 95.18349, 27.16316 ], [ 95.19487, 27.15527 ], [ 95.19805, 27.16346 ], [ 95.21277, 27.16608 ], [ 95.21107, 27.17435 ], [ 95.21974, 27.1652 ], [ 95.2277, 27.17346 ], [ 95.23838, 27.17026 ], [ 95.23212, 27.17829 ], [ 95.2416, 27.18328 ], [ 95.23702, 27.18983 ], [ 95.25449, 27.19324 ], [ 95.25766, 27.1842 ], [ 95.25889, 27.19209 ], [ 95.27865, 27.1887 ], [ 95.28722, 27.19736 ] ] ] } },
{ "type": "Feature", "properties": { "District": "CHIRANG", "STATE": "ASSAM", "country": "INDIA" }, "geometry": { "type": "Polygon", "coordinates": [ [ [ 90.64641, 26.77683 ], [ 90.67598, 26.78409 ], [ 90.69326, 26.77064 ], [ 90.71728, 26.76827 ], [ 90.9565, 26.78777 ], [ 90.95707, 26.78168 ], [ 90.9402, 26.77123 ], [ 90.91423, 26.72792 ], [ 90.91621, 26.71196 ], [ 90.89885, 26.68884 ], [ 90.89998, 26.6335 ], [ 90.87572, 26.61734 ], [ 90.86801, 26.59978 ], [ 90.85643, 26.59878 ], [ 90.84684, 26.57225 ], [ 90.8253, 26.57596 ], [ 90.81744, 26.56776 ], [ 90.83185, 26.53921 ], [ 90.85323, 26.5356 ], [ 90.85379, 26.52911 ], [ 90.78753, 26.51756 ], [ 90.78701, 26.52759 ], [ 90.77463, 26.53053 ], [ 90.75747, 26.51469 ], [ 90.77741, 26.50484 ], [ 90.76629, 26.48554 ], [ 90.73102, 26.4829 ], [ 90.73101, 26.47183 ], [ 90.74473, 26.46562 ], [ 90.73568, 26.44185 ], [ 90.7101, 26.4516 ], [ 90.71698, 26.47921 ], [ 90.68562, 26.4818 ], [ 90.67819, 26.48943 ], [ 90.68228, 26.49907 ], [ 90.62078, 26.49359 ], [ 90.62355, 26.50777 ], [ 90.60111, 26.51635 ], [ 90.58889, 26.5116 ], [ 90.6043, 26.49815 ], [ 90.60182, 26.4914 ], [ 90.58989, 26.48984 ], [ 90.51958, 26.50924 ], [ 90.51009, 26.50051 ], [ 90.49819, 26.45947 ], [ 90.50974, 26.4489 ], [ 90.50411, 26.42626 ], [ 90.49691, 26.43008 ], [ 90.4928, 26.41929 ], [ 90.48087, 26.42059 ], [ 90.47659, 26.3856 ], [ 90.46795, 26.39883 ], [ 90.47172, 26.40609 ], [ 90.46003, 26.41072 ], [ 90.46318, 26.43094 ], [ 90.4562, 26.43267 ], [ 90.46144, 26.45072 ], [ 90.47653, 26.45463 ], [ 90.47707, 26.46262 ], [ 90.46317, 26.46468 ], [ 90.45977, 26.453 ], [ 90.43717, 26.46106 ], [ 90.43157, 26.4525 ], [ 90.43424, 26.44202 ], [ 90.44472, 26.43874 ], [ 90.44666, 26.42499 ], [ 90.44006, 26.42405 ], [ 90.44524, 26.41784 ], [ 90.42572, 26.41529 ], [ 90.43122, 26.43472 ], [ 90.41725, 26.43663 ], [ 90.4194, 26.44872 ], [ 90.39983, 26.44551 ], [ 90.40503, 26.47526 ], [ 90.38915, 26.47715 ], [ 90.38622, 26.48523 ], [ 90.39977, 26.49513 ], [ 90.39321, 26.50315 ], [ 90.40358, 26.51176 ], [ 90.39146, 26.51453 ], [ 90.38217, 26.52891 ], [ 90.38869, 26.54198 ], [ 90.37131, 26.54437 ], [ 90.35495, 26.56994 ], [ 90.36632, 26.5821 ], [ 90.35393, 26.60977 ], [ 90.3572, 26.63134 ], [ 90.34686, 26.64144 ], [ 90.374, 26.69577 ], [ 90.37698, 26.71758 ], [ 90.33944, 26.82584 ], [ 90.3363, 26.86873 ], [ 90.34779, 26.87529 ], [ 90.35663, 26.90066 ], [ 90.41748, 26.90453 ], [ 90.54661, 26.81664 ], [ 90.63444, 26.79381 ], [ 90.64641, 26.77683 ] ] ] } },
{ "type": "Feature", "properties": { "District": "DARRANG", "STATE": "ASSAM", "country": "INDIA" }, "geometry": { "type": "Polygon", "coordinates": [ [ [ 92.18291, 26.64511 ], [ 92.20205, 26.65135 ], [ 92.20504, 26.64071 ], [ 92.19367, 26.63499 ], [ 92.22419, 26.62163 ], [ 92.23454, 26.59701 ], [ 92.22702, 26.5939 ], [ 92.23381, 26.5683 ], [ 92.2247, 26.55364 ], [ 92.23051, 26.54879 ], [ 92.26465, 26.57066 ], [ 92.25262, 26.5739 ], [ 92.24219, 26.60326 ], [ 92.27313, 26.6163 ], [ 92.27108, 26.6491 ], [ 92.27579, 26.65756 ], [ 92.28576, 26.65531 ], [ 92.29415, 26.62206 ], [ 92.31423, 26.62412 ], [ 92.3063, 26.61405 ], [ 92.30999, 26.60838 ], [ 92.32817, 26.61172 ], [ 92.32647, 26.61931 ], [ 92.33477, 26.62204 ], [ 92.33175, 26.60639 ], [ 92.34423, 26.59784 ], [ 92.32533, 26.59678 ], [ 92.32719, 26.58744 ], [ 92.34598, 26.58163 ], [ 92.36151, 26.58628 ], [ 92.35218, 26.57006 ], [ 92.36609, 26.56623 ], [ 92.3609, 26.5587 ], [ 92.36758, 26.55908 ], [ 92.3807, 26.52753 ], [ 92.35419, 26.53486 ], [ 92.3314, 26.51591 ], [ 92.34133, 26.50164 ], [ 92.31168, 26.48568 ], [ 92.28116, 26.45425 ], [ 92.24459, 26.44615 ], [ 92.21863, 26.41572 ], [ 92.18187, 26.4245 ], [ 92.1544, 26.41094 ], [ 92.10395, 26.35453 ], [ 92.09982, 26.34104 ], [ 92.08416, 26.33898 ], [ 92.04007, 26.27309 ], [ 92.02428, 26.27111 ], [ 92.01539, 26.28315 ], [ 91.99205, 26.26973 ], [ 91.97813, 26.27492 ], [ 91.93384, 26.24322 ], [ 91.91903, 26.24644 ], [ 91.90853, 26.23102 ], [ 91.87989, 26.21672 ], [ 91.86968, 26.22109 ], [ 91.77092, 26.19848 ], [ 91.74654, 26.21035 ], [ 91.74716, 26.22209 ], [ 91.78449, 26.25134 ], [ 91.79054, 26.2726 ], [ 91.78184, 26.30544 ], [ 91.79312, 26.31144 ], [ 91.79335, 26.32158 ], [ 91.79742, 26.31326 ], [ 91.80355, 26.3178 ], [ 91.81404, 26.31107 ], [ 91.81679, 26.31689 ], [ 91.80849, 26.32254 ], [ 91.82169, 26.33182 ], [ 91.81615, 26.34997 ], [ 91.82066, 26.37419 ], [ 91.80294, 26.38374 ], [ 91.79457, 26.40943 ], [ 91.78086, 26.41148 ], [ 91.76452, 26.45999 ], [ 91.77908, 26.47964 ], [ 91.79976, 26.47712 ], [ 91.80175, 26.48962 ], [ 91.78122, 26.49565 ], [ 91.78725, 26.49804 ], [ 91.78052, 26.51183 ], [ 91.81714, 26.50548 ], [ 91.83316, 26.51531 ], [ 91.82751, 26.54498 ], [ 91.81199, 26.53967 ], [ 91.80974, 26.54398 ], [ 91.81292, 26.55941 ], [ 91.82993, 26.55818 ], [ 91.83132, 26.57124 ], [ 91.82081, 26.57209 ], [ 91.82918, 26.58605 ], [ 91.83733, 26.58621 ], [ 91.83818, 26.57422 ], [ 91.84987, 26.57309 ], [ 91.85401, 26.53839 ], [ 91.8699, 26.53186 ], [ 91.88427, 26.53852 ], [ 91.89662, 26.56963 ], [ 91.92189, 26.56765 ], [ 91.92782, 26.53733 ], [ 91.95175, 26.54437 ], [ 91.96499, 26.53989 ], [ 91.95878, 26.55178 ], [ 91.97007, 26.5561 ], [ 91.9855, 26.54937 ], [ 91.99021, 26.5551 ], [ 91.99458, 26.53997 ], [ 92.00495, 26.5346 ], [ 92.0131, 26.53654 ], [ 92.00354, 26.54353 ], [ 92.02817, 26.54223 ], [ 92.01937, 26.52191 ], [ 92.03443, 26.52438 ], [ 92.02504, 26.50892 ], [ 92.04082, 26.51003 ], [ 92.03838, 26.48577 ], [ 92.05049, 26.47546 ], [ 92.06101, 26.49774 ], [ 92.05661, 26.50913 ], [ 92.06842, 26.51009 ], [ 92.0684, 26.54513 ], [ 92.08169, 26.54238 ], [ 92.09264, 26.55413 ], [ 92.10704, 26.55218 ], [ 92.10177, 26.56125 ], [ 92.10863, 26.57036 ], [ 92.10065, 26.57937 ], [ 92.08662, 26.57595 ], [ 92.07944, 26.58935 ], [ 92.06243, 26.58735 ], [ 92.0568, 26.54691 ], [ 92.02842, 26.5459 ], [ 92.02566, 26.55434 ], [ 92.00582, 26.55963 ], [ 92.00196, 26.57148 ], [ 92.01444, 26.57806 ], [ 92.00951, 26.5899 ], [ 92.03314, 26.59272 ], [ 92.03664, 26.60059 ], [ 92.02545, 26.6095 ], [ 92.03857, 26.60914 ], [ 92.03721, 26.62046 ], [ 92.07035, 26.62456 ], [ 92.07269, 26.64695 ], [ 92.12148, 26.64373 ], [ 92.11854, 26.65266 ], [ 92.1812, 26.67027 ], [ 92.17638, 26.6525 ], [ 92.18291, 26.64511 ] ] ] } },
{ "type": "Feature", "properties": { "District": "DHEMAJI", "STATE": "ASSAM", "country": "INDIA" }, "geometry": { "type": "Polygon", "coordinates": [ [ [ 95.47735, 27.83149 ], [ 95.40494, 27.76961 ], [ 95.39158, 27.72689 ], [ 95.34657, 27.70134 ], [ 95.28548, 27.69671 ], [ 95.24645, 27.65678 ], [ 95.20475, 27.65827 ], [ 95.1888, 27.67651 ], [ 95.20018, 27.69399 ], [ 95.19566, 27.70489 ], [ 95.11779, 27.68587 ], [ 95.09298, 27.66045 ], [ 95.03602, 27.66862 ], [ 95.01672, 27.65654 ], [ 94.99645, 27.65931 ], [ 94.9558, 27.61426 ], [ 94.92517, 27.60115 ], [ 94.90453, 27.57887 ], [ 94.8944, 27.57901 ], [ 94.79316, 27.48282 ], [ 94.77106, 27.4825 ], [ 94.74623, 27.43766 ], [ 94.73167, 27.44326 ], [ 94.71879, 27.42746 ], [ 94.6932, 27.42171 ], [ 94.68638, 27.41129 ], [ 94.69082, 27.39348 ], [ 94.66459, 27.37713 ], [ 94.66639, 27.35263 ], [ 94.64209, 27.34208 ], [ 94.6346, 27.32021 ], [ 94.62199, 27.33309 ], [ 94.62898, 27.34065 ], [ 94.62042, 27.36274 ], [ 94.61197, 27.355 ], [ 94.59316, 27.35848 ], [ 94.59073, 27.36745 ], [ 94.59337, 27.37727 ], [ 94.59233, 27.37784 ], [ 94.53676, 27.34775 ], [ 94.51299, 27.34933 ], [ 94.49817, 27.33005 ], [ 94.48907, 27.33573 ], [ 94.47403, 27.32784 ], [ 94.4604, 27.33231 ], [ 94.45566, 27.32105 ], [ 94.44591, 27.32237 ], [ 94.44389, 27.30871 ], [ 94.44216, 27.31664 ], [ 94.42993, 27.31828 ], [ 94.42672, 27.33798 ], [ 94.41574, 27.33303 ], [ 94.41216, 27.33832 ], [ 94.40603, 27.33092 ], [ 94.40624, 27.33946 ], [ 94.39273, 27.34068 ], [ 94.39001, 27.35069 ], [ 94.37498, 27.34105 ], [ 94.3394, 27.3369 ], [ 94.32728, 27.31846 ], [ 94.30997, 27.31842 ], [ 94.2998, 27.33106 ], [ 94.29891, 27.3505 ], [ 94.27178, 27.36502 ], [ 94.24705, 27.39199 ], [ 94.26372, 27.40033 ], [ 94.29487, 27.38491 ], [ 94.30532, 27.39712 ], [ 94.30737, 27.43463 ], [ 94.27762, 27.46672 ], [ 94.27888, 27.49532 ], [ 94.25815, 27.53492 ], [ 94.2587, 27.55546 ], [ 94.24672, 27.56947 ], [ 94.22495, 27.57409 ], [ 94.22664, 27.59774 ], [ 94.20992, 27.60391 ], [ 94.23756, 27.63268 ], [ 94.26171, 27.63587 ], [ 94.26711, 27.62735 ], [ 94.25426, 27.61423 ], [ 94.27247, 27.60294 ], [ 94.2774, 27.58944 ], [ 94.2883, 27.58926 ], [ 94.29826, 27.60193 ], [ 94.30926, 27.59078 ], [ 94.36401, 27.57435 ], [ 94.43168, 27.60033 ], [ 94.43333, 27.58842 ], [ 94.46173, 27.55524 ], [ 94.4778, 27.57614 ], [ 94.49896, 27.57217 ], [ 94.54459, 27.60104 ], [ 94.57409, 27.60381 ], [ 94.58755, 27.61846 ], [ 94.63319, 27.62416 ], [ 94.66265, 27.64533 ], [ 94.68268, 27.64589 ], [ 94.68791, 27.66514 ], [ 94.70904, 27.65658 ], [ 94.72514, 27.669 ], [ 94.75431, 27.66055 ], [ 94.79373, 27.69518 ], [ 94.82078, 27.69208 ], [ 94.84097, 27.70061 ], [ 94.85235, 27.7276 ], [ 95.30876, 27.86801 ], [ 95.37958, 27.83918 ], [ 95.51458, 27.87946 ], [ 95.51519, 27.85948 ], [ 95.49319, 27.85828 ], [ 95.47735, 27.83149 ] ] ] } },
{ "type": "Feature", "properties": { "District": "DHUBRI", "STATE": "ASSAM", "country": "INDIA" }, "geometry": { "type": "MultiPolygon", "coordinates": [ [ [ [ 89.71079, 26.16117 ], [ 89.71082, 26.16096 ], [ 89.71077, 26.16117 ], [ 89.71079, 26.16117 ] ] ], [ [ [ 90.23422, 26.36549 ], [ 90.21474, 26.35164 ], [ 90.22777, 26.34936 ], [ 90.21603, 26.33485 ], [ 90.21835, 26.32737 ], [ 90.22693, 26.33424 ], [ 90.2391, 26.32503 ], [ 90.25002, 26.32457 ], [ 90.25565, 26.33543 ], [ 90.26724, 26.33055 ], [ 90.26064, 26.32477 ], [ 90.26457, 26.31295 ], [ 90.28101, 26.29218 ], [ 90.27218, 26.26731 ], [ 90.25862, 26.27296 ], [ 90.25146, 26.2644 ], [ 90.28796, 26.2521 ], [ 90.28726, 26.2374 ], [ 90.30653, 26.24583 ], [ 90.30341, 26.25748 ], [ 90.3207, 26.27881 ], [ 90.3276, 26.27019 ], [ 90.344, 26.27071 ], [ 90.35186, 26.28714 ], [ 90.36279, 26.2731 ], [ 90.35859, 26.2654 ], [ 90.35664, 26.2693 ], [ 90.35354, 26.26982 ], [ 90.35538, 26.25821 ], [ 90.38118, 26.26864 ], [ 90.37471, 26.29086 ], [ 90.37924, 26.30929 ], [ 90.40406, 26.31602 ], [ 90.39405, 26.35459 ], [ 90.3999, 26.3635 ], [ 90.42462, 26.36367 ], [ 90.43594, 26.3423 ], [ 90.43628, 26.35914 ], [ 90.44411, 26.3604 ], [ 90.44516, 26.34593 ], [ 90.45704, 26.35745 ], [ 90.4539, 26.3409 ], [ 90.46237, 26.32825 ], [ 90.4741, 26.33259 ], [ 90.4658, 26.32525 ], [ 90.48354, 26.29604 ], [ 90.47587, 26.288 ], [ 90.46386, 26.28975 ], [ 90.47071, 26.27941 ], [ 90.46595, 26.27619 ], [ 90.45519, 26.2852 ], [ 90.4586, 26.27221 ], [ 90.47315, 26.27074 ], [ 90.44482, 26.26747 ], [ 90.45028, 26.25078 ], [ 90.4337, 26.26202 ], [ 90.42993, 26.25684 ], [ 90.4392, 26.24371 ], [ 90.42136, 26.24057 ], [ 90.40137, 26.2225 ], [ 90.38027, 26.22372 ], [ 90.38187, 26.20084 ], [ 90.35753, 26.19 ], [ 90.30473, 26.19279 ], [ 90.26473, 26.18322 ], [ 90.26104, 26.15455 ], [ 90.24794, 26.14041 ], [ 90.19158, 26.12465 ], [ 90.17366, 26.10305 ], [ 90.16875, 26.07749 ], [ 90.18424, 26.05791 ], [ 90.18364, 26.05003 ], [ 90.17077, 26.04389 ], [ 90.19728, 26.02593 ], [ 90.18342, 26.00878 ], [ 90.18751, 26.00139 ], [ 90.17498, 25.98941 ], [ 90.14206, 25.98241 ], [ 90.12882, 25.96641 ], [ 90.11924, 25.96913 ], [ 90.10669, 25.94231 ], [ 90.09211, 25.93807 ], [ 90.08624, 25.91947 ], [ 90.07937, 25.92463 ], [ 90.08675, 25.94005 ], [ 90.08301, 25.95251 ], [ 90.09846, 25.96101 ], [ 90.09685, 25.96802 ], [ 90.0867, 25.96047 ], [ 90.05949, 25.99249 ], [ 90.03455, 25.98572 ], [ 90.01621, 25.96196 ], [ 89.99908, 25.95566 ], [ 89.98577, 25.95696 ], [ 89.98282, 25.97014 ], [ 89.97258, 25.97604 ], [ 89.95641, 25.9524 ], [ 89.94514, 25.94996 ], [ 89.94892, 25.925 ], [ 89.93728, 25.92465 ], [ 89.93029, 25.90631 ], [ 89.89783, 25.90033 ], [ 89.8764, 25.87905 ], [ 89.84327, 25.8827 ], [ 89.88708, 25.9452 ], [ 89.84274, 25.94003 ], [ 89.82539, 25.9455 ], [ 89.8306, 25.95517 ], [ 89.84934, 25.94911 ], [ 89.83856, 25.96785 ], [ 89.86684, 25.97203 ], [ 89.87103, 25.9807 ], [ 89.85042, 25.98996 ], [ 89.83584, 26.0126 ], [ 89.83594, 25.98242 ], [ 89.82027, 25.98764 ], [ 89.81487, 25.99787 ], [ 89.82043, 25.99756 ], [ 89.81932, 26.02582 ], [ 89.80742, 26.044 ], [ 89.79772, 26.02452 ], [ 89.79159, 26.01815 ], [ 89.78804, 26.01921 ], [ 89.80183, 26.04025 ], [ 89.77365, 26.03764 ], [ 89.78868, 26.04871 ], [ 89.78535, 26.05686 ], [ 89.79881, 26.05958 ], [ 89.7966, 26.07631 ], [ 89.79014, 26.07539 ], [ 89.79485, 26.08751 ], [ 89.78132, 26.08344 ], [ 89.78316, 26.10598 ], [ 89.75617, 26.10936 ], [ 89.76657, 26.13048 ], [ 89.75403, 26.1394 ], [ 89.74766, 26.15737 ], [ 89.72049, 26.1563 ], [ 89.71698, 26.16536 ], [ 89.73655, 26.17279 ], [ 89.73293, 26.17753 ], [ 89.71089, 26.17221 ], [ 89.70354, 26.17805 ], [ 89.6986, 26.19118 ], [ 89.71307, 26.18772 ], [ 89.72037, 26.1956 ], [ 89.7116, 26.20297 ], [ 89.73323, 26.21199 ], [ 89.7257, 26.21818 ], [ 89.7075, 26.21228 ], [ 89.70039, 26.21845 ], [ 89.71004, 26.21784 ], [ 89.7141, 26.23025 ], [ 89.73216, 26.23783 ], [ 89.71788, 26.24515 ], [ 89.71708, 26.25737 ], [ 89.70262, 26.25786 ], [ 89.70585, 26.27043 ], [ 89.71471, 26.26994 ], [ 89.71258, 26.26191 ], [ 89.72202, 26.25746 ], [ 89.734, 26.25941 ], [ 89.73854, 26.26994 ], [ 89.71783, 26.29582 ], [ 89.71981, 26.30732 ], [ 89.72585, 26.30722 ], [ 89.72632, 26.29471 ], [ 89.74484, 26.29689 ], [ 89.75812, 26.28779 ], [ 89.75124, 26.32095 ], [ 89.76428, 26.31607 ], [ 89.78107, 26.32786 ], [ 89.78318, 26.3514 ], [ 89.81372, 26.37105 ], [ 89.82192, 26.37181 ], [ 89.81283, 26.3571 ], [ 89.82276, 26.35163 ], [ 89.83287, 26.38416 ], [ 89.85104, 26.36781 ], [ 89.87562, 26.36278 ], [ 89.86918, 26.34956 ], [ 89.90408, 26.33772 ], [ 89.90562, 26.32623 ], [ 89.87953, 26.30702 ], [ 89.88451, 26.29856 ], [ 89.86852, 26.27172 ], [ 89.86602, 26.25795 ], [ 89.87416, 26.24732 ], [ 89.85866, 26.23827 ], [ 89.86967, 26.23409 ], [ 89.85992, 26.21992 ], [ 89.87299, 26.20209 ], [ 89.85991, 26.18959 ], [ 89.87528, 26.18905 ], [ 89.87007, 26.1471 ], [ 89.88258, 26.13562 ], [ 89.90853, 26.13246 ], [ 89.91611, 26.11632 ], [ 89.90087, 26.11728 ], [ 89.91329, 26.11222 ], [ 89.93559, 26.11686 ], [ 89.9382, 26.13285 ], [ 89.96688, 26.12697 ], [ 89.98203, 26.13655 ], [ 89.99991, 26.12612 ], [ 90.02499, 26.12676 ], [ 90.06377, 26.17262 ], [ 90.06966, 26.16935 ], [ 90.08722, 26.18619 ], [ 90.09792, 26.19093 ], [ 90.10131, 26.18496 ], [ 90.11246, 26.19656 ], [ 90.15206, 26.20897 ], [ 90.14734, 26.22001 ], [ 90.13628, 26.21549 ], [ 90.13561, 26.22952 ], [ 90.12176, 26.23633 ], [ 90.12029, 26.25043 ], [ 90.10396, 26.25113 ], [ 90.09738, 26.26224 ], [ 90.10336, 26.26779 ], [ 90.11747, 26.25854 ], [ 90.14048, 26.27617 ], [ 90.14084, 26.29322 ], [ 90.13067, 26.29331 ], [ 90.12602, 26.28316 ], [ 90.11902, 26.29446 ], [ 90.12429, 26.30379 ], [ 90.10767, 26.31248 ], [ 90.11809, 26.31681 ], [ 90.11673, 26.33891 ], [ 90.14864, 26.35261 ], [ 90.1717, 26.34193 ], [ 90.18784, 26.34562 ], [ 90.20704, 26.36312 ], [ 90.20659, 26.37478 ], [ 90.22666, 26.38506 ], [ 90.23422, 26.36549 ] ], [ [ 89.81152, 26.34596 ], [ 89.7977, 26.35032 ], [ 89.78972, 26.34183 ], [ 89.81741, 26.32094 ], [ 89.82303, 26.32978 ], [ 89.81152, 26.34596 ] ] ] ] } },
{ "type": "Feature", "properties": { "District": "DIBRUGARH", "STATE": "ASSAM", "country": "INDIA" }, "geometry": { "type": "Polygon", "coordinates": [ [ [ 95.19917, 27.6916 ], [ 95.1888, 27.67651 ], [ 95.20475, 27.65827 ], [ 95.24645, 27.65678 ], [ 95.26974, 27.68142 ], [ 95.27653, 27.67836 ], [ 95.28959, 27.66286 ], [ 95.31838, 27.58756 ], [ 95.30021, 27.58492 ], [ 95.28473, 27.56773 ], [ 95.27321, 27.57445 ], [ 95.28258, 27.54746 ], [ 95.2653, 27.54426 ], [ 95.2646, 27.53211 ], [ 95.27214, 27.52694 ], [ 95.26501, 27.52249 ], [ 95.2666, 27.50958 ], [ 95.22901, 27.49886 ], [ 95.21715, 27.45945 ], [ 95.21993, 27.4437 ], [ 95.25174, 27.4343 ], [ 95.24383, 27.4198 ], [ 95.24809, 27.40469 ], [ 95.29532, 27.41526 ], [ 95.29616, 27.40163 ], [ 95.3093, 27.38926 ], [ 95.34837, 27.39398 ], [ 95.36265, 27.38271 ], [ 95.39005, 27.39116 ], [ 95.41128, 27.38718 ], [ 95.4393, 27.36437 ], [ 95.45401, 27.37503 ], [ 95.47407, 27.36699 ], [ 95.4671, 27.36447 ], [ 95.46567, 27.34278 ], [ 95.45835, 27.34612 ], [ 95.4483, 27.33547 ], [ 95.46746, 27.31696 ], [ 95.48069, 27.32096 ], [ 95.44589, 27.29453 ], [ 95.4605, 27.27057 ], [ 95.43982, 27.25513 ], [ 95.45102, 27.2314 ], [ 95.45348, 27.24874 ], [ 95.46725, 27.26376 ], [ 95.46984, 27.25371 ], [ 95.48231, 27.25241 ], [ 95.4843, 27.24127 ], [ 95.45589, 27.20358 ], [ 95.4666, 27.18164 ], [ 95.45952, 27.17569 ], [ 95.46551, 27.16636 ], [ 95.45332, 27.15733 ], [ 95.46222, 27.14966 ], [ 95.45327, 27.12943 ], [ 95.44441, 27.13521 ], [ 95.43961, 27.12592 ], [ 95.42065, 27.12578 ], [ 95.37138, 27.09341 ], [ 95.36376, 27.10255 ], [ 95.37196, 27.11346 ], [ 95.36143, 27.1277 ], [ 95.36717, 27.13737 ], [ 95.35817, 27.16684 ], [ 95.33292, 27.18739 ], [ 95.31395, 27.18373 ], [ 95.30312, 27.19526 ], [ 95.28396, 27.19759 ], [ 95.27865, 27.1887 ], [ 95.25889, 27.19209 ], [ 95.25766, 27.1842 ], [ 95.25449, 27.19324 ], [ 95.23693, 27.18978 ], [ 95.2416, 27.18328 ], [ 95.23212, 27.17829 ], [ 95.23764, 27.16988 ], [ 95.2277, 27.17346 ], [ 95.21974, 27.1652 ], [ 95.21107, 27.17435 ], [ 95.21277, 27.16608 ], [ 95.19805, 27.16346 ], [ 95.19479, 27.15525 ], [ 95.18349, 27.16316 ], [ 95.1799, 27.14212 ], [ 95.1729, 27.13826 ], [ 95.17033, 27.14508 ], [ 95.16981, 27.1373 ], [ 95.15967, 27.1347 ], [ 95.16203, 27.12792 ], [ 95.15424, 27.1363 ], [ 95.15315, 27.12427 ], [ 95.14685, 27.13633 ], [ 95.13592, 27.13869 ], [ 95.12385, 27.13035 ], [ 95.11619, 27.13617 ], [ 95.11512, 27.12726 ], [ 95.11267, 27.13645 ], [ 95.0651, 27.13573 ], [ 95.04884, 27.15548 ], [ 95.03189, 27.14741 ], [ 94.97829, 27.14813 ], [ 94.9844, 27.16861 ], [ 94.9678, 27.22708 ], [ 94.89139, 27.16233 ], [ 94.832, 27.09138 ], [ 94.81607, 27.10157 ], [ 94.80836, 27.09685 ], [ 94.81753, 27.1147 ], [ 94.7606, 27.12997 ], [ 94.75345, 27.14059 ], [ 94.75525, 27.15165 ], [ 94.77858, 27.17125 ], [ 94.76837, 27.18497 ], [ 94.77733, 27.18633 ], [ 94.78095, 27.19971 ], [ 94.76608, 27.22046 ], [ 94.77086, 27.24189 ], [ 94.74127, 27.24723 ], [ 94.74988, 27.26833 ], [ 94.73588, 27.2755 ], [ 94.71787, 27.26324 ], [ 94.72058, 27.24567 ], [ 94.6948, 27.27215 ], [ 94.6783, 27.24334 ], [ 94.6419, 27.24674 ], [ 94.61478, 27.17671 ], [ 94.59304, 27.1457 ], [ 94.56751, 27.17927 ], [ 94.57978, 27.20159 ], [ 94.58659, 27.26744 ], [ 94.61374, 27.30655 ], [ 94.6065, 27.32882 ], [ 94.6214, 27.33331 ], [ 94.63817, 27.32149 ], [ 94.6385, 27.33822 ], [ 94.66639, 27.35263 ], [ 94.66459, 27.37713 ], [ 94.69082, 27.39348 ], [ 94.68638, 27.41129 ], [ 94.6932, 27.42171 ], [ 94.71879, 27.42746 ], [ 94.73167, 27.44326 ], [ 94.74623, 27.43766 ], [ 94.77106, 27.4825 ], [ 94.79316, 27.48282 ], [ 94.8944, 27.57901 ], [ 94.90453, 27.57887 ], [ 94.92517, 27.60115 ], [ 94.9558, 27.61426 ], [ 94.99645, 27.65931 ], [ 95.01672, 27.65654 ], [ 95.03602, 27.66862 ], [ 95.09298, 27.66045 ], [ 95.11779, 27.68587 ], [ 95.19566, 27.70489 ], [ 95.19917, 27.6916 ] ] ] } },
{ "type": "Feature", "properties": { "District": "DIMA HASAO", "STATE": "ASSAM", "country": "INDIA" }, "geometry": { "type": "Polygon", "coordinates": [ [ [ 92.99841, 25.80509 ], [ 93.00325, 25.78651 ], [ 93.01864, 25.80129 ], [ 93.05846, 25.78101 ], [ 93.05764, 25.77239 ], [ 93.06596, 25.77594 ], [ 93.06839, 25.76725 ], [ 93.09503, 25.76983 ], [ 93.09845, 25.77715 ], [ 93.1185, 25.76072 ], [ 93.12954, 25.76097 ], [ 93.12578, 25.74874 ], [ 93.14872, 25.73353 ], [ 93.13419, 25.70567 ], [ 93.13598, 25.67014 ], [ 93.14287, 25.66082 ], [ 93.15723, 25.66648 ], [ 93.1707, 25.66183 ], [ 93.17821, 25.6398 ], [ 93.19196, 25.63215 ], [ 93.17952, 25.6195 ], [ 93.17661, 25.59283 ], [ 93.20765, 25.54422 ], [ 93.25844, 25.54889 ], [ 93.27053, 25.53127 ], [ 93.29249, 25.54443 ], [ 93.30191, 25.53032 ], [ 93.32182, 25.53313 ], [ 93.33036, 25.54254 ], [ 93.33531, 25.53422 ], [ 93.35012, 25.53225 ], [ 93.36734, 25.49946 ], [ 93.3914, 25.48225 ], [ 93.38446, 25.46916 ], [ 93.39034, 25.46038 ], [ 93.41555, 25.44498 ], [ 93.43639, 25.44818 ], [ 93.45611, 25.43372 ], [ 93.45966, 25.40323 ], [ 93.47324, 25.38521 ], [ 93.46721, 25.36327 ], [ 93.45347, 25.35656 ], [ 93.44843, 25.34064 ], [ 93.45651, 25.33538 ], [ 93.45343, 25.32146 ], [ 93.4705, 25.30506 ], [ 93.42752, 25.28324 ], [ 93.41594, 25.26427 ], [ 93.40116, 25.26062 ], [ 93.38112, 25.23963 ], [ 93.38178, 25.2229 ], [ 93.34587, 25.16981 ], [ 93.34526, 25.12346 ], [ 93.33237, 25.09352 ], [ 93.31492, 25.08462 ], [ 93.29996, 25.04604 ], [ 93.2988, 25.05195 ], [ 93.28346, 25.045 ], [ 93.28007, 25.051 ], [ 93.26375, 25.04891 ], [ 93.25395, 25.02058 ], [ 93.24364, 25.0177 ], [ 93.24439, 24.99809 ], [ 93.2505, 25.00432 ], [ 93.25987, 25.00113 ], [ 93.25277, 24.99891 ], [ 93.25195, 24.97585 ], [ 93.2448, 24.97033 ], [ 93.22736, 24.98734 ], [ 93.2033, 24.98162 ], [ 93.17978, 25.00073 ], [ 93.06196, 25.0024 ], [ 93.05318, 25.03076 ], [ 93.03679, 25.03669 ], [ 93.0143, 25.06189 ], [ 93.02111, 25.0756 ], [ 93.04312, 25.08857 ], [ 93.0471, 25.09931 ], [ 93.03619, 25.10501 ], [ 92.98418, 25.09377 ], [ 92.97748, 25.0857 ], [ 92.95906, 25.09015 ], [ 92.95184, 25.06917 ], [ 92.93016, 25.07906 ], [ 92.89751, 25.07934 ], [ 92.83583, 25.05271 ], [ 92.82722, 25.05854 ], [ 92.82855, 25.0708 ], [ 92.81264, 25.08142 ], [ 92.77798, 25.08835 ], [ 92.7648, 25.1032 ], [ 92.7671, 25.11563 ], [ 92.75279, 25.13902 ], [ 92.72958, 25.14314 ], [ 92.73491, 25.12599 ], [ 92.72255, 25.11272 ], [ 92.6651, 25.10914 ], [ 92.64297, 25.11784 ], [ 92.61953, 25.10241 ], [ 92.59844, 25.11078 ], [ 92.53939, 25.09921 ], [ 92.5231, 25.12597 ], [ 92.52245, 25.13922 ], [ 92.55536, 25.12695 ], [ 92.58808, 25.12878 ], [ 92.62143, 25.11503 ], [ 92.62831, 25.1381 ], [ 92.65576, 25.15495 ], [ 92.66348, 25.17667 ], [ 92.6939, 25.17924 ], [ 92.74287, 25.20665 ], [ 92.77621, 25.19961 ], [ 92.80291, 25.21617 ], [ 92.77167, 25.22998 ], [ 92.76189, 25.24653 ], [ 92.77775, 25.25818 ], [ 92.76862, 25.26812 ], [ 92.7925, 25.28256 ], [ 92.78143, 25.30445 ], [ 92.78693, 25.31437 ], [ 92.7818, 25.33318 ], [ 92.76107, 25.33352 ], [ 92.7499, 25.3441 ], [ 92.74642, 25.35833 ], [ 92.73236, 25.36892 ], [ 92.73802, 25.37933 ], [ 92.71794, 25.37263 ], [ 92.67353, 25.41402 ], [ 92.66164, 25.40635 ], [ 92.6519, 25.41924 ], [ 92.65362, 25.43352 ], [ 92.63956, 25.41757 ], [ 92.62565, 25.43492 ], [ 92.62764, 25.42197 ], [ 92.60663, 25.41323 ], [ 92.59861, 25.46814 ], [ 92.58411, 25.4656 ], [ 92.58036, 25.47208 ], [ 92.56655, 25.46336 ], [ 92.56436, 25.47361 ], [ 92.57365, 25.49048 ], [ 92.64284, 25.53481 ], [ 92.64563, 25.55616 ], [ 92.66136, 25.57251 ], [ 92.68268, 25.57668 ], [ 92.67881, 25.58307 ], [ 92.69418, 25.59799 ], [ 92.71249, 25.59904 ], [ 92.7191, 25.58864 ], [ 92.73832, 25.593 ], [ 92.75453, 25.61522 ], [ 92.76795, 25.61708 ], [ 92.75838, 25.62873 ], [ 92.78951, 25.65967 ], [ 92.77462, 25.67434 ], [ 92.81377, 25.70235 ], [ 92.82096, 25.74145 ], [ 92.92279, 25.77228 ], [ 92.93271, 25.79965 ], [ 92.92855, 25.80687 ], [ 92.94429, 25.80323 ], [ 92.96587, 25.81791 ], [ 92.95675, 25.80287 ], [ 92.96997, 25.79106 ], [ 92.96743, 25.78179 ], [ 92.98064, 25.79054 ], [ 92.98219, 25.78004 ], [ 92.98766, 25.8004 ], [ 92.98096, 25.80868 ], [ 92.99003, 25.82245 ], [ 93.00602, 25.82673 ], [ 92.99841, 25.80509 ] ] ] } },
{ "type": "Feature", "properties": { "District": "GOALPARA", "STATE": "ASSAM", "country": "INDIA" }, "geometry": { "type": "Polygon", "coordinates": [ [ [ 90.60015, 26.21516 ], [ 90.62237, 26.20203 ], [ 90.65592, 26.21108 ], [ 90.67051, 26.20012 ], [ 90.69398, 26.15082 ], [ 90.70789, 26.14592 ], [ 90.71442, 26.13012 ], [ 90.7455, 26.13617 ], [ 90.79281, 26.1292 ], [ 90.8395, 26.10916 ], [ 90.85996, 26.11247 ], [ 90.87152, 26.09562 ], [ 90.9159, 26.08977 ], [ 90.9352, 26.1013 ], [ 90.98123, 26.06281 ], [ 91.01001, 26.05816 ], [ 91.0262, 26.04674 ], [ 91.06507, 26.0475 ], [ 91.08918, 26.03209 ], [ 91.08732, 26.02378 ], [ 91.0997, 26.00937 ], [ 91.09015, 26.00412 ], [ 91.08034, 25.97228 ], [ 91.04754, 25.94151 ], [ 91.05199, 25.93595 ], [ 91.03047, 25.89999 ], [ 91.03038, 25.88593 ], [ 90.96885, 25.88522 ], [ 90.96662, 25.91406 ], [ 90.94743, 25.94809 ], [ 90.93386, 25.93977 ], [ 90.91734, 25.94441 ], [ 90.91684, 25.91406 ], [ 90.89442, 25.93118 ], [ 90.89745, 25.93748 ], [ 90.88453, 25.95031 ], [ 90.88108, 25.94283 ], [ 90.87669, 25.94942 ], [ 90.87483, 25.94255 ], [ 90.84436, 25.94597 ], [ 90.83547, 25.93661 ], [ 90.83619, 25.94842 ], [ 90.80905, 25.95244 ], [ 90.7781, 25.90861 ], [ 90.75668, 25.91099 ], [ 90.76052, 25.92188 ], [ 90.74245, 25.91239 ], [ 90.75463, 25.93344 ], [ 90.74672, 25.92809 ], [ 90.7404, 25.93939 ], [ 90.74776, 25.9483 ], [ 90.74282, 25.95799 ], [ 90.72448, 25.94678 ], [ 90.71868, 25.95511 ], [ 90.68833, 25.94891 ], [ 90.67265, 25.93464 ], [ 90.62854, 25.91759 ], [ 90.6308, 25.90628 ], [ 90.62187, 25.89784 ], [ 90.6136, 25.89932 ], [ 90.60627, 25.91662 ], [ 90.62412, 25.93918 ], [ 90.58787, 25.95807 ], [ 90.57673, 25.93675 ], [ 90.5438, 25.92359 ], [ 90.54912, 25.91543 ], [ 90.51363, 25.89627 ], [ 90.50855, 25.9015 ], [ 90.535, 25.94959 ], [ 90.50254, 25.99146 ], [ 90.47613, 26.00959 ], [ 90.42519, 25.98884 ], [ 90.39975, 26.01252 ], [ 90.37218, 26.01127 ], [ 90.34971, 26.00413 ], [ 90.32478, 25.9734 ], [ 90.21149, 25.95259 ], [ 90.20287, 25.96086 ], [ 90.18688, 25.94409 ], [ 90.17692, 25.95895 ], [ 90.15847, 25.95715 ], [ 90.15141, 25.96667 ], [ 90.14034, 25.95725 ], [ 90.11662, 25.95928 ], [ 90.11979, 25.9695 ], [ 90.12882, 25.96641 ], [ 90.14206, 25.98241 ], [ 90.17498, 25.98941 ], [ 90.18751, 26.00139 ], [ 90.18342, 26.00878 ], [ 90.19728, 26.02593 ], [ 90.17077, 26.04389 ], [ 90.18462, 26.05162 ], [ 90.16875, 26.07749 ], [ 90.17366, 26.10305 ], [ 90.19543, 26.12726 ], [ 90.24794, 26.14041 ], [ 90.26104, 26.15455 ], [ 90.26473, 26.18322 ], [ 90.30473, 26.19279 ], [ 90.35753, 26.19 ], [ 90.39166, 26.20373 ], [ 90.38454, 26.15828 ], [ 90.40144, 26.15924 ], [ 90.40465, 26.15061 ], [ 90.45245, 26.1601 ], [ 90.5211, 26.19969 ], [ 90.57728, 26.2035 ], [ 90.60015, 26.21516 ] ] ] } },
{ "type": "Feature", "properties": { "District": "GOLAGHAT", "STATE": "ASSAM", "country": "INDIA" }, "geometry": { "type": "Polygon", "coordinates": [ [ [ 93.64893, 26.77459 ], [ 93.76901, 26.77273 ], [ 93.80971, 26.79215 ], [ 93.84965, 26.762 ], [ 93.89136, 26.74395 ], [ 93.89178, 26.76517 ], [ 93.90148, 26.75073 ], [ 93.94442, 26.75554 ], [ 93.97128, 26.77645 ], [ 93.97236, 26.76728 ], [ 93.99747, 26.7663 ], [ 94.0047, 26.74445 ], [ 94.04615, 26.73866 ], [ 94.04101, 26.73019 ], [ 94.04601, 26.72515 ], [ 94.03824, 26.72155 ], [ 94.04405, 26.71323 ], [ 94.0359, 26.70983 ], [ 94.04864, 26.68796 ], [ 94.04337, 26.68113 ], [ 94.04753, 26.67454 ], [ 94.05384, 26.67914 ], [ 94.05663, 26.66314 ], [ 94.06623, 26.66827 ], [ 94.06826, 26.66086 ], [ 94.08237, 26.66167 ], [ 94.08579, 26.64866 ], [ 94.09795, 26.64145 ], [ 94.09461, 26.62804 ], [ 94.08307, 26.62835 ], [ 94.088, 26.62007 ], [ 94.07752, 26.61464 ], [ 94.08494, 26.60718 ], [ 94.06885, 26.59439 ], [ 94.08248, 26.58497 ], [ 94.07679, 26.58581 ], [ 94.07804, 26.5745 ], [ 94.09956, 26.57682 ], [ 94.09738, 26.56832 ], [ 94.107, 26.56979 ], [ 94.11473, 26.55506 ], [ 94.10572, 26.54985 ], [ 94.11639, 26.54497 ], [ 94.10985, 26.54165 ], [ 94.11225, 26.52797 ], [ 94.09732, 26.48445 ], [ 94.10354, 26.46286 ], [ 94.127, 26.45068 ], [ 94.11454, 26.42398 ], [ 94.12417, 26.37202 ], [ 94.13755, 26.34884 ], [ 94.17785, 26.34608 ], [ 94.14506, 26.33059 ], [ 94.13873, 26.33628 ], [ 94.11593, 26.32969 ], [ 94.12168, 26.31776 ], [ 94.10505, 26.31995 ], [ 94.0841, 26.28334 ], [ 94.07473, 26.2836 ], [ 94.07462, 26.26438 ], [ 94.04769, 26.24936 ], [ 94.03203, 26.19754 ], [ 94.00108, 26.17227 ], [ 94.00366, 26.16011 ], [ 93.99452, 26.14831 ], [ 94.0036, 26.14423 ], [ 94.00217, 26.13443 ], [ 93.98724, 26.13108 ], [ 93.99782, 26.12877 ], [ 93.98676, 26.1139 ], [ 93.99793, 26.10956 ], [ 93.98153, 26.08124 ], [ 93.98739, 26.06679 ], [ 93.96247, 26.03654 ], [ 93.953, 26.00297 ], [ 93.95915, 25.99433 ], [ 93.95415, 25.96926 ], [ 93.96871, 25.95726 ], [ 93.9787, 25.91673 ], [ 93.96107, 25.90123 ], [ 93.93797, 25.89631 ], [ 93.93398, 25.88525 ], [ 93.916, 25.8837 ], [ 93.8818, 25.84335 ], [ 93.85226, 25.85823 ], [ 93.8397, 25.85661 ], [ 93.82115, 25.83874 ], [ 93.81639, 25.82261 ], [ 93.79547, 25.80893 ], [ 93.77754, 25.84981 ], [ 93.78984, 25.86781 ], [ 93.78416, 25.88434 ], [ 93.79513, 25.89198 ], [ 93.79611, 25.90339 ], [ 93.78734, 25.94658 ], [ 93.77446, 25.96553 ], [ 93.78069, 25.98152 ], [ 93.80451, 25.98083 ], [ 93.79474, 25.99239 ], [ 93.80081, 26.00224 ], [ 93.79368, 25.99822 ], [ 93.78803, 26.00953 ], [ 93.78116, 26.00798 ], [ 93.79325, 26.01528 ], [ 93.786, 26.02386 ], [ 93.79964, 26.03137 ], [ 93.78712, 26.03122 ], [ 93.78008, 26.0397 ], [ 93.79501, 26.04171 ], [ 93.78707, 26.05443 ], [ 93.79732, 26.0525 ], [ 93.79464, 26.06133 ], [ 93.80531, 26.06465 ], [ 93.79662, 26.07127 ], [ 93.80586, 26.07142 ], [ 93.80489, 26.09366 ], [ 93.81416, 26.09087 ], [ 93.80646, 26.10258 ], [ 93.81206, 26.11233 ], [ 93.82009, 26.11007 ], [ 93.81723, 26.12272 ], [ 93.82801, 26.12783 ], [ 93.81833, 26.13706 ], [ 93.83115, 26.13691 ], [ 93.8254, 26.14422 ], [ 93.83063, 26.15818 ], [ 93.82156, 26.1726 ], [ 93.82727, 26.18062 ], [ 93.83512, 26.17602 ], [ 93.82906, 26.19642 ], [ 93.83795, 26.19459 ], [ 93.84116, 26.20495 ], [ 93.83412, 26.20046 ], [ 93.83382, 26.2072 ], [ 93.84409, 26.21229 ], [ 93.84045, 26.21787 ], [ 93.8515, 26.21574 ], [ 93.86459, 26.23541 ], [ 93.85529, 26.24555 ], [ 93.84771, 26.24141 ], [ 93.8549, 26.24717 ], [ 93.86477, 26.24593 ], [ 93.86045, 26.25252 ], [ 93.86716, 26.25115 ], [ 93.86532, 26.25816 ], [ 93.87482, 26.26401 ], [ 93.86843, 26.26633 ], [ 93.87081, 26.27564 ], [ 93.88108, 26.27372 ], [ 93.86853, 26.29453 ], [ 93.88536, 26.30656 ], [ 93.8738, 26.30985 ], [ 93.88502, 26.31067 ], [ 93.88551, 26.32047 ], [ 93.8938, 26.31557 ], [ 93.88647, 26.32379 ], [ 93.89475, 26.32911 ], [ 93.88653, 26.32829 ], [ 93.88138, 26.34444 ], [ 93.88934, 26.34685 ], [ 93.88308, 26.36205 ], [ 93.89415, 26.37193 ], [ 93.88111, 26.37261 ], [ 93.8886, 26.38122 ], [ 93.88307, 26.38133 ], [ 93.88386, 26.39209 ], [ 93.86558, 26.38898 ], [ 93.82671, 26.41785 ], [ 93.79396, 26.37596 ], [ 93.7748, 26.38404 ], [ 93.79908, 26.40887 ], [ 93.78309, 26.40971 ], [ 93.7799, 26.41747 ], [ 93.78124, 26.425 ], [ 93.79388, 26.42859 ], [ 93.78306, 26.43876 ], [ 93.7944, 26.44025 ], [ 93.78553, 26.46469 ], [ 93.77067, 26.47396 ], [ 93.77892, 26.47585 ], [ 93.76966, 26.49775 ], [ 93.75126, 26.51835 ], [ 93.75596, 26.52909 ], [ 93.74346, 26.52757 ], [ 93.74198, 26.53769 ], [ 93.73158, 26.53773 ], [ 93.73895, 26.5399 ], [ 93.73315, 26.54979 ], [ 93.7522, 26.5852 ], [ 93.74008, 26.58363 ], [ 93.7123, 26.60565 ], [ 93.63187, 26.59598 ], [ 93.62187, 26.59034 ], [ 93.61669, 26.56603 ], [ 93.61, 26.56736 ], [ 93.61092, 26.57767 ], [ 93.58973, 26.57082 ], [ 93.58285, 26.58047 ], [ 93.58602, 26.60366 ], [ 93.55328, 26.61267 ], [ 93.52366, 26.59369 ], [ 93.50947, 26.59353 ], [ 93.49547, 26.61119 ], [ 93.47795, 26.60322 ], [ 93.46981, 26.59165 ], [ 93.49135, 26.5866 ], [ 93.45689, 26.56867 ], [ 93.46594, 26.5858 ], [ 93.45685, 26.57605 ], [ 93.45297, 26.58084 ], [ 93.40868, 26.56922 ], [ 93.39741, 26.57153 ], [ 93.40622, 26.57503 ], [ 93.40275, 26.58019 ], [ 93.32594, 26.58486 ], [ 93.29504, 26.57191 ], [ 93.30241, 26.581 ], [ 93.29138, 26.59068 ], [ 93.29646, 26.61194 ], [ 93.2869, 26.63748 ], [ 93.30458, 26.63682 ], [ 93.31752, 26.65055 ], [ 93.30667, 26.66764 ], [ 93.31683, 26.67795 ], [ 93.31505, 26.68663 ], [ 93.30392, 26.70041 ], [ 93.3309, 26.70883 ], [ 93.35238, 26.73635 ], [ 93.39633, 26.75072 ], [ 93.50411, 26.75708 ], [ 93.53009, 26.74672 ], [ 93.53767, 26.75055 ], [ 93.56602, 26.72224 ], [ 93.65092, 26.70621 ], [ 93.67051, 26.71208 ], [ 93.65007, 26.75475 ], [ 93.64893, 26.77459 ] ] ] } },
{ "type": "Feature", "properties": { "District": "HAILAKANDI", "STATE": "ASSAM", "country": "INDIA" }, "geometry": { "type": "MultiPolygon", "coordinates": [ [ [ [ 92.61263, 24.86083 ], [ 92.64629, 24.85287 ], [ 92.62933, 24.85498 ], [ 92.63676, 24.83986 ], [ 92.633, 24.83128 ], [ 92.64598, 24.81528 ], [ 92.6838, 24.81459 ], [ 92.65585, 24.75361 ], [ 92.65713, 24.70063 ], [ 92.65031, 24.6846 ], [ 92.65648, 24.6735 ], [ 92.66515, 24.67362 ], [ 92.66553, 24.62766 ], [ 92.68724, 24.62548 ], [ 92.69678, 24.61534 ], [ 92.66646, 24.60975 ], [ 92.66851, 24.58962 ], [ 92.71737, 24.56189 ], [ 92.73535, 24.59038 ], [ 92.75273, 24.58393 ], [ 92.76187, 24.56827 ], [ 92.7806, 24.56837 ], [ 92.75932, 24.5286 ], [ 92.76342, 24.52114 ], [ 92.70361, 24.37545 ], [ 92.69282, 24.36847 ], [ 92.68484, 24.34654 ], [ 92.66137, 24.34816 ], [ 92.64576, 24.32778 ], [ 92.63569, 24.3367 ], [ 92.62477, 24.33408 ], [ 92.6123, 24.25347 ], [ 92.5509, 24.24722 ], [ 92.53433, 24.18018 ], [ 92.52404, 24.17144 ], [ 92.51552, 24.17886 ], [ 92.50151, 24.16039 ], [ 92.48392, 24.16317 ], [ 92.47896, 24.14232 ], [ 92.46432, 24.13623 ], [ 92.43642, 24.15303 ], [ 92.43573, 24.17929 ], [ 92.41917, 24.19194 ], [ 92.41858, 24.21264 ], [ 92.42252, 24.25499 ], [ 92.433, 24.25611 ], [ 92.47642, 24.32607 ], [ 92.50631, 24.43555 ], [ 92.50559, 24.53481 ], [ 92.51728, 24.57403 ], [ 92.50464, 24.58962 ], [ 92.50643, 24.66402 ], [ 92.49379, 24.67309 ], [ 92.49372, 24.68332 ], [ 92.5223, 24.72955 ], [ 92.52502, 24.75179 ], [ 92.54519, 24.76564 ], [ 92.54471, 24.80763 ], [ 92.58295, 24.84454 ], [ 92.58009, 24.87546 ], [ 92.59621, 24.87944 ], [ 92.61263, 24.86083 ] ] ] ] } },
{ "type": "Feature", "properties": { "District": "HOJAI", "STATE": "ASSAM", "country": "INDIA" }, "geometry": { "type": "Polygon", "coordinates": [ [ [ 92.77629, 26.19963 ], [ 92.93941, 26.20257 ], [ 92.95266, 26.19024 ], [ 92.95603, 26.17434 ], [ 92.94616, 26.15718 ], [ 92.93124, 26.15129 ], [ 92.93404, 26.13663 ], [ 92.95461, 26.14076 ], [ 92.96648, 26.12913 ], [ 93.03589, 26.10859 ], [ 93.03995, 26.08747 ], [ 93.05588, 26.08826 ], [ 93.05949, 26.07971 ], [ 93.06859, 26.07803 ], [ 93.07245, 26.08537 ], [ 93.08157, 26.07838 ], [ 93.08502, 26.08305 ], [ 93.08838, 26.07443 ], [ 93.10842, 26.07823 ], [ 93.0934, 26.03313 ], [ 93.1272, 26.03111 ], [ 93.12655, 26.0219 ], [ 93.15825, 25.99538 ], [ 93.1586, 25.96167 ], [ 93.17353, 25.95252 ], [ 93.18303, 25.90336 ], [ 93.19691, 25.89806 ], [ 93.22204, 25.85994 ], [ 93.24087, 25.84639 ], [ 93.23995, 25.80944 ], [ 93.24728, 25.80908 ], [ 93.24782, 25.78796 ], [ 93.22713, 25.76551 ], [ 93.22651, 25.72684 ], [ 93.18242, 25.72897 ], [ 93.17051, 25.71838 ], [ 93.15853, 25.72373 ], [ 93.14265, 25.71857 ], [ 93.14856, 25.73406 ], [ 93.12578, 25.74874 ], [ 93.12954, 25.76097 ], [ 93.1185, 25.76072 ], [ 93.09845, 25.77715 ], [ 93.09503, 25.76983 ], [ 93.06812, 25.76745 ], [ 93.06368, 25.77677 ], [ 93.0754, 25.78291 ], [ 93.05095, 25.79061 ], [ 93.02893, 25.81221 ], [ 92.98232, 25.87547 ], [ 92.86808, 25.86838 ], [ 92.84763, 25.9041 ], [ 92.85498, 25.92433 ], [ 92.83427, 25.91358 ], [ 92.81501, 25.92431 ], [ 92.80178, 25.91774 ], [ 92.79005, 25.9382 ], [ 92.79366, 25.95639 ], [ 92.80629, 25.95785 ], [ 92.79423, 25.96461 ], [ 92.77562, 25.94836 ], [ 92.76274, 25.9605 ], [ 92.76955, 25.97581 ], [ 92.76216, 25.98431 ], [ 92.77052, 25.98923 ], [ 92.75926, 25.99127 ], [ 92.77908, 25.99606 ], [ 92.75709, 26.00271 ], [ 92.78256, 26.01018 ], [ 92.77259, 26.01764 ], [ 92.7587, 26.01463 ], [ 92.76503, 26.02922 ], [ 92.74567, 26.03995 ], [ 92.75777, 26.06372 ], [ 92.75059, 26.07566 ], [ 92.73238, 26.07139 ], [ 92.73921, 26.08579 ], [ 92.72988, 26.08957 ], [ 92.74117, 26.10104 ], [ 92.72302, 26.10091 ], [ 92.73207, 26.11539 ], [ 92.7038, 26.12524 ], [ 92.70586, 26.14229 ], [ 92.72253, 26.15094 ], [ 92.75177, 26.1423 ], [ 92.7617, 26.15716 ], [ 92.75423, 26.17869 ], [ 92.77844, 26.18696 ], [ 92.77629, 26.19963 ] ] ] } },
{ "type": "Feature", "properties": { "District": "JORHAT", "STATE": "ASSAM", "country": "INDIA" }, "geometry": { "type": "Polygon", "coordinates": [ [ [ 93.97895, 26.80814 ], [ 94.05195, 26.80681 ], [ 94.08935, 26.81955 ], [ 94.08341, 26.82172 ], [ 94.08924, 26.82775 ], [ 94.13302, 26.84869 ], [ 94.18454, 26.85544 ], [ 94.22874, 26.87161 ], [ 94.23447, 26.86498 ], [ 94.25549, 26.86651 ], [ 94.332, 26.88277 ], [ 94.37593, 26.92083 ], [ 94.3966, 26.95284 ], [ 94.40572, 26.93305 ], [ 94.41787, 26.94331 ], [ 94.43815, 26.93539 ], [ 94.46231, 26.94211 ], [ 94.47379, 26.93535 ], [ 94.48198, 26.90531 ], [ 94.47416, 26.89262 ], [ 94.49268, 26.88229 ], [ 94.49652, 26.86686 ], [ 94.48573, 26.83099 ], [ 94.50367, 26.82616 ], [ 94.52585, 26.79989 ], [ 94.51531, 26.79508 ], [ 94.52426, 26.78889 ], [ 94.51221, 26.772 ], [ 94.54958, 26.74887 ], [ 94.55634, 26.75661 ], [ 94.57264, 26.75236 ], [ 94.57091, 26.74294 ], [ 94.58477, 26.73332 ], [ 94.58039, 26.72969 ], [ 94.60153, 26.71911 ], [ 94.60334, 26.71235 ], [ 94.59355, 26.71517 ], [ 94.59388, 26.6972 ], [ 94.57732, 26.70066 ], [ 94.5671, 26.68353 ], [ 94.55939, 26.68643 ], [ 94.56235, 26.70507 ], [ 94.53926, 26.70618 ], [ 94.5207, 26.69921 ], [ 94.51758, 26.68193 ], [ 94.50825, 26.6853 ], [ 94.49267, 26.66589 ], [ 94.46028, 26.66163 ], [ 94.45315, 26.65255 ], [ 94.46549, 26.63306 ], [ 94.45128, 26.63629 ], [ 94.4356, 26.62204 ], [ 94.40292, 26.61057 ], [ 94.40188, 26.59356 ], [ 94.41338, 26.57719 ], [ 94.402, 26.55467 ], [ 94.40616, 26.54403 ], [ 94.3966, 26.54271 ], [ 94.40088, 26.53415 ], [ 94.37614, 26.52178 ], [ 94.37217, 26.50604 ], [ 94.34779, 26.50446 ], [ 94.35296, 26.49928 ], [ 94.34665, 26.49207 ], [ 94.35011, 26.49243 ], [ 94.35285, 26.49006 ], [ 94.33944, 26.4805 ], [ 94.32552, 26.48195 ], [ 94.31662, 26.45832 ], [ 94.29992, 26.46365 ], [ 94.28975, 26.47971 ], [ 94.28096, 26.53506 ], [ 94.28479, 26.56107 ], [ 94.25634, 26.54122 ], [ 94.23662, 26.50614 ], [ 94.20751, 26.48647 ], [ 94.20266, 26.46906 ], [ 94.18327, 26.45528 ], [ 94.17173, 26.42978 ], [ 94.17764, 26.38334 ], [ 94.17113, 26.36275 ], [ 94.16133, 26.34776 ], [ 94.13823, 26.34867 ], [ 94.11631, 26.39767 ], [ 94.11485, 26.42586 ], [ 94.127, 26.45068 ], [ 94.10354, 26.46286 ], [ 94.09732, 26.48445 ], [ 94.11225, 26.52797 ], [ 94.10985, 26.54165 ], [ 94.11639, 26.54497 ], [ 94.10572, 26.54985 ], [ 94.11473, 26.55506 ], [ 94.107, 26.56979 ], [ 94.09738, 26.56832 ], [ 94.09956, 26.57682 ], [ 94.07804, 26.5745 ], [ 94.07679, 26.58581 ], [ 94.08248, 26.58497 ], [ 94.06885, 26.59439 ], [ 94.08494, 26.60718 ], [ 94.07752, 26.61464 ], [ 94.088, 26.62007 ], [ 94.08307, 26.62835 ], [ 94.09461, 26.62804 ], [ 94.09783, 26.64197 ], [ 94.08579, 26.64866 ], [ 94.08237, 26.66167 ], [ 94.06826, 26.66086 ], [ 94.06623, 26.66827 ], [ 94.05663, 26.66314 ], [ 94.05384, 26.67914 ], [ 94.04753, 26.67454 ], [ 94.04337, 26.68113 ], [ 94.04864, 26.68796 ], [ 94.0359, 26.70983 ], [ 94.04405, 26.71323 ], [ 94.03824, 26.72155 ], [ 94.04601, 26.72515 ], [ 94.04101, 26.73019 ], [ 94.04615, 26.73866 ], [ 94.0047, 26.74445 ], [ 93.99747, 26.7663 ], [ 93.97236, 26.76728 ], [ 93.97221, 26.77921 ], [ 93.98748, 26.78667 ], [ 93.97326, 26.79624 ], [ 93.97895, 26.80814 ] ] ] } },
{ "type": "Feature", "properties": { "District": "KAMRUP METRO", "STATE": "ASSAM", "country": "INDIA" }, "geometry": { "type": "Polygon", "coordinates": [ [ [ 91.97813, 26.27492 ], [ 91.972, 26.24832 ], [ 91.98002, 26.23926 ], [ 92.01036, 26.24288 ], [ 92.01361, 26.22802 ], [ 92.02801, 26.23253 ], [ 92.05549, 26.22058 ], [ 92.05161, 26.20765 ], [ 92.06014, 26.19645 ], [ 92.07635, 26.19568 ], [ 92.08176, 26.18517 ], [ 92.09366, 26.18867 ], [ 92.07996, 26.17734 ], [ 92.10661, 26.17211 ], [ 92.12969, 26.18059 ], [ 92.1497, 26.16153 ], [ 92.15468, 26.17088 ], [ 92.16698, 26.16399 ], [ 92.16346, 26.1218 ], [ 92.17614, 26.07795 ], [ 92.15268, 26.06714 ], [ 92.13262, 26.04424 ], [ 92.09729, 26.04922 ], [ 92.05143, 26.03279 ], [ 91.98906, 26.03853 ], [ 91.98357, 26.0258 ], [ 91.93115, 26.01236 ], [ 91.92027, 25.99776 ], [ 91.90979, 26.00863 ], [ 91.91469, 26.0205 ], [ 91.88304, 26.0261 ], [ 91.87475, 26.04302 ], [ 91.8673, 26.04202 ], [ 91.87917, 26.09798 ], [ 91.82728, 26.11914 ], [ 91.79136, 26.08523 ], [ 91.77728, 26.08935 ], [ 91.76273, 26.07235 ], [ 91.73106, 26.05893 ], [ 91.7369, 26.05625 ], [ 91.72305, 26.03496 ], [ 91.62753, 26.07003 ], [ 91.62926, 26.07472 ], [ 91.60016, 26.07561 ], [ 91.59825, 26.0609 ], [ 91.58647, 26.05774 ], [ 91.5794, 26.06824 ], [ 91.57848, 26.05906 ], [ 91.56799, 26.0601 ], [ 91.58715, 26.09028 ], [ 91.56411, 26.10432 ], [ 91.56474, 26.1493 ], [ 91.64824, 26.16513 ], [ 91.65741, 26.18247 ], [ 91.71942, 26.18491 ], [ 91.72378, 26.19651 ], [ 91.74894, 26.20904 ], [ 91.77092, 26.19848 ], [ 91.86968, 26.22109 ], [ 91.88288, 26.21739 ], [ 91.90853, 26.23102 ], [ 91.91903, 26.24644 ], [ 91.93384, 26.24322 ], [ 91.97813, 26.27492 ] ] ] } },
{ "type": "Feature", "properties": { "District": "KAMRUP RURAL", "STATE": "ASSAM", "country": "INDIA" }, "geometry": { "type": "Polygon", "coordinates": [ [ [ 91.58887, 26.51576 ], [ 91.61956, 26.51278 ], [ 91.61179, 26.49462 ], [ 91.61864, 26.4939 ], [ 91.61474, 26.48913 ], [ 91.61623, 26.48569 ], [ 91.62852, 26.49347 ], [ 91.62039, 26.47967 ], [ 91.62819, 26.48087 ], [ 91.62655, 26.47089 ], [ 91.61797, 26.46877 ], [ 91.62922, 26.46488 ], [ 91.62428, 26.45681 ], [ 91.62902, 26.46096 ], [ 91.63209, 26.4511 ], [ 91.62417, 26.44814 ], [ 91.63003, 26.44632 ], [ 91.67667, 26.44846 ], [ 91.7098, 26.47895 ], [ 91.7201, 26.47699 ], [ 91.72483, 26.50308 ], [ 91.75421, 26.49447 ], [ 91.75221, 26.48162 ], [ 91.77983, 26.48178 ], [ 91.77733, 26.47006 ], [ 91.76551, 26.46758 ], [ 91.77087, 26.43289 ], [ 91.78261, 26.40915 ], [ 91.7958, 26.40791 ], [ 91.80294, 26.38374 ], [ 91.81825, 26.3793 ], [ 91.8221, 26.37043 ], [ 91.81615, 26.34997 ], [ 91.82169, 26.33182 ], [ 91.80841, 26.32218 ], [ 91.81557, 26.31345 ], [ 91.79742, 26.31326 ], [ 91.79276, 26.32144 ], [ 91.79312, 26.31144 ], [ 91.78184, 26.30544 ], [ 91.79054, 26.2726 ], [ 91.78449, 26.25134 ], [ 91.74597, 26.22067 ], [ 91.74658, 26.20622 ], [ 91.72378, 26.19651 ], [ 91.71942, 26.18491 ], [ 91.65741, 26.18247 ], [ 91.65159, 26.16985 ], [ 91.64992, 26.1668 ], [ 91.64898, 26.16565 ], [ 91.64824, 26.16513 ], [ 91.56889, 26.15053 ], [ 91.5616, 26.1409 ], [ 91.56411, 26.10432 ], [ 91.58715, 26.09028 ], [ 91.56833, 26.05982 ], [ 91.57848, 26.05906 ], [ 91.5794, 26.06824 ], [ 91.58647, 26.05774 ], [ 91.59825, 26.0609 ], [ 91.60016, 26.07561 ], [ 91.62926, 26.07472 ], [ 91.62753, 26.07003 ], [ 91.72305, 26.03496 ], [ 91.72252, 25.96572 ], [ 91.71348, 25.94405 ], [ 91.7024, 25.94127 ], [ 91.6706, 25.90415 ], [ 91.65149, 25.90628 ], [ 91.60947, 25.93739 ], [ 91.61188, 25.94503 ], [ 91.62982, 25.94325 ], [ 91.64071, 25.96376 ], [ 91.62606, 25.98668 ], [ 91.6349, 26.01214 ], [ 91.6311, 26.02197 ], [ 91.61953, 26.02596 ], [ 91.59753, 26.01807 ], [ 91.57984, 26.03325 ], [ 91.55125, 25.9766 ], [ 91.53562, 25.9623 ], [ 91.51808, 25.95973 ], [ 91.51982, 25.93988 ], [ 91.50291, 25.92654 ], [ 91.50326, 25.91374 ], [ 91.53695, 25.93121 ], [ 91.50488, 25.90777 ], [ 91.49874, 25.89599 ], [ 91.5039, 25.89117 ], [ 91.484, 25.89304 ], [ 91.47481, 25.87402 ], [ 91.51314, 25.86571 ], [ 91.52659, 25.89107 ], [ 91.53519, 25.88388 ], [ 91.53043, 25.87125 ], [ 91.51372, 25.86397 ], [ 91.46308, 25.857 ], [ 91.44515, 25.83974 ], [ 91.42247, 25.85447 ], [ 91.36583, 25.84003 ], [ 91.33535, 25.84054 ], [ 91.27454, 25.75045 ], [ 91.22245, 25.72256 ], [ 91.21012, 25.72549 ], [ 91.19048, 25.74783 ], [ 91.18929, 25.76395 ], [ 91.17826, 25.77735 ], [ 91.19044, 25.81143 ], [ 91.18631, 25.81836 ], [ 91.20364, 25.84321 ], [ 91.19583, 25.86139 ], [ 91.18023, 25.84397 ], [ 91.14755, 25.85049 ], [ 91.12036, 25.83293 ], [ 91.06213, 25.82078 ], [ 91.04888, 25.82927 ], [ 91.07186, 25.83876 ], [ 91.0785, 25.85274 ], [ 91.04822, 25.8492 ], [ 91.02245, 25.82377 ], [ 91.00601, 25.82038 ], [ 91.0014, 25.8251 ], [ 91.01391, 25.85663 ], [ 91.02812, 25.86987 ], [ 91.03047, 25.89999 ], [ 91.05199, 25.93595 ], [ 91.04754, 25.94151 ], [ 91.08034, 25.97228 ], [ 91.09015, 26.00412 ], [ 91.09973, 26.01045 ], [ 91.08732, 26.02378 ], [ 91.08918, 26.03209 ], [ 91.06507, 26.0475 ], [ 91.0262, 26.04674 ], [ 91.01001, 26.05816 ], [ 90.98123, 26.06281 ], [ 90.95876, 26.08749 ], [ 90.94022, 26.09299 ], [ 90.99524, 26.11958 ], [ 91.00931, 26.11559 ], [ 90.9981, 26.12874 ], [ 91.02969, 26.11918 ], [ 91.0812, 26.16174 ], [ 91.10063, 26.16515 ], [ 91.11696, 26.15468 ], [ 91.21264, 26.18001 ], [ 91.29461, 26.15724 ], [ 91.35361, 26.1673 ], [ 91.39063, 26.13902 ], [ 91.41426, 26.13612 ], [ 91.42045, 26.17465 ], [ 91.41107, 26.20115 ], [ 91.4198, 26.2059 ], [ 91.42225, 26.23237 ], [ 91.41266, 26.26557 ], [ 91.42288, 26.26851 ], [ 91.43652, 26.26027 ], [ 91.45135, 26.26963 ], [ 91.45492, 26.32037 ], [ 91.46589, 26.31679 ], [ 91.48125, 26.32107 ], [ 91.48304, 26.33013 ], [ 91.52489, 26.33669 ], [ 91.51953, 26.35479 ], [ 91.52533, 26.37159 ], [ 91.53642, 26.37647 ], [ 91.52865, 26.39273 ], [ 91.56414, 26.43025 ], [ 91.54959, 26.46954 ], [ 91.56202, 26.48366 ], [ 91.55619, 26.52551 ], [ 91.58052, 26.53099 ], [ 91.58867, 26.52678 ], [ 91.58887, 26.51576 ] ] ] } },
{ "type": "Feature", "properties": { "District": "KARBI ANGLONG", "STATE": "ASSAM", "country": "INDIA" }, "geometry": { "type": "Polygon", "coordinates": [ [ [ 93.70179, 26.60727 ], [ 93.73519, 26.59385 ], [ 93.74008, 26.58363 ], [ 93.75227, 26.58503 ], [ 93.73315, 26.54979 ], [ 93.73895, 26.5399 ], [ 93.73152, 26.53793 ], [ 93.74198, 26.53769 ], [ 93.74346, 26.52757 ], [ 93.75596, 26.52909 ], [ 93.75126, 26.51835 ], [ 93.76966, 26.49775 ], [ 93.77892, 26.47585 ], [ 93.77067, 26.47396 ], [ 93.78553, 26.46469 ], [ 93.7944, 26.44025 ], [ 93.78306, 26.43876 ], [ 93.79388, 26.42859 ], [ 93.78124, 26.425 ], [ 93.7806, 26.415 ], [ 93.79908, 26.40887 ], [ 93.7748, 26.38404 ], [ 93.79396, 26.37596 ], [ 93.82671, 26.41785 ], [ 93.86558, 26.38898 ], [ 93.88386, 26.39209 ], [ 93.88307, 26.38133 ], [ 93.8886, 26.38122 ], [ 93.88111, 26.37261 ], [ 93.89415, 26.37193 ], [ 93.88308, 26.36205 ], [ 93.88909, 26.34631 ], [ 93.88138, 26.34568 ], [ 93.88653, 26.32829 ], [ 93.89475, 26.32911 ], [ 93.88647, 26.32379 ], [ 93.8938, 26.31557 ], [ 93.88363, 26.31933 ], [ 93.88502, 26.31067 ], [ 93.8738, 26.30985 ], [ 93.88506, 26.30263 ], [ 93.86853, 26.29453 ], [ 93.88108, 26.27372 ], [ 93.87081, 26.27564 ], [ 93.86843, 26.26633 ], [ 93.87482, 26.26401 ], [ 93.86532, 26.25816 ], [ 93.86716, 26.25115 ], [ 93.86045, 26.25252 ], [ 93.86477, 26.24593 ], [ 93.8549, 26.24717 ], [ 93.84771, 26.24141 ], [ 93.85529, 26.24555 ], [ 93.86459, 26.23541 ], [ 93.8515, 26.21574 ], [ 93.84045, 26.21787 ], [ 93.84409, 26.21229 ], [ 93.83382, 26.2072 ], [ 93.83412, 26.20046 ], [ 93.84116, 26.20495 ], [ 93.83795, 26.19459 ], [ 93.82906, 26.19642 ], [ 93.83512, 26.17602 ], [ 93.82727, 26.18062 ], [ 93.82156, 26.1726 ], [ 93.83063, 26.15818 ], [ 93.8254, 26.14422 ], [ 93.83115, 26.13691 ], [ 93.81833, 26.13706 ], [ 93.82801, 26.12783 ], [ 93.81723, 26.12272 ], [ 93.82009, 26.11007 ], [ 93.81206, 26.11233 ], [ 93.80646, 26.10258 ], [ 93.81416, 26.09087 ], [ 93.80489, 26.09366 ], [ 93.80586, 26.07142 ], [ 93.79662, 26.07127 ], [ 93.80531, 26.06465 ], [ 93.79464, 26.06133 ], [ 93.79732, 26.0525 ], [ 93.78707, 26.05443 ], [ 93.79501, 26.04171 ], [ 93.78008, 26.0397 ], [ 93.78712, 26.03122 ], [ 93.79964, 26.03137 ], [ 93.786, 26.02386 ], [ 93.79325, 26.01528 ], [ 93.78116, 26.00798 ], [ 93.78803, 26.00953 ], [ 93.79368, 25.99822 ], [ 93.80081, 26.00224 ], [ 93.7946, 25.99327 ], [ 93.80418, 25.98002 ], [ 93.78069, 25.98152 ], [ 93.77657, 25.96878 ], [ 93.76455, 25.96888 ], [ 93.76755, 25.95051 ], [ 93.7632, 25.95431 ], [ 93.74538, 25.94278 ], [ 93.75131, 25.93281 ], [ 93.68153, 25.90439 ], [ 93.70208, 25.85154 ], [ 93.71432, 25.84451 ], [ 93.6883, 25.84595 ], [ 93.66829, 25.82183 ], [ 93.64614, 25.82238 ], [ 93.63289, 25.80276 ], [ 93.6247, 25.80256 ], [ 93.62675, 25.78961 ], [ 93.61742, 25.77599 ], [ 93.60504, 25.7749 ], [ 93.60265, 25.76508 ], [ 93.58592, 25.76615 ], [ 93.57775, 25.75449 ], [ 93.56794, 25.75843 ], [ 93.57322, 25.75412 ], [ 93.56633, 25.75475 ], [ 93.56151, 25.73777 ], [ 93.54245, 25.73094 ], [ 93.53955, 25.72256 ], [ 93.54802, 25.71172 ], [ 93.54117, 25.69884 ], [ 93.52747, 25.69119 ], [ 93.52249, 25.69757 ], [ 93.51265, 25.68459 ], [ 93.51835, 25.67943 ], [ 93.49655, 25.65453 ], [ 93.45731, 25.64114 ], [ 93.4609, 25.63231 ], [ 93.44437, 25.63961 ], [ 93.43366, 25.62943 ], [ 93.42653, 25.63195 ], [ 93.42161, 25.61824 ], [ 93.41373, 25.62099 ], [ 93.40152, 25.61109 ], [ 93.39878, 25.59603 ], [ 93.3856, 25.59277 ], [ 93.35872, 25.55463 ], [ 93.33991, 25.5584 ], [ 93.32182, 25.53313 ], [ 93.30148, 25.53042 ], [ 93.29249, 25.54443 ], [ 93.27024, 25.53134 ], [ 93.25844, 25.54889 ], [ 93.21375, 25.54956 ], [ 93.20885, 25.54357 ], [ 93.17661, 25.59283 ], [ 93.17952, 25.6195 ], [ 93.19211, 25.63187 ], [ 93.17821, 25.6398 ], [ 93.1707, 25.66183 ], [ 93.15723, 25.66648 ], [ 93.14245, 25.66099 ], [ 93.1316, 25.6866 ], [ 93.14265, 25.71857 ], [ 93.15853, 25.72373 ], [ 93.17051, 25.71838 ], [ 93.18242, 25.72897 ], [ 93.22651, 25.72684 ], [ 93.22713, 25.76551 ], [ 93.24716, 25.78352 ], [ 93.24728, 25.80908 ], [ 93.23995, 25.80944 ], [ 93.24419, 25.82961 ], [ 93.23924, 25.85112 ], [ 93.22204, 25.85994 ], [ 93.19691, 25.89806 ], [ 93.18303, 25.90336 ], [ 93.17353, 25.95252 ], [ 93.1586, 25.96167 ], [ 93.15825, 25.99538 ], [ 93.12655, 26.0219 ], [ 93.1272, 26.03111 ], [ 93.0934, 26.03313 ], [ 93.10842, 26.07823 ], [ 93.08838, 26.07443 ], [ 93.08502, 26.08305 ], [ 93.08157, 26.07838 ], [ 93.07245, 26.08537 ], [ 93.06859, 26.07803 ], [ 93.05949, 26.07971 ], [ 93.05588, 26.08826 ], [ 93.03995, 26.08747 ], [ 93.03589, 26.10859 ], [ 92.96648, 26.12913 ], [ 92.95461, 26.14076 ], [ 92.93404, 26.13663 ], [ 92.93124, 26.15129 ], [ 92.94616, 26.15718 ], [ 92.95603, 26.17434 ], [ 92.95266, 26.19024 ], [ 92.93941, 26.20257 ], [ 92.88178, 26.20798 ], [ 92.80126, 26.20184 ], [ 92.794, 26.20505 ], [ 92.7936, 26.21951 ], [ 92.81514, 26.21405 ], [ 92.82705, 26.22511 ], [ 92.81504, 26.23304 ], [ 92.81388, 26.26256 ], [ 92.84157, 26.28384 ], [ 92.84399, 26.30511 ], [ 92.87972, 26.28373 ], [ 92.89226, 26.28845 ], [ 92.89859, 26.309 ], [ 92.9431, 26.32721 ], [ 92.93955, 26.35314 ], [ 92.90917, 26.35301 ], [ 92.92578, 26.37899 ], [ 92.90897, 26.37767 ], [ 92.90314, 26.38549 ], [ 92.88988, 26.37419 ], [ 92.89885, 26.38706 ], [ 92.88202, 26.38004 ], [ 92.90186, 26.40143 ], [ 92.92061, 26.39171 ], [ 92.93814, 26.40386 ], [ 92.94972, 26.39765 ], [ 92.97852, 26.42057 ], [ 93.01929, 26.42051 ], [ 93.04363, 26.43726 ], [ 93.056, 26.42827 ], [ 93.0496, 26.41612 ], [ 93.06117, 26.41591 ], [ 93.06708, 26.42317 ], [ 93.07749, 26.41918 ], [ 93.09166, 26.43357 ], [ 93.07909, 26.4284 ], [ 93.06735, 26.43098 ], [ 93.06887, 26.43534 ], [ 93.09928, 26.44581 ], [ 93.10556, 26.44085 ], [ 93.09917, 26.43303 ], [ 93.11813, 26.4416 ], [ 93.1039, 26.44887 ], [ 93.12838, 26.46416 ], [ 93.11041, 26.47106 ], [ 93.13626, 26.48436 ], [ 93.12739, 26.48037 ], [ 93.13294, 26.48967 ], [ 93.12473, 26.48829 ], [ 93.12526, 26.49578 ], [ 93.11881, 26.49241 ], [ 93.12452, 26.48309 ], [ 93.11168, 26.48377 ], [ 93.09816, 26.47299 ], [ 93.10814, 26.46698 ], [ 93.10246, 26.46012 ], [ 93.08929, 26.46062 ], [ 93.09034, 26.46874 ], [ 93.06449, 26.47938 ], [ 93.09032, 26.50001 ], [ 93.07052, 26.49138 ], [ 93.07025, 26.49684 ], [ 93.0666, 26.50031 ], [ 93.06853, 26.49143 ], [ 93.00865, 26.48121 ], [ 93.01276, 26.50749 ], [ 93.04828, 26.52596 ], [ 93.04298, 26.53508 ], [ 93.05992, 26.54472 ], [ 93.1012, 26.54283 ], [ 93.1143, 26.53032 ], [ 93.1415, 26.55559 ], [ 93.15086, 26.54639 ], [ 93.19129, 26.56708 ], [ 93.20927, 26.56395 ], [ 93.20968, 26.55616 ], [ 93.19999, 26.54348 ], [ 93.18044, 26.54036 ], [ 93.16094, 26.52404 ], [ 93.19944, 26.53348 ], [ 93.20976, 26.5148 ], [ 93.20424, 26.5014 ], [ 93.21732, 26.50746 ], [ 93.21296, 26.52966 ], [ 93.23332, 26.53573 ], [ 93.24456, 26.5325 ], [ 93.24606, 26.52358 ], [ 93.2634, 26.52115 ], [ 93.26978, 26.51482 ], [ 93.26337, 26.50893 ], [ 93.28421, 26.5198 ], [ 93.29146, 26.50455 ], [ 93.28781, 26.52069 ], [ 93.26392, 26.52742 ], [ 93.27543, 26.53389 ], [ 93.2735, 26.54523 ], [ 93.26461, 26.53368 ], [ 93.25653, 26.53199 ], [ 93.26266, 26.53789 ], [ 93.24705, 26.54498 ], [ 93.25647, 26.55115 ], [ 93.23507, 26.55286 ], [ 93.25075, 26.56977 ], [ 93.28157, 26.56912 ], [ 93.32594, 26.58486 ], [ 93.40275, 26.58019 ], [ 93.40622, 26.57503 ], [ 93.39741, 26.57153 ], [ 93.40868, 26.56922 ], [ 93.45297, 26.58084 ], [ 93.45685, 26.57605 ], [ 93.46469, 26.58599 ], [ 93.45532, 26.57201 ], [ 93.4637, 26.5694 ], [ 93.49161, 26.58712 ], [ 93.46981, 26.59165 ], [ 93.47795, 26.60322 ], [ 93.49547, 26.61119 ], [ 93.50947, 26.59353 ], [ 93.52366, 26.59369 ], [ 93.55328, 26.61267 ], [ 93.58602, 26.60366 ], [ 93.58285, 26.58047 ], [ 93.58973, 26.57082 ], [ 93.61092, 26.57767 ], [ 93.61, 26.56736 ], [ 93.61669, 26.56603 ], [ 93.62187, 26.59034 ], [ 93.63187, 26.59598 ], [ 93.70179, 26.60727 ] ] ] } },
{ "type": "Feature", "properties": { "District": "KARIMGANJ", "STATE": "ASSAM", "country": "INDIA" }, "geometry": { "type": "Polygon", "coordinates": [ [ [ 92.29669, 24.91599 ], [ 92.30695, 24.90203 ], [ 92.32675, 24.89641 ], [ 92.33922, 24.87826 ], [ 92.348, 24.89162 ], [ 92.3634, 24.87191 ], [ 92.37474, 24.87395 ], [ 92.38494, 24.85227 ], [ 92.4001, 24.84865 ], [ 92.40637, 24.85894 ], [ 92.4374, 24.85561 ], [ 92.4448, 24.87198 ], [ 92.47614, 24.86734 ], [ 92.5151, 24.87956 ], [ 92.52541, 24.86117 ], [ 92.55631, 24.87742 ], [ 92.57981, 24.87368 ], [ 92.58629, 24.86127 ], [ 92.58261, 24.84407 ], [ 92.54471, 24.80763 ], [ 92.54519, 24.76564 ], [ 92.52502, 24.75179 ], [ 92.5223, 24.72955 ], [ 92.49372, 24.68332 ], [ 92.49379, 24.67309 ], [ 92.50643, 24.66402 ], [ 92.50464, 24.58962 ], [ 92.51728, 24.57403 ], [ 92.50559, 24.53481 ], [ 92.50631, 24.43555 ], [ 92.47642, 24.32607 ], [ 92.43228, 24.25539 ], [ 92.21287, 24.24993 ], [ 92.27409, 24.38832 ], [ 92.25448, 24.42053 ], [ 92.2594, 24.43921 ], [ 92.23889, 24.4475 ], [ 92.23018, 24.46151 ], [ 92.23665, 24.48459 ], [ 92.23044, 24.50171 ], [ 92.21294, 24.50401 ], [ 92.23114, 24.53121 ], [ 92.23539, 24.59755 ], [ 92.25442, 24.67803 ], [ 92.29603, 24.73646 ], [ 92.27916, 24.7453 ], [ 92.29013, 24.75971 ], [ 92.2818, 24.77532 ], [ 92.28892, 24.78449 ], [ 92.27312, 24.80019 ], [ 92.27308, 24.82744 ], [ 92.24908, 24.82975 ], [ 92.25497, 24.83845 ], [ 92.24146, 24.84202 ], [ 92.23493, 24.86139 ], [ 92.24627, 24.86749 ], [ 92.2481, 24.88549 ], [ 92.23287, 24.90015 ], [ 92.24837, 24.90887 ], [ 92.27404, 24.90494 ], [ 92.29669, 24.91599 ] ] ] } },
{ "type": "Feature", "properties": { "District": "KOKRAJHAR", "STATE": "ASSAM", "country": "INDIA" }, "geometry": { "type": "Polygon", "coordinates": [ [ [ 90.3363, 26.86873 ], [ 90.37698, 26.71758 ], [ 90.374, 26.69577 ], [ 90.34686, 26.64144 ], [ 90.3572, 26.63134 ], [ 90.35393, 26.60977 ], [ 90.36632, 26.5821 ], [ 90.35495, 26.56994 ], [ 90.37131, 26.54437 ], [ 90.38869, 26.54198 ], [ 90.38217, 26.52891 ], [ 90.39146, 26.51453 ], [ 90.40358, 26.51176 ], [ 90.39321, 26.50315 ], [ 90.39977, 26.49513 ], [ 90.38622, 26.48523 ], [ 90.38915, 26.47715 ], [ 90.40503, 26.47526 ], [ 90.39773, 26.43453 ], [ 90.40699, 26.43776 ], [ 90.40358, 26.42875 ], [ 90.41527, 26.43067 ], [ 90.40354, 26.40668 ], [ 90.4169, 26.40774 ], [ 90.4164, 26.3907 ], [ 90.42572, 26.39606 ], [ 90.42806, 26.38587 ], [ 90.42084, 26.37959 ], [ 90.43359, 26.37659 ], [ 90.42638, 26.36741 ], [ 90.43725, 26.36485 ], [ 90.39514, 26.35935 ], [ 90.40491, 26.32078 ], [ 90.37924, 26.30929 ], [ 90.37471, 26.29086 ], [ 90.38118, 26.26864 ], [ 90.35538, 26.25821 ], [ 90.35354, 26.26982 ], [ 90.35859, 26.2654 ], [ 90.36279, 26.2731 ], [ 90.35186, 26.28714 ], [ 90.344, 26.27071 ], [ 90.3276, 26.27019 ], [ 90.3207, 26.27881 ], [ 90.30341, 26.25748 ], [ 90.30653, 26.24583 ], [ 90.28726, 26.2374 ], [ 90.28796, 26.2521 ], [ 90.25146, 26.2644 ], [ 90.25862, 26.27296 ], [ 90.27218, 26.26731 ], [ 90.28101, 26.29218 ], [ 90.26457, 26.31295 ], [ 90.26064, 26.32477 ], [ 90.26724, 26.33055 ], [ 90.25565, 26.33543 ], [ 90.25002, 26.32457 ], [ 90.22693, 26.33424 ], [ 90.21593, 26.3287 ], [ 90.22777, 26.34936 ], [ 90.21474, 26.35164 ], [ 90.22947, 26.35544 ], [ 90.23422, 26.36549 ], [ 90.22666, 26.38506 ], [ 90.20659, 26.37478 ], [ 90.20704, 26.36312 ], [ 90.18784, 26.34562 ], [ 90.1717, 26.34193 ], [ 90.14864, 26.35261 ], [ 90.11673, 26.33891 ], [ 90.11809, 26.31681 ], [ 90.10767, 26.31248 ], [ 90.12429, 26.30379 ], [ 90.11902, 26.29446 ], [ 90.12602, 26.28316 ], [ 90.13067, 26.29331 ], [ 90.14084, 26.29322 ], [ 90.14048, 26.27617 ], [ 90.11747, 26.25854 ], [ 90.10336, 26.26779 ], [ 90.09738, 26.26224 ], [ 90.10396, 26.25113 ], [ 90.12029, 26.25043 ], [ 90.12176, 26.23633 ], [ 90.13561, 26.22952 ], [ 90.13628, 26.21549 ], [ 90.14734, 26.22001 ], [ 90.15206, 26.20897 ], [ 90.11246, 26.19656 ], [ 90.10131, 26.18496 ], [ 90.09792, 26.19093 ], [ 90.08722, 26.18619 ], [ 90.06966, 26.16935 ], [ 90.06377, 26.17262 ], [ 90.02499, 26.12676 ], [ 89.99991, 26.12612 ], [ 89.98203, 26.13655 ], [ 89.96688, 26.12697 ], [ 89.9382, 26.13285 ], [ 89.93559, 26.11686 ], [ 89.91329, 26.11222 ], [ 89.90174, 26.11612 ], [ 89.91611, 26.11632 ], [ 89.90853, 26.13246 ], [ 89.88258, 26.13562 ], [ 89.8685, 26.14977 ], [ 89.87528, 26.18905 ], [ 89.86, 26.18804 ], [ 89.87299, 26.20209 ], [ 89.85992, 26.21992 ], [ 89.86967, 26.23409 ], [ 89.85866, 26.23827 ], [ 89.87416, 26.24732 ], [ 89.86602, 26.25795 ], [ 89.88451, 26.29856 ], [ 89.87953, 26.30702 ], [ 89.90562, 26.32623 ], [ 89.90486, 26.33641 ], [ 89.86918, 26.34956 ], [ 89.87562, 26.36278 ], [ 89.84489, 26.37268 ], [ 89.84581, 26.38453 ], [ 89.85898, 26.3844 ], [ 89.85101, 26.40275 ], [ 89.8376, 26.39098 ], [ 89.82998, 26.39556 ], [ 89.83525, 26.41202 ], [ 89.85748, 26.41198 ], [ 89.84916, 26.42279 ], [ 89.87215, 26.45207 ], [ 89.87244, 26.4645 ], [ 89.85397, 26.49183 ], [ 89.86899, 26.55387 ], [ 89.86449, 26.57324 ], [ 89.8826, 26.58339 ], [ 89.87377, 26.59134 ], [ 89.87842, 26.61553 ], [ 89.85825, 26.62338 ], [ 89.87693, 26.64851 ], [ 89.85895, 26.73492 ], [ 89.89733, 26.72434 ], [ 89.96706, 26.72347 ], [ 90.07464, 26.73601 ], [ 90.19452, 26.77327 ], [ 90.18767, 26.80681 ], [ 90.20077, 26.83529 ], [ 90.2305, 26.85891 ], [ 90.3003, 26.84822 ], [ 90.3363, 26.86873 ] ] ] } },
{ "type": "Feature", "properties": { "District": "LAKHIMPUR", "STATE": "ASSAM", "country": "INDIA" }, "geometry": { "type": "MultiPolygon", "coordinates": [ [ [ [ 94.26816, 27.52081 ], [ 94.27815, 27.46572 ], [ 94.30705, 27.43601 ], [ 94.30532, 27.39712 ], [ 94.29029, 27.38343 ], [ 94.2654, 27.40001 ], [ 94.24705, 27.39199 ], [ 94.27178, 27.36502 ], [ 94.29891, 27.3505 ], [ 94.30688, 27.31917 ], [ 94.32728, 27.31846 ], [ 94.3394, 27.3369 ], [ 94.37498, 27.34105 ], [ 94.39001, 27.35069 ], [ 94.39273, 27.34068 ], [ 94.40624, 27.33946 ], [ 94.40603, 27.33092 ], [ 94.41216, 27.33832 ], [ 94.41574, 27.33303 ], [ 94.42672, 27.33798 ], [ 94.42993, 27.31828 ], [ 94.44216, 27.31664 ], [ 94.44264, 27.30846 ], [ 94.44591, 27.32237 ], [ 94.45566, 27.32105 ], [ 94.4604, 27.33231 ], [ 94.47403, 27.32784 ], [ 94.48907, 27.33573 ], [ 94.49817, 27.33005 ], [ 94.51299, 27.34933 ], [ 94.53676, 27.34775 ], [ 94.59233, 27.37784 ], [ 94.59316, 27.35848 ], [ 94.61197, 27.355 ], [ 94.6182, 27.3651 ], [ 94.62898, 27.33886 ], [ 94.6065, 27.32882 ], [ 94.61374, 27.30655 ], [ 94.58659, 27.26744 ], [ 94.57355, 27.18627 ], [ 94.52636, 27.16251 ], [ 94.53317, 27.14788 ], [ 94.5106, 27.14231 ], [ 94.507, 27.12166 ], [ 94.49485, 27.1223 ], [ 94.47942, 27.13899 ], [ 94.46791, 27.11383 ], [ 94.43399, 27.11911 ], [ 94.41862, 27.09307 ], [ 94.36964, 27.09885 ], [ 94.33939, 27.08209 ], [ 94.3227, 27.088 ], [ 94.3121, 27.07122 ], [ 94.27874, 27.09512 ], [ 94.25469, 27.08836 ], [ 94.23432, 27.07178 ], [ 94.22375, 27.03199 ], [ 94.20414, 27.02873 ], [ 94.18747, 27.0354 ], [ 94.18889, 27.00458 ], [ 94.1339, 26.98834 ], [ 94.13432, 26.96914 ], [ 94.10271, 26.96992 ], [ 94.07998, 26.95998 ], [ 94.05991, 26.98301 ], [ 94.04083, 26.97573 ], [ 94.02436, 26.95654 ], [ 94.02282, 26.93201 ], [ 94.00912, 26.93056 ], [ 93.99662, 26.94238 ], [ 93.97366, 26.92269 ], [ 93.92613, 26.93036 ], [ 93.91718, 26.92284 ], [ 93.91655, 26.90748 ], [ 93.89168, 26.89229 ], [ 93.89681, 26.87183 ], [ 93.88206, 26.85811 ], [ 93.83513, 26.85106 ], [ 93.82385, 26.82529 ], [ 93.80094, 26.82163 ], [ 93.78862, 26.82949 ], [ 93.76982, 26.84546 ], [ 93.78912, 26.85935 ], [ 93.78071, 26.88574 ], [ 93.73952, 26.89862 ], [ 93.73927, 26.90939 ], [ 93.74903, 26.91406 ], [ 93.74385, 26.95853 ], [ 93.69778, 26.9942 ], [ 93.72338, 27.02081 ], [ 93.76742, 27.03944 ], [ 93.77087, 27.06204 ], [ 93.77828, 27.04894 ], [ 93.78268, 27.06473 ], [ 93.78942, 27.0506 ], [ 93.79441, 27.06192 ], [ 93.80022, 27.05785 ], [ 93.79304, 27.06828 ], [ 93.79378, 27.07234 ], [ 93.80336, 27.05806 ], [ 93.81139, 27.05894 ], [ 93.81035, 27.06729 ], [ 93.81499, 27.06146 ], [ 93.83567, 27.0743 ], [ 93.82507, 27.11642 ], [ 93.80943, 27.12334 ], [ 93.81245, 27.13093 ], [ 93.79691, 27.12894 ], [ 93.79477, 27.13605 ], [ 93.80539, 27.13713 ], [ 93.806, 27.14876 ], [ 93.86423, 27.19615 ], [ 93.99125, 27.32835 ], [ 94.05981, 27.36154 ], [ 94.0896, 27.40705 ], [ 94.15942, 27.46162 ], [ 94.15667, 27.47486 ], [ 94.26816, 27.52081 ] ] ], [ [ [ 94.26811, 27.52105 ], [ 94.26811, 27.52102 ], [ 94.26809, 27.52105 ], [ 94.26811, 27.52105 ] ] ] ] } },
{ "type": "Feature", "properties": { "District": "MAJULI", "STATE": "ASSAM", "country": "INDIA" }, "geometry": { "type": "Polygon", "coordinates": [ [ [ 94.59304, 27.1457 ], [ 94.54287, 27.07544 ], [ 94.50167, 27.03998 ], [ 94.47534, 27.0311 ], [ 94.46018, 26.99544 ], [ 94.39786, 26.95917 ], [ 94.37593, 26.92083 ], [ 94.332, 26.88277 ], [ 94.25549, 26.86651 ], [ 94.23447, 26.86498 ], [ 94.22874, 26.87161 ], [ 94.18454, 26.85544 ], [ 94.13302, 26.84869 ], [ 94.08924, 26.82775 ], [ 94.08341, 26.82172 ], [ 94.08935, 26.81955 ], [ 94.05195, 26.80681 ], [ 93.97895, 26.80814 ], [ 93.97326, 26.79624 ], [ 93.98748, 26.78667 ], [ 93.96318, 26.77294 ], [ 93.9566, 26.76034 ], [ 93.90148, 26.75073 ], [ 93.89178, 26.76517 ], [ 93.89136, 26.74395 ], [ 93.84965, 26.762 ], [ 93.80971, 26.79215 ], [ 93.76901, 26.77273 ], [ 93.64893, 26.77459 ], [ 93.64868, 26.78815 ], [ 93.67032, 26.801 ], [ 93.68934, 26.7976 ], [ 93.71022, 26.81559 ], [ 93.75095, 26.80367 ], [ 93.76991, 26.84487 ], [ 93.80013, 26.8219 ], [ 93.82385, 26.82529 ], [ 93.83513, 26.85106 ], [ 93.89181, 26.86547 ], [ 93.89681, 26.87183 ], [ 93.89168, 26.89229 ], [ 93.91655, 26.90748 ], [ 93.92245, 26.92829 ], [ 93.97366, 26.92269 ], [ 93.99662, 26.94238 ], [ 94.00912, 26.93056 ], [ 94.02282, 26.93201 ], [ 94.02436, 26.95654 ], [ 94.04427, 26.9779 ], [ 94.06021, 26.98301 ], [ 94.07998, 26.95998 ], [ 94.10271, 26.96992 ], [ 94.13432, 26.96914 ], [ 94.1339, 26.98834 ], [ 94.18889, 27.00458 ], [ 94.18747, 27.0354 ], [ 94.20414, 27.02873 ], [ 94.22375, 27.03199 ], [ 94.23432, 27.07178 ], [ 94.25469, 27.08836 ], [ 94.27874, 27.09512 ], [ 94.3121, 27.07122 ], [ 94.3227, 27.088 ], [ 94.33939, 27.08209 ], [ 94.36964, 27.09885 ], [ 94.41862, 27.09307 ], [ 94.43399, 27.11911 ], [ 94.46791, 27.11383 ], [ 94.47942, 27.13899 ], [ 94.49485, 27.1223 ], [ 94.507, 27.12166 ], [ 94.5106, 27.14231 ], [ 94.53317, 27.14788 ], [ 94.5255, 27.16156 ], [ 94.55605, 27.17459 ], [ 94.56119, 27.18387 ], [ 94.59304, 27.1457 ] ] ] } },
{ "type": "Feature", "properties": { "District": "MARIGAON", "STATE": "ASSAM", "country": "INDIA" }, "geometry": { "type": "Polygon", "coordinates": [ [ [ 92.41969, 26.51199 ], [ 92.41979, 26.47898 ], [ 92.42843, 26.47651 ], [ 92.44107, 26.45188 ], [ 92.4419, 26.43637 ], [ 92.42802, 26.42774 ], [ 92.4243, 26.41361 ], [ 92.43397, 26.41301 ], [ 92.44063, 26.37028 ], [ 92.46984, 26.37433 ], [ 92.48586, 26.36342 ], [ 92.50274, 26.38214 ], [ 92.50658, 26.37184 ], [ 92.55146, 26.38217 ], [ 92.56682, 26.37219 ], [ 92.56818, 26.33787 ], [ 92.55262, 26.30837 ], [ 92.50412, 26.27307 ], [ 92.4192, 26.27015 ], [ 92.4078, 26.24416 ], [ 92.42536, 26.23198 ], [ 92.43086, 26.19083 ], [ 92.41692, 26.15242 ], [ 92.39888, 26.13749 ], [ 92.40833, 26.12573 ], [ 92.36289, 26.07758 ], [ 92.35963, 26.09161 ], [ 92.32986, 26.07681 ], [ 92.32341, 26.08633 ], [ 92.30353, 26.08631 ], [ 92.30031, 26.07761 ], [ 92.2938, 26.08222 ], [ 92.28167, 26.06896 ], [ 92.25832, 26.06346 ], [ 92.17754, 26.06877 ], [ 92.16346, 26.1218 ], [ 92.16698, 26.16399 ], [ 92.15468, 26.17088 ], [ 92.1497, 26.16153 ], [ 92.12969, 26.18059 ], [ 92.10661, 26.17211 ], [ 92.07996, 26.17734 ], [ 92.09366, 26.18867 ], [ 92.08176, 26.18517 ], [ 92.07635, 26.19568 ], [ 92.06014, 26.19645 ], [ 92.05161, 26.20765 ], [ 92.05549, 26.22058 ], [ 92.02801, 26.23253 ], [ 92.01361, 26.22802 ], [ 92.01036, 26.24288 ], [ 91.98304, 26.23833 ], [ 91.972, 26.24832 ], [ 91.98021, 26.27547 ], [ 91.99205, 26.26973 ], [ 92.01539, 26.28315 ], [ 92.0322, 26.27035 ], [ 92.04783, 26.27875 ], [ 92.08416, 26.33898 ], [ 92.09982, 26.34104 ], [ 92.10395, 26.35453 ], [ 92.1585, 26.41397 ], [ 92.18187, 26.4245 ], [ 92.21863, 26.41572 ], [ 92.24459, 26.44615 ], [ 92.28116, 26.45425 ], [ 92.31001, 26.48435 ], [ 92.34722, 26.50776 ], [ 92.36076, 26.50548 ], [ 92.38364, 26.51657 ], [ 92.41969, 26.51199 ] ] ] } },
{ "type": "Feature", "properties": { "District": "NAGAON", "STATE": "ASSAM", "country": "INDIA" }, "geometry": { "type": "Polygon", "coordinates": [ [ [ 93.30392, 26.70041 ], [ 93.31716, 26.67887 ], [ 93.30667, 26.66764 ], [ 93.31752, 26.65055 ], [ 93.30458, 26.63682 ], [ 93.28688, 26.63724 ], [ 93.29646, 26.61194 ], [ 93.29138, 26.59068 ], [ 93.30216, 26.58043 ], [ 93.28157, 26.56912 ], [ 93.25117, 26.56996 ], [ 93.23487, 26.55371 ], [ 93.25647, 26.55115 ], [ 93.24705, 26.54498 ], [ 93.26266, 26.53789 ], [ 93.25653, 26.53199 ], [ 93.2735, 26.54523 ], [ 93.27543, 26.53389 ], [ 93.26392, 26.52742 ], [ 93.28781, 26.52069 ], [ 93.29209, 26.50467 ], [ 93.28421, 26.5198 ], [ 93.26337, 26.50893 ], [ 93.26978, 26.51482 ], [ 93.2634, 26.52115 ], [ 93.24606, 26.52358 ], [ 93.24456, 26.5325 ], [ 93.23332, 26.53573 ], [ 93.21296, 26.52966 ], [ 93.21732, 26.50746 ], [ 93.20424, 26.5014 ], [ 93.20976, 26.5148 ], [ 93.19944, 26.53348 ], [ 93.16094, 26.52404 ], [ 93.18044, 26.54036 ], [ 93.19999, 26.54348 ], [ 93.20968, 26.55616 ], [ 93.20927, 26.56395 ], [ 93.19129, 26.56708 ], [ 93.15086, 26.54639 ], [ 93.1415, 26.55559 ], [ 93.1143, 26.53032 ], [ 93.1012, 26.54283 ], [ 93.05992, 26.54472 ], [ 93.04298, 26.53508 ], [ 93.04828, 26.52596 ], [ 93.01276, 26.50749 ], [ 93.00865, 26.48121 ], [ 93.06853, 26.49143 ], [ 93.0666, 26.50031 ], [ 93.07052, 26.49138 ], [ 93.09032, 26.50001 ], [ 93.06449, 26.47938 ], [ 93.09034, 26.46874 ], [ 93.08929, 26.46062 ], [ 93.10246, 26.46012 ], [ 93.10814, 26.46698 ], [ 93.09816, 26.47299 ], [ 93.11168, 26.48377 ], [ 93.12452, 26.48309 ], [ 93.11881, 26.49241 ], [ 93.12526, 26.49578 ], [ 93.12473, 26.48829 ], [ 93.13294, 26.48967 ], [ 93.12739, 26.48037 ], [ 93.13626, 26.48436 ], [ 93.11041, 26.47106 ], [ 93.12838, 26.46416 ], [ 93.1039, 26.44887 ], [ 93.11813, 26.4416 ], [ 93.09917, 26.43303 ], [ 93.10556, 26.44085 ], [ 93.09928, 26.44581 ], [ 93.06887, 26.43534 ], [ 93.07909, 26.4284 ], [ 93.0841, 26.43367 ], [ 93.09166, 26.43357 ], [ 93.07749, 26.41918 ], [ 93.06708, 26.42317 ], [ 93.06095, 26.41589 ], [ 93.0496, 26.41612 ], [ 93.056, 26.42827 ], [ 93.04363, 26.43726 ], [ 93.01929, 26.42051 ], [ 92.97852, 26.42057 ], [ 92.94972, 26.39765 ], [ 92.93814, 26.40386 ], [ 92.92061, 26.39171 ], [ 92.90186, 26.40143 ], [ 92.88331, 26.38355 ], [ 92.90015, 26.38667 ], [ 92.89234, 26.37349 ], [ 92.90314, 26.38549 ], [ 92.90897, 26.37767 ], [ 92.92578, 26.37899 ], [ 92.90937, 26.35253 ], [ 92.93955, 26.35314 ], [ 92.9454, 26.33181 ], [ 92.92138, 26.31318 ], [ 92.91357, 26.31754 ], [ 92.89859, 26.309 ], [ 92.89226, 26.28845 ], [ 92.87972, 26.28373 ], [ 92.84399, 26.30511 ], [ 92.84157, 26.28384 ], [ 92.81388, 26.26256 ], [ 92.81504, 26.23304 ], [ 92.82705, 26.22511 ], [ 92.81514, 26.21405 ], [ 92.7936, 26.21951 ], [ 92.794, 26.20505 ], [ 92.80196, 26.20183 ], [ 92.77629, 26.19963 ], [ 92.77844, 26.18696 ], [ 92.75553, 26.18064 ], [ 92.7617, 26.15716 ], [ 92.75142, 26.14204 ], [ 92.72253, 26.15094 ], [ 92.70586, 26.14229 ], [ 92.7038, 26.12524 ], [ 92.73207, 26.11539 ], [ 92.72302, 26.10091 ], [ 92.74117, 26.10104 ], [ 92.72988, 26.08957 ], [ 92.73921, 26.08579 ], [ 92.73238, 26.07139 ], [ 92.75092, 26.07555 ], [ 92.75816, 26.06172 ], [ 92.71736, 26.0583 ], [ 92.70887, 26.04524 ], [ 92.71682, 26.03619 ], [ 92.71331, 26.01806 ], [ 92.66688, 26.02838 ], [ 92.65441, 26.0196 ], [ 92.65553, 26.00025 ], [ 92.63615, 25.99895 ], [ 92.61132, 25.97762 ], [ 92.59618, 25.97822 ], [ 92.58874, 25.96401 ], [ 92.55256, 25.96548 ], [ 92.54599, 25.97156 ], [ 92.56623, 26.01072 ], [ 92.59379, 26.02148 ], [ 92.59444, 26.02361 ], [ 92.5795, 26.03328 ], [ 92.59569, 26.08076 ], [ 92.57461, 26.09485 ], [ 92.57246, 26.11584 ], [ 92.54768, 26.11075 ], [ 92.53639, 26.09646 ], [ 92.51966, 26.10243 ], [ 92.5289, 26.15088 ], [ 92.52149, 26.1554 ], [ 92.50876, 26.14127 ], [ 92.48663, 26.14941 ], [ 92.47886, 26.12896 ], [ 92.45388, 26.11562 ], [ 92.44144, 26.0956 ], [ 92.42736, 26.0988 ], [ 92.41443, 26.11562 ], [ 92.3954, 26.11362 ], [ 92.40833, 26.12573 ], [ 92.39888, 26.13749 ], [ 92.41692, 26.15242 ], [ 92.43086, 26.19083 ], [ 92.42536, 26.23198 ], [ 92.4078, 26.24416 ], [ 92.4192, 26.27015 ], [ 92.50412, 26.27307 ], [ 92.55262, 26.30837 ], [ 92.56818, 26.33787 ], [ 92.56682, 26.37219 ], [ 92.55146, 26.38217 ], [ 92.50658, 26.37184 ], [ 92.50274, 26.38214 ], [ 92.48586, 26.36342 ], [ 92.46984, 26.37433 ], [ 92.44063, 26.37028 ], [ 92.43397, 26.41301 ], [ 92.4243, 26.41361 ], [ 92.42802, 26.42774 ], [ 92.4419, 26.43637 ], [ 92.44107, 26.45188 ], [ 92.42843, 26.47651 ], [ 92.41979, 26.47898 ], [ 92.41899, 26.51708 ], [ 92.44744, 26.5177 ], [ 92.46745, 26.49628 ], [ 92.52259, 26.5081 ], [ 92.57583, 26.49971 ], [ 92.66302, 26.52236 ], [ 92.68866, 26.51001 ], [ 92.72158, 26.53636 ], [ 92.72876, 26.51783 ], [ 92.75086, 26.51141 ], [ 92.77145, 26.55585 ], [ 92.79467, 26.55706 ], [ 92.84204, 26.58442 ], [ 92.86918, 26.58169 ], [ 92.89283, 26.59573 ], [ 92.91695, 26.59496 ], [ 92.93497, 26.6159 ], [ 92.9512, 26.6204 ], [ 92.99308, 26.61369 ], [ 92.99608, 26.60415 ], [ 93.01377, 26.59771 ], [ 93.07112, 26.59792 ], [ 93.09496, 26.57768 ], [ 93.10984, 26.57801 ], [ 93.14927, 26.5938 ], [ 93.16755, 26.61204 ], [ 93.21979, 26.63105 ], [ 93.22655, 26.66057 ], [ 93.2435, 26.68494 ], [ 93.27386, 26.68532 ], [ 93.30392, 26.70041 ] ] ] } },
{ "type": "Feature", "properties": { "District": "NALBARI", "STATE": "ASSAM", "country": "INDIA" }, "geometry": { "type": "Polygon", "coordinates": [ [ [ 91.35528, 26.51078 ], [ 91.35401, 26.50048 ], [ 91.36142, 26.50096 ], [ 91.36323, 26.51129 ], [ 91.35456, 26.51111 ], [ 91.35265, 26.524 ], [ 91.45978, 26.54271 ], [ 91.42883, 26.54934 ], [ 91.43429, 26.56343 ], [ 91.4676, 26.56261 ], [ 91.47579, 26.57094 ], [ 91.49125, 26.56114 ], [ 91.4943, 26.53386 ], [ 91.50635, 26.53245 ], [ 91.52503, 26.54473 ], [ 91.52826, 26.55873 ], [ 91.58322, 26.56852 ], [ 91.58443, 26.55475 ], [ 91.57404, 26.55539 ], [ 91.57869, 26.52928 ], [ 91.55611, 26.52521 ], [ 91.56202, 26.48366 ], [ 91.54959, 26.46954 ], [ 91.56414, 26.43025 ], [ 91.52865, 26.39273 ], [ 91.53642, 26.37647 ], [ 91.52533, 26.37159 ], [ 91.51953, 26.35479 ], [ 91.52489, 26.33669 ], [ 91.48304, 26.33013 ], [ 91.48125, 26.32107 ], [ 91.46589, 26.31679 ], [ 91.45492, 26.32037 ], [ 91.45135, 26.26963 ], [ 91.43652, 26.26027 ], [ 91.42288, 26.26851 ], [ 91.41266, 26.26557 ], [ 91.42225, 26.23237 ], [ 91.4198, 26.2059 ], [ 91.41107, 26.20115 ], [ 91.42045, 26.17465 ], [ 91.41381, 26.13605 ], [ 91.39063, 26.13902 ], [ 91.35361, 26.1673 ], [ 91.29642, 26.15732 ], [ 91.25565, 26.16309 ], [ 91.22205, 26.17941 ], [ 91.2373, 26.18028 ], [ 91.24842, 26.20076 ], [ 91.21518, 26.22134 ], [ 91.2156, 26.23921 ], [ 91.23183, 26.2457 ], [ 91.24083, 26.26028 ], [ 91.21851, 26.26018 ], [ 91.21697, 26.27086 ], [ 91.2269, 26.28255 ], [ 91.2404, 26.27945 ], [ 91.26104, 26.28934 ], [ 91.25011, 26.30191 ], [ 91.26136, 26.30423 ], [ 91.25582, 26.31486 ], [ 91.26983, 26.32902 ], [ 91.26707, 26.34058 ], [ 91.27729, 26.34096 ], [ 91.27981, 26.35571 ], [ 91.2709, 26.36461 ], [ 91.28255, 26.37517 ], [ 91.26492, 26.37089 ], [ 91.26528, 26.36079 ], [ 91.24846, 26.36707 ], [ 91.24431, 26.38097 ], [ 91.23549, 26.37874 ], [ 91.24196, 26.38823 ], [ 91.23354, 26.39956 ], [ 91.24186, 26.40431 ], [ 91.23088, 26.43999 ], [ 91.26583, 26.49105 ], [ 91.24758, 26.52031 ], [ 91.26368, 26.52157 ], [ 91.26623, 26.53499 ], [ 91.29678, 26.54626 ], [ 91.31143, 26.51692 ], [ 91.28938, 26.51538 ], [ 91.28414, 26.50264 ], [ 91.30229, 26.50009 ], [ 91.29675, 26.48495 ], [ 91.32793, 26.49046 ], [ 91.35528, 26.51078 ] ] ] } },
{ "type": "Feature", "properties": { "District": "SIBSAGAR", "STATE": "ASSAM", "country": "INDIA" }, "geometry": { "type": "Polygon", "coordinates": [ [ [ 94.76994, 27.24339 ], [ 94.77404, 27.23602 ], [ 94.76608, 27.22046 ], [ 94.78095, 27.19971 ], [ 94.77733, 27.18633 ], [ 94.76837, 27.18497 ], [ 94.77858, 27.17125 ], [ 94.75525, 27.15165 ], [ 94.75345, 27.14059 ], [ 94.7606, 27.12997 ], [ 94.81753, 27.1147 ], [ 94.80836, 27.09685 ], [ 94.81542, 27.1017 ], [ 94.8368, 27.09201 ], [ 94.82491, 27.05727 ], [ 94.8269, 27.01879 ], [ 94.83965, 27.02666 ], [ 94.84284, 27.01828 ], [ 94.84755, 27.02688 ], [ 94.86688, 27.02942 ], [ 94.86985, 27.03836 ], [ 94.88074, 27.03462 ], [ 94.88984, 27.04688 ], [ 94.90842, 27.03302 ], [ 94.8312, 26.99012 ], [ 94.79048, 26.9229 ], [ 94.84802, 26.92936 ], [ 94.93228, 26.98366 ], [ 94.93954, 26.98067 ], [ 94.9418, 26.95958 ], [ 94.91437, 26.93677 ], [ 94.87359, 26.91752 ], [ 94.85012, 26.87459 ], [ 94.81749, 26.84751 ], [ 94.81446, 26.81954 ], [ 94.79525, 26.81442 ], [ 94.80272, 26.80132 ], [ 94.77022, 26.78904 ], [ 94.75833, 26.76601 ], [ 94.74018, 26.77598 ], [ 94.73689, 26.76372 ], [ 94.69235, 26.73193 ], [ 94.61913, 26.71199 ], [ 94.6208, 26.72279 ], [ 94.60806, 26.72883 ], [ 94.60924, 26.73719 ], [ 94.58462, 26.7246 ], [ 94.58456, 26.73374 ], [ 94.57064, 26.74336 ], [ 94.57264, 26.75236 ], [ 94.55634, 26.75661 ], [ 94.54958, 26.74887 ], [ 94.51221, 26.772 ], [ 94.52426, 26.78889 ], [ 94.51531, 26.79508 ], [ 94.52585, 26.79989 ], [ 94.50367, 26.82616 ], [ 94.48573, 26.83099 ], [ 94.49652, 26.86686 ], [ 94.49268, 26.88229 ], [ 94.47416, 26.89262 ], [ 94.48198, 26.90531 ], [ 94.47379, 26.93535 ], [ 94.46231, 26.94211 ], [ 94.43815, 26.93539 ], [ 94.41787, 26.94331 ], [ 94.40572, 26.93305 ], [ 94.39529, 26.95493 ], [ 94.46018, 26.99544 ], [ 94.47534, 27.0311 ], [ 94.50167, 27.03998 ], [ 94.54432, 27.077 ], [ 94.61478, 27.17671 ], [ 94.6419, 27.24674 ], [ 94.6783, 27.24334 ], [ 94.6948, 27.27215 ], [ 94.72058, 27.24567 ], [ 94.71787, 27.26324 ], [ 94.73588, 27.2755 ], [ 94.74963, 27.26925 ], [ 94.74021, 27.25359 ], [ 94.74495, 27.24543 ], [ 94.76994, 27.24339 ] ] ] } },
{ "type": "Feature", "properties": { "District": "SONITPUR", "STATE": "ASSAM", "country": "INDIA" }, "geometry": { "type": "Polygon", "coordinates": [ [ [ 92.76322, 27.02731 ], [ 92.83886, 27.00485 ], [ 92.88661, 26.99975 ], [ 92.91841, 26.98231 ], [ 92.91715, 26.96293 ], [ 92.98286, 26.93552 ], [ 92.93966, 26.89377 ], [ 92.9035, 26.87876 ], [ 92.95927, 26.87706 ], [ 92.95701, 26.85624 ], [ 92.94603, 26.84977 ], [ 92.95148, 26.82756 ], [ 92.93922, 26.82234 ], [ 92.94699, 26.82078 ], [ 92.94281, 26.80598 ], [ 92.97277, 26.79171 ], [ 92.97302, 26.76934 ], [ 92.96619, 26.76147 ], [ 92.97494, 26.76225 ], [ 92.97814, 26.75465 ], [ 92.96615, 26.74475 ], [ 92.96895, 26.73792 ], [ 92.98003, 26.73987 ], [ 92.98292, 26.71298 ], [ 92.96025, 26.69389 ], [ 92.96968, 26.65538 ], [ 92.94888, 26.65045 ], [ 92.97068, 26.64596 ], [ 92.97404, 26.61826 ], [ 92.94051, 26.61859 ], [ 92.91695, 26.59496 ], [ 92.89283, 26.59573 ], [ 92.86918, 26.58169 ], [ 92.84204, 26.58442 ], [ 92.79467, 26.55706 ], [ 92.77145, 26.55585 ], [ 92.75086, 26.51141 ], [ 92.72876, 26.51783 ], [ 92.72158, 26.53636 ], [ 92.68866, 26.51001 ], [ 92.66302, 26.52236 ], [ 92.57583, 26.49971 ], [ 92.52259, 26.5081 ], [ 92.46745, 26.49628 ], [ 92.45807, 26.49953 ], [ 92.45196, 26.51514 ], [ 92.43654, 26.5203 ], [ 92.38288, 26.5165 ], [ 92.34415, 26.50471 ], [ 92.3314, 26.51591 ], [ 92.35419, 26.53486 ], [ 92.3807, 26.52753 ], [ 92.36758, 26.55908 ], [ 92.3609, 26.5587 ], [ 92.36609, 26.56623 ], [ 92.35218, 26.57006 ], [ 92.36469, 26.58918 ], [ 92.35518, 26.6075 ], [ 92.37577, 26.61367 ], [ 92.37574, 26.6294 ], [ 92.39531, 26.62707 ], [ 92.40178, 26.63586 ], [ 92.38827, 26.6487 ], [ 92.36302, 26.64321 ], [ 92.36402, 26.69821 ], [ 92.34445, 26.69281 ], [ 92.35293, 26.68684 ], [ 92.3488, 26.6642 ], [ 92.33144, 26.66278 ], [ 92.33878, 26.69101 ], [ 92.33237, 26.69449 ], [ 92.34627, 26.70482 ], [ 92.33177, 26.72194 ], [ 92.34187, 26.72925 ], [ 92.33191, 26.7252 ], [ 92.33734, 26.73317 ], [ 92.32347, 26.73917 ], [ 92.33413, 26.74216 ], [ 92.32799, 26.75695 ], [ 92.3364, 26.76589 ], [ 92.32864, 26.77169 ], [ 92.34027, 26.77128 ], [ 92.32751, 26.80309 ], [ 92.3349, 26.8104 ], [ 92.32785, 26.81268 ], [ 92.33623, 26.82254 ], [ 92.33288, 26.84205 ], [ 92.34286, 26.85184 ], [ 92.34264, 26.88266 ], [ 92.35759, 26.92588 ], [ 92.3648, 26.93212 ], [ 92.39833, 26.92469 ], [ 92.41201, 26.94276 ], [ 92.42581, 26.94104 ], [ 92.44747, 26.95881 ], [ 92.58334, 26.95954 ], [ 92.6448, 26.98666 ], [ 92.67248, 27.03165 ], [ 92.72292, 27.01821 ], [ 92.76322, 27.02731 ] ] ] } },
{ "type": "Feature", "properties": { "District": "SOUTH SALMARA MANCACHAR", "STATE": "ASSAM", "country": "INDIA" }, "geometry": { "type": "Polygon", "coordinates": [ [ [ 90.05949, 25.99249 ], [ 90.07636, 25.97785 ], [ 90.07394, 25.96906 ], [ 90.0867, 25.96047 ], [ 90.09685, 25.96802 ], [ 90.09877, 25.96194 ], [ 90.08301, 25.95251 ], [ 90.08138, 25.91755 ], [ 90.06055, 25.91346 ], [ 90.04239, 25.88762 ], [ 90.02551, 25.89572 ], [ 90.01107, 25.88461 ], [ 90.00563, 25.87847 ], [ 90.02382, 25.86722 ], [ 90.01575, 25.85073 ], [ 90.0007, 25.8462 ], [ 90.00359, 25.83924 ], [ 89.97109, 25.82637 ], [ 89.96397, 25.83306 ], [ 89.96765, 25.82252 ], [ 89.962, 25.82019 ], [ 89.95416, 25.82127 ], [ 89.95768, 25.82911 ], [ 89.94826, 25.82547 ], [ 89.95935, 25.77993 ], [ 89.95478, 25.76718 ], [ 89.93523, 25.75449 ], [ 89.93728, 25.74512 ], [ 89.92428, 25.73834 ], [ 89.89888, 25.74709 ], [ 89.89363, 25.7397 ], [ 89.92358, 25.69449 ], [ 89.94442, 25.67926 ], [ 89.95045, 25.6556 ], [ 89.97916, 25.63878 ], [ 89.98318, 25.62679 ], [ 90.00412, 25.62674 ], [ 90.02025, 25.60749 ], [ 90.003, 25.58542 ], [ 89.9835, 25.59125 ], [ 89.97216, 25.57349 ], [ 89.89865, 25.56051 ], [ 89.87836, 25.55033 ], [ 89.87883, 25.5377 ], [ 89.86794, 25.52424 ], [ 89.87335, 25.51689 ], [ 89.88349, 25.51911 ], [ 89.88594, 25.50792 ], [ 89.87287, 25.50742 ], [ 89.87169, 25.47735 ], [ 89.85225, 25.46588 ], [ 89.84931, 25.4928 ], [ 89.85391, 25.50424 ], [ 89.86964, 25.51091 ], [ 89.85127, 25.53863 ], [ 89.86604, 25.54619 ], [ 89.88251, 25.6172 ], [ 89.87109, 25.66255 ], [ 89.84669, 25.69562 ], [ 89.85053, 25.71296 ], [ 89.83471, 25.71607 ], [ 89.82688, 25.73291 ], [ 89.84135, 25.75899 ], [ 89.82662, 25.80997 ], [ 89.81654, 25.8143 ], [ 89.83528, 25.84073 ], [ 89.83257, 25.87061 ], [ 89.84327, 25.8827 ], [ 89.8764, 25.87905 ], [ 89.89783, 25.90033 ], [ 89.93029, 25.90631 ], [ 89.93728, 25.92465 ], [ 89.94892, 25.925 ], [ 89.94514, 25.94996 ], [ 89.95641, 25.9524 ], [ 89.97258, 25.97604 ], [ 89.98282, 25.97014 ], [ 89.98577, 25.95696 ], [ 89.99908, 25.95566 ], [ 90.01621, 25.96196 ], [ 90.03455, 25.98572 ], [ 90.05949, 25.99249 ] ] ] } },
{ "type": "Feature", "properties": { "District": "TINSUKIA", "STATE": "ASSAM", "country": "INDIA" }, "geometry": { "type": "Polygon", "coordinates": [ [ [ 95.9483, 27.93712 ], [ 95.95269, 27.92009 ], [ 95.92983, 27.90274 ], [ 95.93775, 27.8982 ], [ 95.9155, 27.88939 ], [ 95.92509, 27.88168 ], [ 95.91555, 27.88376 ], [ 95.9107, 27.8702 ], [ 95.90169, 27.86847 ], [ 95.90492, 27.86212 ], [ 95.89025, 27.85999 ], [ 95.87041, 27.83267 ], [ 95.83776, 27.82412 ], [ 95.83807, 27.81023 ], [ 95.81665, 27.80269 ], [ 95.80035, 27.77369 ], [ 95.776, 27.75362 ], [ 95.77938, 27.73371 ], [ 95.75237, 27.72383 ], [ 95.76536, 27.71466 ], [ 95.76759, 27.6873 ], [ 95.79046, 27.68014 ], [ 95.77514, 27.67432 ], [ 95.77043, 27.6577 ], [ 95.79578, 27.64173 ], [ 95.7895, 27.62631 ], [ 95.77853, 27.62398 ], [ 95.79034, 27.61174 ], [ 95.79064, 27.59965 ], [ 95.8158, 27.59867 ], [ 95.81434, 27.57425 ], [ 95.82344, 27.57448 ], [ 95.86074, 27.5431 ], [ 95.87665, 27.54428 ], [ 95.87584, 27.51242 ], [ 95.88685, 27.49708 ], [ 95.8743, 27.49325 ], [ 95.87069, 27.46665 ], [ 95.85332, 27.45691 ], [ 95.85675, 27.44493 ], [ 95.84682, 27.43856 ], [ 95.84451, 27.42158 ], [ 95.86014, 27.40801 ], [ 95.85714, 27.41988 ], [ 95.88322, 27.43532 ], [ 95.88573, 27.39815 ], [ 95.90798, 27.43435 ], [ 95.94131, 27.43729 ], [ 95.95475, 27.41962 ], [ 95.96034, 27.42903 ], [ 95.96456, 27.41805 ], [ 95.96935, 27.42789 ], [ 95.97539, 27.41939 ], [ 95.97022, 27.41491 ], [ 95.9833, 27.41183 ], [ 96.01788, 27.36943 ], [ 95.98921, 27.3565 ], [ 95.98688, 27.34561 ], [ 95.96529, 27.32788 ], [ 95.97556, 27.32446 ], [ 95.95505, 27.31768 ], [ 95.96004, 27.31095 ], [ 95.89721, 27.28216 ], [ 95.90435, 27.27392 ], [ 95.89356, 27.26757 ], [ 95.89243, 27.25528 ], [ 95.85643, 27.27106 ], [ 95.85931, 27.28722 ], [ 95.80516, 27.27295 ], [ 95.80089, 27.28427 ], [ 95.77958, 27.26975 ], [ 95.74211, 27.26666 ], [ 95.72021, 27.24948 ], [ 95.68153, 27.25174 ], [ 95.59931, 27.22295 ], [ 95.5851, 27.22444 ], [ 95.57425, 27.24396 ], [ 95.55354, 27.24886 ], [ 95.53452, 27.26459 ], [ 95.5182, 27.25756 ], [ 95.50881, 27.26187 ], [ 95.50379, 27.24853 ], [ 95.4843, 27.24127 ], [ 95.48231, 27.25241 ], [ 95.4707, 27.25314 ], [ 95.46607, 27.26336 ], [ 95.45348, 27.24874 ], [ 95.45102, 27.2314 ], [ 95.44068, 27.2606 ], [ 95.4605, 27.27057 ], [ 95.44589, 27.29453 ], [ 95.48069, 27.32096 ], [ 95.46746, 27.31696 ], [ 95.4483, 27.33547 ], [ 95.45835, 27.34612 ], [ 95.46567, 27.34278 ], [ 95.4671, 27.36447 ], [ 95.47385, 27.36737 ], [ 95.45401, 27.37503 ], [ 95.4393, 27.36437 ], [ 95.41128, 27.38718 ], [ 95.39005, 27.39116 ], [ 95.36265, 27.38271 ], [ 95.34837, 27.39398 ], [ 95.3093, 27.38926 ], [ 95.29616, 27.40163 ], [ 95.29532, 27.41526 ], [ 95.24885, 27.40424 ], [ 95.24364, 27.41791 ], [ 95.25174, 27.4343 ], [ 95.22039, 27.44262 ], [ 95.21715, 27.45945 ], [ 95.22901, 27.49886 ], [ 95.26636, 27.50922 ], [ 95.26501, 27.52249 ], [ 95.27214, 27.52694 ], [ 95.2646, 27.53211 ], [ 95.2653, 27.54426 ], [ 95.28247, 27.54699 ], [ 95.27321, 27.57445 ], [ 95.28473, 27.56773 ], [ 95.30021, 27.58492 ], [ 95.31838, 27.58756 ], [ 95.28913, 27.6638 ], [ 95.26974, 27.68142 ], [ 95.27371, 27.68932 ], [ 95.28961, 27.6978 ], [ 95.34657, 27.70134 ], [ 95.39158, 27.72689 ], [ 95.40494, 27.76961 ], [ 95.43607, 27.80065 ], [ 95.4669, 27.81815 ], [ 95.49319, 27.85828 ], [ 95.51519, 27.85948 ], [ 95.51458, 27.87946 ], [ 95.54304, 27.89849 ], [ 95.54467, 27.91084 ], [ 95.56354, 27.91926 ], [ 95.57193, 27.93852 ], [ 95.58611, 27.93672 ], [ 95.60696, 27.95487 ], [ 95.82388, 27.97148 ], [ 95.96986, 27.95965 ], [ 95.9483, 27.93712 ] ] ] } },
{ "type": "Feature", "properties": { "District": "UDALGURI", "STATE": "ASSAM", "country": "INDIA" }, "geometry": { "type": "Polygon", "coordinates": [ [ [ 92.34286, 26.85184 ], [ 92.33134, 26.83287 ], [ 92.33623, 26.82254 ], [ 92.32785, 26.81268 ], [ 92.3349, 26.8104 ], [ 92.32751, 26.80309 ], [ 92.34027, 26.77128 ], [ 92.32864, 26.77169 ], [ 92.3364, 26.76589 ], [ 92.32799, 26.75695 ], [ 92.33413, 26.74216 ], [ 92.32347, 26.73917 ], [ 92.33734, 26.73317 ], [ 92.33191, 26.7252 ], [ 92.34187, 26.72925 ], [ 92.33177, 26.72194 ], [ 92.34627, 26.70482 ], [ 92.33237, 26.69449 ], [ 92.33878, 26.69101 ], [ 92.33144, 26.66278 ], [ 92.3488, 26.6642 ], [ 92.35293, 26.68684 ], [ 92.34445, 26.69281 ], [ 92.36402, 26.69821 ], [ 92.36302, 26.64321 ], [ 92.38827, 26.6487 ], [ 92.40178, 26.63586 ], [ 92.39531, 26.62707 ], [ 92.37574, 26.6294 ], [ 92.37577, 26.61367 ], [ 92.35738, 26.61189 ], [ 92.35371, 26.6025 ], [ 92.36413, 26.59487 ], [ 92.36245, 26.58285 ], [ 92.35752, 26.58855 ], [ 92.34598, 26.58163 ], [ 92.32719, 26.58744 ], [ 92.32533, 26.59678 ], [ 92.34423, 26.59784 ], [ 92.33175, 26.60639 ], [ 92.33477, 26.62204 ], [ 92.32647, 26.61931 ], [ 92.32817, 26.61172 ], [ 92.31186, 26.6072 ], [ 92.30617, 26.61313 ], [ 92.31423, 26.62412 ], [ 92.29415, 26.62206 ], [ 92.28957, 26.65099 ], [ 92.27579, 26.65756 ], [ 92.27313, 26.6163 ], [ 92.24219, 26.60326 ], [ 92.25262, 26.5739 ], [ 92.26465, 26.57066 ], [ 92.23051, 26.54879 ], [ 92.2247, 26.55364 ], [ 92.23381, 26.5683 ], [ 92.22702, 26.5939 ], [ 92.23454, 26.59701 ], [ 92.22027, 26.62823 ], [ 92.20719, 26.62524 ], [ 92.19367, 26.63499 ], [ 92.20504, 26.64071 ], [ 92.20205, 26.65135 ], [ 92.18429, 26.64482 ], [ 92.17684, 26.65148 ], [ 92.1812, 26.67027 ], [ 92.11854, 26.65266 ], [ 92.12148, 26.64373 ], [ 92.07269, 26.64695 ], [ 92.07035, 26.62456 ], [ 92.03721, 26.62046 ], [ 92.03857, 26.60914 ], [ 92.02545, 26.6095 ], [ 92.03664, 26.60059 ], [ 92.03314, 26.59272 ], [ 92.00951, 26.5899 ], [ 92.01444, 26.57806 ], [ 92.00196, 26.57148 ], [ 92.00582, 26.55963 ], [ 92.02566, 26.55434 ], [ 92.02842, 26.5459 ], [ 92.0568, 26.54691 ], [ 92.06243, 26.58735 ], [ 92.07944, 26.58935 ], [ 92.08662, 26.57595 ], [ 92.10065, 26.57937 ], [ 92.10863, 26.57036 ], [ 92.10177, 26.56125 ], [ 92.10704, 26.55218 ], [ 92.09264, 26.55413 ], [ 92.08169, 26.54238 ], [ 92.0684, 26.54513 ], [ 92.06842, 26.51009 ], [ 92.05661, 26.50913 ], [ 92.06101, 26.49774 ], [ 92.05049, 26.47546 ], [ 92.03838, 26.48577 ], [ 92.04082, 26.51003 ], [ 92.02504, 26.50892 ], [ 92.03443, 26.52438 ], [ 92.01937, 26.52191 ], [ 92.02817, 26.54223 ], [ 92.00354, 26.54353 ], [ 92.0131, 26.53654 ], [ 92.00495, 26.5346 ], [ 91.99458, 26.53997 ], [ 91.99021, 26.5551 ], [ 91.9855, 26.54937 ], [ 91.97007, 26.5561 ], [ 91.95878, 26.55178 ], [ 91.96499, 26.53989 ], [ 91.95175, 26.54437 ], [ 91.92782, 26.53733 ], [ 91.92189, 26.56765 ], [ 91.89662, 26.56963 ], [ 91.88427, 26.53852 ], [ 91.8699, 26.53186 ], [ 91.85401, 26.53839 ], [ 91.84989, 26.57304 ], [ 91.83777, 26.57459 ], [ 91.83733, 26.58621 ], [ 91.82918, 26.58605 ], [ 91.82081, 26.57209 ], [ 91.83132, 26.57124 ], [ 91.82993, 26.55818 ], [ 91.81292, 26.55941 ], [ 91.80974, 26.54398 ], [ 91.82751, 26.54498 ], [ 91.83316, 26.51531 ], [ 91.81714, 26.50548 ], [ 91.77781, 26.51274 ], [ 91.78525, 26.51898 ], [ 91.77576, 26.52282 ], [ 91.78421, 26.52748 ], [ 91.77551, 26.52875 ], [ 91.78534, 26.53565 ], [ 91.78023, 26.54935 ], [ 91.76406, 26.56577 ], [ 91.76649, 26.5734 ], [ 91.74894, 26.58126 ], [ 91.76256, 26.59369 ], [ 91.75038, 26.58695 ], [ 91.74322, 26.59319 ], [ 91.75157, 26.60499 ], [ 91.73717, 26.605 ], [ 91.74637, 26.62692 ], [ 91.73307, 26.63025 ], [ 91.75026, 26.63624 ], [ 91.73897, 26.63811 ], [ 91.7488, 26.64663 ], [ 91.73278, 26.65644 ], [ 91.74546, 26.688 ], [ 91.73769, 26.69339 ], [ 91.7425, 26.70077 ], [ 91.73308, 26.71493 ], [ 91.73505, 26.72725 ], [ 91.71691, 26.75586 ], [ 91.70429, 26.8128 ], [ 91.72062, 26.81174 ], [ 91.82415, 26.86404 ], [ 91.85911, 26.91334 ], [ 91.89174, 26.91906 ], [ 91.96421, 26.88253 ], [ 91.9835, 26.85819 ], [ 92.05672, 26.84739 ], [ 92.10265, 26.86717 ], [ 92.10192, 26.88106 ], [ 92.11438, 26.89358 ], [ 92.1948, 26.88996 ], [ 92.25519, 26.90961 ], [ 92.27609, 26.902 ], [ 92.30296, 26.90714 ], [ 92.30266, 26.92264 ], [ 92.36319, 26.93454 ], [ 92.34721, 26.89809 ], [ 92.34286, 26.85184 ] ] ] } },
{ "type": "Feature", "properties": { "District": "WEST KARBI ANGLONG", "STATE": "ASSAM", "country": "INDIA" }, "geometry": { "type": "Polygon", "coordinates": [ [ [ 92.50794, 26.14121 ], [ 92.5289, 26.15088 ], [ 92.51966, 26.10243 ], [ 92.53639, 26.09646 ], [ 92.54768, 26.11075 ], [ 92.57054, 26.11668 ], [ 92.57461, 26.09485 ], [ 92.59569, 26.08076 ], [ 92.5795, 26.03328 ], [ 92.59379, 26.02148 ], [ 92.56623, 26.01072 ], [ 92.54599, 25.97156 ], [ 92.55125, 25.96604 ], [ 92.58874, 25.96401 ], [ 92.59618, 25.97822 ], [ 92.61132, 25.97762 ], [ 92.63615, 25.99895 ], [ 92.65553, 26.00025 ], [ 92.65441, 26.0196 ], [ 92.66688, 26.02838 ], [ 92.71331, 26.01806 ], [ 92.71399, 26.05353 ], [ 92.74306, 26.06149 ], [ 92.75491, 26.0539 ], [ 92.74607, 26.03884 ], [ 92.7652, 26.02884 ], [ 92.75897, 26.01426 ], [ 92.77259, 26.01764 ], [ 92.78263, 26.00993 ], [ 92.75709, 26.00271 ], [ 92.77908, 25.99606 ], [ 92.75926, 25.99127 ], [ 92.77052, 25.98923 ], [ 92.76216, 25.98431 ], [ 92.76955, 25.97581 ], [ 92.76274, 25.9605 ], [ 92.77562, 25.94836 ], [ 92.79423, 25.96461 ], [ 92.80697, 25.95673 ], [ 92.79462, 25.95746 ], [ 92.79005, 25.9382 ], [ 92.80059, 25.91854 ], [ 92.81778, 25.92394 ], [ 92.83427, 25.91358 ], [ 92.85417, 25.92495 ], [ 92.84763, 25.9041 ], [ 92.86808, 25.86838 ], [ 92.98232, 25.87547 ], [ 93.02819, 25.81298 ], [ 93.07377, 25.77919 ], [ 93.05764, 25.77239 ], [ 93.05846, 25.78101 ], [ 93.01864, 25.80129 ], [ 93.00325, 25.78651 ], [ 92.99821, 25.80798 ], [ 93.00602, 25.82673 ], [ 92.99003, 25.82245 ], [ 92.98096, 25.80868 ], [ 92.98766, 25.8004 ], [ 92.9836, 25.78023 ], [ 92.98064, 25.79054 ], [ 92.96743, 25.78179 ], [ 92.96997, 25.79106 ], [ 92.95675, 25.80287 ], [ 92.96587, 25.81791 ], [ 92.94429, 25.80323 ], [ 92.92855, 25.80687 ], [ 92.93271, 25.79965 ], [ 92.92279, 25.77228 ], [ 92.82062, 25.74114 ], [ 92.81377, 25.70235 ], [ 92.77642, 25.67799 ], [ 92.78882, 25.65739 ], [ 92.75864, 25.62918 ], [ 92.7687, 25.61807 ], [ 92.75437, 25.61508 ], [ 92.74792, 25.59859 ], [ 92.72005, 25.58859 ], [ 92.71298, 25.59882 ], [ 92.69667, 25.59937 ], [ 92.67992, 25.58501 ], [ 92.68268, 25.57668 ], [ 92.66504, 25.57263 ], [ 92.64898, 25.59209 ], [ 92.62205, 25.56515 ], [ 92.58448, 25.55036 ], [ 92.55673, 25.57096 ], [ 92.55417, 25.6148 ], [ 92.50563, 25.61631 ], [ 92.47033, 25.67515 ], [ 92.44065, 25.6916 ], [ 92.44429, 25.7197 ], [ 92.43118, 25.73218 ], [ 92.41165, 25.73003 ], [ 92.41432, 25.74146 ], [ 92.40662, 25.7446 ], [ 92.38178, 25.74204 ], [ 92.38432, 25.75446 ], [ 92.33351, 25.72412 ], [ 92.31134, 25.72789 ], [ 92.26437, 25.70909 ], [ 92.23445, 25.70758 ], [ 92.22503, 25.71609 ], [ 92.1702, 25.66713 ], [ 92.15615, 25.67218 ], [ 92.15478, 25.70621 ], [ 92.14425, 25.71681 ], [ 92.16271, 25.74086 ], [ 92.14782, 25.77295 ], [ 92.1511, 25.81664 ], [ 92.16128, 25.82059 ], [ 92.16202, 25.83554 ], [ 92.1775, 25.8515 ], [ 92.17724, 25.87275 ], [ 92.22556, 25.90917 ], [ 92.20228, 25.90633 ], [ 92.19453, 25.91846 ], [ 92.17555, 25.90737 ], [ 92.15448, 25.91121 ], [ 92.16093, 25.92815 ], [ 92.15244, 25.94432 ], [ 92.16405, 25.95781 ], [ 92.16421, 25.97028 ], [ 92.26347, 26.03313 ], [ 92.26108, 26.04164 ], [ 92.27003, 26.04745 ], [ 92.26456, 26.05837 ], [ 92.2938, 26.08222 ], [ 92.30031, 26.07761 ], [ 92.30353, 26.08631 ], [ 92.32341, 26.08633 ], [ 92.32986, 26.07681 ], [ 92.35963, 26.09161 ], [ 92.36289, 26.07758 ], [ 92.3954, 26.11362 ], [ 92.41313, 26.11559 ], [ 92.42736, 26.0988 ], [ 92.44144, 26.0956 ], [ 92.45388, 26.11562 ], [ 92.47886, 26.12896 ], [ 92.48663, 26.14941 ], [ 92.50794, 26.14121 ] ] ] } },
{ "type": "Feature", "properties": { "District": "BISHNUPUR", "STATE": "MANIPUR", "country": "INDIA" }, "geometry": { "type": "Polygon", "coordinates": [ [ [ 93.77057, 24.73773 ], [ 93.88934, 24.71043 ], [ 93.88777, 24.69021 ], [ 93.87338, 24.68013 ], [ 93.83326, 24.68027 ], [ 93.79738, 24.66908 ], [ 93.80153, 24.64387 ], [ 93.81438, 24.63625 ], [ 93.80285, 24.62245 ], [ 93.8085, 24.60984 ], [ 93.81708, 24.60729 ], [ 93.8501, 24.62351 ], [ 93.85287, 24.60969 ], [ 93.86578, 24.61216 ], [ 93.88714, 24.58109 ], [ 93.86564, 24.56382 ], [ 93.87276, 24.55263 ], [ 93.86674, 24.52058 ], [ 93.87386, 24.518 ], [ 93.87804, 24.50645 ], [ 93.87225, 24.49883 ], [ 93.88075, 24.48866 ], [ 93.85339, 24.4573 ], [ 93.84754, 24.43346 ], [ 93.83752, 24.42849 ], [ 93.846, 24.41211 ], [ 93.83884, 24.40839 ], [ 93.84853, 24.35063 ], [ 93.85995, 24.35182 ], [ 93.85134, 24.34185 ], [ 93.86131, 24.33433 ], [ 93.85127, 24.31195 ], [ 93.86705, 24.30834 ], [ 93.87714, 24.28618 ], [ 93.86424, 24.28735 ], [ 93.84841, 24.30945 ], [ 93.83572, 24.35821 ], [ 93.80716, 24.35585 ], [ 93.79864, 24.36217 ], [ 93.80591, 24.38975 ], [ 93.74889, 24.40511 ], [ 93.73171, 24.39263 ], [ 93.73324, 24.41901 ], [ 93.72037, 24.41405 ], [ 93.71042, 24.42288 ], [ 93.70479, 24.44428 ], [ 93.71639, 24.48445 ], [ 93.7293, 24.49947 ], [ 93.72134, 24.59208 ], [ 93.74874, 24.64856 ], [ 93.74887, 24.68249 ], [ 93.76609, 24.69249 ], [ 93.77057, 24.73773 ] ] ] } },
{ "type": "Feature", "properties": { "District": "CHANDEL", "STATE": "MANIPUR", "country": "INDIA" }, "geometry": { "type": "Polygon", "coordinates": [ [ [ 93.99991, 24.44627 ], [ 94.01899, 24.44436 ], [ 94.04255, 24.41577 ], [ 94.08216, 24.38604 ], [ 94.11067, 24.38724 ], [ 94.11924, 24.37801 ], [ 94.11728, 24.34599 ], [ 94.13208, 24.31285 ], [ 94.17702, 24.27037 ], [ 94.16378, 24.19357 ], [ 94.16938, 24.15737 ], [ 94.19151, 24.13292 ], [ 94.25408, 24.11411 ], [ 94.25154, 24.08191 ], [ 94.23895, 24.05778 ], [ 94.22995, 24.05547 ], [ 94.234, 24.03929 ], [ 94.19268, 23.97581 ], [ 94.18686, 23.94128 ], [ 94.16535, 23.92964 ], [ 94.15503, 23.85524 ], [ 94.13763, 23.85242 ], [ 94.12556, 23.8333 ], [ 94.0843, 23.88143 ], [ 94.06217, 23.88057 ], [ 93.9912, 23.92756 ], [ 93.95833, 23.92946 ], [ 93.94423, 23.94626 ], [ 93.8937, 23.95314 ], [ 93.85937, 23.93197 ], [ 93.80738, 23.92708 ], [ 93.79763, 23.94767 ], [ 93.77174, 23.96892 ], [ 93.75939, 24.00366 ], [ 93.7418, 23.99682 ], [ 93.73498, 24.00353 ], [ 93.77293, 24.09184 ], [ 93.76875, 24.12075 ], [ 93.77767, 24.13878 ], [ 93.79763, 24.14499 ], [ 93.84923, 24.2126 ], [ 93.86201, 24.20501 ], [ 93.86493, 24.21632 ], [ 93.87638, 24.22007 ], [ 93.85792, 24.23271 ], [ 93.86515, 24.2428 ], [ 93.86108, 24.26313 ], [ 93.87714, 24.28618 ], [ 93.88419, 24.27852 ], [ 93.88223, 24.23649 ], [ 93.90822, 24.24939 ], [ 93.90837, 24.2621 ], [ 93.9184, 24.26215 ], [ 93.91835, 24.28068 ], [ 93.93677, 24.29029 ], [ 93.90841, 24.33781 ], [ 93.9099, 24.35031 ], [ 93.92581, 24.3866 ], [ 93.94441, 24.39288 ], [ 93.94881, 24.40813 ], [ 93.96455, 24.40963 ], [ 93.97503, 24.4474 ], [ 93.96946, 24.48631 ], [ 93.97665, 24.48776 ], [ 93.9824, 24.46825 ], [ 94.0001, 24.46054 ], [ 93.99991, 24.44627 ] ] ] } },
{ "type": "Feature", "properties": { "District": "CHURACHANDPUR", "STATE": "MANIPUR", "country": "INDIA" }, "geometry": { "type": "Polygon", "coordinates": [ [ [ 93.71423, 24.60466 ], [ 93.72975, 24.54807 ], [ 93.7293, 24.49947 ], [ 93.71639, 24.48445 ], [ 93.70479, 24.44428 ], [ 93.71042, 24.42288 ], [ 93.72037, 24.41405 ], [ 93.73183, 24.42153 ], [ 93.73171, 24.39263 ], [ 93.74889, 24.40511 ], [ 93.80591, 24.38975 ], [ 93.79864, 24.36217 ], [ 93.80716, 24.35585 ], [ 93.83145, 24.36074 ], [ 93.83997, 24.35318 ], [ 93.84841, 24.30945 ], [ 93.86424, 24.28735 ], [ 93.87714, 24.28618 ], [ 93.86108, 24.26313 ], [ 93.86515, 24.2428 ], [ 93.85792, 24.23271 ], [ 93.87638, 24.22007 ], [ 93.86493, 24.21632 ], [ 93.86201, 24.20501 ], [ 93.84923, 24.2126 ], [ 93.79763, 24.14499 ], [ 93.77767, 24.13878 ], [ 93.76875, 24.12075 ], [ 93.77293, 24.09184 ], [ 93.73995, 24.02251 ], [ 93.73851, 24.0004 ], [ 93.72403, 23.9972 ], [ 93.69031, 24.00857 ], [ 93.65715, 24.00178 ], [ 93.65298, 24.00902 ], [ 93.62335, 24.01092 ], [ 93.61186, 23.99732 ], [ 93.60816, 23.97162 ], [ 93.59896, 23.97239 ], [ 93.59166, 23.96059 ], [ 93.57355, 23.96672 ], [ 93.57094, 23.9775 ], [ 93.55977, 23.98207 ], [ 93.55011, 23.95916 ], [ 93.52492, 23.95636 ], [ 93.5148, 23.94255 ], [ 93.50476, 23.94219 ], [ 93.4635, 23.97337 ], [ 93.46362, 23.99406 ], [ 93.45311, 23.9995 ], [ 93.45309, 24.01362 ], [ 93.43307, 24.02401 ], [ 93.41695, 24.07141 ], [ 93.39899, 24.08518 ], [ 93.36484, 24.09198 ], [ 93.37178, 24.11248 ], [ 93.39163, 24.13257 ], [ 93.39175, 24.16651 ], [ 93.40472, 24.19919 ], [ 93.41616, 24.20547 ], [ 93.41899, 24.19793 ], [ 93.4434, 24.24569 ], [ 93.46193, 24.26199 ], [ 93.49633, 24.35245 ], [ 93.49635, 24.3625 ], [ 93.47355, 24.38262 ], [ 93.43785, 24.38391 ], [ 93.39217, 24.40027 ], [ 93.37931, 24.39148 ], [ 93.37074, 24.39525 ], [ 93.36504, 24.40656 ], [ 93.37505, 24.41536 ], [ 93.3765, 24.44426 ], [ 93.36793, 24.4518 ], [ 93.38223, 24.4694 ], [ 93.38511, 24.49704 ], [ 93.40657, 24.51714 ], [ 93.38085, 24.52846 ], [ 93.38661, 24.56491 ], [ 93.39234, 24.57496 ], [ 93.39805, 24.57245 ], [ 93.4452, 24.53849 ], [ 93.46813, 24.56989 ], [ 93.48099, 24.56611 ], [ 93.48954, 24.55102 ], [ 93.50958, 24.56482 ], [ 93.52959, 24.556 ], [ 93.53965, 24.57861 ], [ 93.56829, 24.59113 ], [ 93.59254, 24.56596 ], [ 93.60829, 24.57599 ], [ 93.62268, 24.60361 ], [ 93.63126, 24.60485 ], [ 93.64695, 24.59099 ], [ 93.65845, 24.60731 ], [ 93.6971, 24.61219 ], [ 93.71423, 24.60466 ] ] ] } },
{ "type": "Feature", "properties": { "District": "IMPHAL EAST", "STATE": "MANIPUR", "country": "INDIA" }, "geometry": { "type": "Polygon", "coordinates": [ [ [ 94.02918, 25.02049 ], [ 94.04554, 25.01261 ], [ 94.03074, 25.01089 ], [ 94.02868, 25.00383 ], [ 94.04701, 24.99686 ], [ 94.03241, 24.98856 ], [ 94.04337, 24.98207 ], [ 94.03574, 24.9808 ], [ 94.03082, 24.96676 ], [ 94.04508, 24.97342 ], [ 94.04373, 24.95781 ], [ 94.06144, 24.95152 ], [ 94.05021, 24.94272 ], [ 94.06516, 24.94095 ], [ 94.0572, 24.90149 ], [ 94.06183, 24.88297 ], [ 94.07611, 24.88097 ], [ 94.09183, 24.88989 ], [ 94.0958, 24.90385 ], [ 94.10991, 24.90594 ], [ 94.12592, 24.9226 ], [ 94.12908, 24.93904 ], [ 94.14174, 24.91873 ], [ 94.11106, 24.87665 ], [ 94.10733, 24.85346 ], [ 94.0928, 24.85021 ], [ 94.09647, 24.83102 ], [ 94.08455, 24.80683 ], [ 94.07491, 24.75269 ], [ 94.06168, 24.73877 ], [ 94.06501, 24.72936 ], [ 94.0566, 24.71879 ], [ 94.06601, 24.72117 ], [ 94.05951, 24.69235 ], [ 94.07488, 24.70749 ], [ 94.08255, 24.6876 ], [ 94.04344, 24.68102 ], [ 94.0382, 24.67247 ], [ 94.02939, 24.67783 ], [ 94.01664, 24.66727 ], [ 94.00691, 24.68657 ], [ 94.01446, 24.70088 ], [ 93.9968, 24.72798 ], [ 93.97045, 24.7237 ], [ 93.96498, 24.70517 ], [ 93.93944, 24.71576 ], [ 93.93108, 24.7495 ], [ 93.94253, 24.83268 ], [ 93.91245, 24.85425 ], [ 93.89532, 24.85304 ], [ 93.93183, 24.89679 ], [ 93.94342, 24.89677 ], [ 93.95826, 24.91294 ], [ 93.94657, 24.91184 ], [ 93.96124, 24.92961 ], [ 93.94989, 24.93262 ], [ 93.95135, 24.9385 ], [ 93.96673, 24.93701 ], [ 93.97851, 24.91715 ], [ 93.98411, 24.92256 ], [ 93.97755, 24.94053 ], [ 93.95283, 24.95142 ], [ 93.95295, 24.96116 ], [ 93.99084, 24.94333 ], [ 93.99686, 24.95611 ], [ 94.01215, 24.95118 ], [ 94.01936, 24.9976 ], [ 93.99673, 25.00053 ], [ 94.0172, 25.00684 ], [ 94.01259, 25.03255 ], [ 94.03047, 25.0503 ], [ 94.02457, 25.03475 ], [ 94.02918, 25.02049 ] ] ] } },
{ "type": "Feature", "properties": { "District": "IMPHAL WEST", "STATE": "MANIPUR", "country": "INDIA" }, "geometry": { "type": "Polygon", "coordinates": [ [ [ 93.90755, 24.97422 ], [ 93.91671, 24.97024 ], [ 93.89033, 24.95273 ], [ 93.88642, 24.94132 ], [ 93.9042, 24.92731 ], [ 93.90668, 24.94498 ], [ 93.9334, 24.96574 ], [ 93.92294, 24.95478 ], [ 93.92248, 24.92334 ], [ 93.91063, 24.90074 ], [ 93.92479, 24.90438 ], [ 93.93183, 24.89679 ], [ 93.89532, 24.85304 ], [ 93.91245, 24.85425 ], [ 93.94253, 24.83268 ], [ 93.93108, 24.7495 ], [ 93.93944, 24.71576 ], [ 93.92654, 24.71323 ], [ 93.92362, 24.70308 ], [ 93.90359, 24.70039 ], [ 93.90199, 24.67503 ], [ 93.91487, 24.67248 ], [ 93.91337, 24.6636 ], [ 93.93197, 24.66228 ], [ 93.93186, 24.64582 ], [ 93.92473, 24.65217 ], [ 93.91748, 24.63704 ], [ 93.90169, 24.63208 ], [ 93.88869, 24.61457 ], [ 93.91012, 24.60694 ], [ 93.90426, 24.56252 ], [ 93.87276, 24.55263 ], [ 93.8685, 24.57123 ], [ 93.8857, 24.57739 ], [ 93.88572, 24.58601 ], [ 93.86858, 24.59966 ], [ 93.86578, 24.61216 ], [ 93.85287, 24.60969 ], [ 93.8501, 24.62351 ], [ 93.81708, 24.60729 ], [ 93.8085, 24.60984 ], [ 93.80285, 24.62245 ], [ 93.81438, 24.63625 ], [ 93.80153, 24.64387 ], [ 93.79738, 24.66908 ], [ 93.83326, 24.68027 ], [ 93.87338, 24.68013 ], [ 93.88777, 24.69021 ], [ 93.88934, 24.71043 ], [ 93.82062, 24.71998 ], [ 93.77057, 24.73773 ], [ 93.77762, 24.73978 ], [ 93.79206, 24.775 ], [ 93.78063, 24.80526 ], [ 93.78495, 24.8191 ], [ 93.80788, 24.83668 ], [ 93.80496, 24.86438 ], [ 93.82498, 24.89082 ], [ 93.84473, 24.9514 ], [ 93.86281, 24.95654 ], [ 93.89774, 25.03149 ], [ 93.91855, 25.05586 ], [ 93.97921, 25.07358 ], [ 93.98138, 25.05557 ], [ 93.95478, 25.02722 ], [ 93.91177, 25.0008 ], [ 93.90755, 24.97422 ] ] ] } },
{ "type": "Feature", "properties": { "District": "JIRIBAM", "STATE": "MANIPUR", "country": "INDIA" }, "geometry": { "type": "Polygon", "coordinates": [ [ [ 93.19483, 24.85385 ], [ 93.24208, 24.85144 ], [ 93.2206, 24.79486 ], [ 93.19626, 24.77725 ], [ 93.1762, 24.78351 ], [ 93.1419, 24.71182 ], [ 93.21493, 24.69808 ], [ 93.20349, 24.66791 ], [ 93.2178, 24.67169 ], [ 93.20779, 24.65911 ], [ 93.22069, 24.63776 ], [ 93.21783, 24.62644 ], [ 93.20781, 24.62266 ], [ 93.21497, 24.61638 ], [ 93.21355, 24.58748 ], [ 93.19925, 24.58872 ], [ 93.20785, 24.56736 ], [ 93.19354, 24.57112 ], [ 93.18784, 24.551 ], [ 93.12605, 24.56219 ], [ 93.10064, 24.58826 ], [ 93.08027, 24.59011 ], [ 93.07119, 24.59994 ], [ 93.08421, 24.6136 ], [ 93.07568, 24.62454 ], [ 93.08728, 24.62967 ], [ 93.08319, 24.64981 ], [ 93.09537, 24.65283 ], [ 93.10415, 24.67416 ], [ 93.10191, 24.6807 ], [ 93.09011, 24.67717 ], [ 93.09126, 24.68803 ], [ 93.07355, 24.70781 ], [ 93.08662, 24.70953 ], [ 93.09065, 24.72508 ], [ 93.10776, 24.74144 ], [ 93.09988, 24.74317 ], [ 93.09825, 24.75437 ], [ 93.10943, 24.81148 ], [ 93.12137, 24.81922 ], [ 93.11886, 24.80766 ], [ 93.13857, 24.80999 ], [ 93.14175, 24.79728 ], [ 93.15117, 24.79468 ], [ 93.14899, 24.78746 ], [ 93.17068, 24.80185 ], [ 93.17615, 24.79385 ], [ 93.19695, 24.81136 ], [ 93.19006, 24.81864 ], [ 93.19161, 24.8344 ], [ 93.2006, 24.83795 ], [ 93.19231, 24.84276 ], [ 93.20155, 24.84206 ], [ 93.19483, 24.85385 ] ] ] } },
{ "type": "Feature", "properties": { "District": "KAMJONG", "STATE": "MANIPUR", "country": "INDIA" }, "geometry": { "type": "Polygon", "coordinates": [ [ [ 94.72677, 24.99978 ], [ 94.7059, 24.98635 ], [ 94.69659, 24.96847 ], [ 94.7134, 24.93437 ], [ 94.70193, 24.92938 ], [ 94.68795, 24.88806 ], [ 94.65729, 24.8711 ], [ 94.63186, 24.83946 ], [ 94.62966, 24.80297 ], [ 94.61861, 24.7798 ], [ 94.62936, 24.75697 ], [ 94.61267, 24.74018 ], [ 94.60512, 24.71231 ], [ 94.58512, 24.70542 ], [ 94.57943, 24.72371 ], [ 94.57275, 24.71293 ], [ 94.54966, 24.71277 ], [ 94.5531, 24.68276 ], [ 94.54446, 24.6449 ], [ 94.49225, 24.57463 ], [ 94.45725, 24.55241 ], [ 94.42074, 24.48028 ], [ 94.40609, 24.47835 ], [ 94.37522, 24.49844 ], [ 94.37677, 24.51483 ], [ 94.36089, 24.52117 ], [ 94.37073, 24.5503 ], [ 94.33319, 24.54923 ], [ 94.334, 24.56383 ], [ 94.3106, 24.57411 ], [ 94.28226, 24.60162 ], [ 94.26805, 24.59643 ], [ 94.2514, 24.61607 ], [ 94.20022, 24.62668 ], [ 94.19719, 24.65487 ], [ 94.18243, 24.67136 ], [ 94.18781, 24.71348 ], [ 94.17344, 24.73516 ], [ 94.18077, 24.76618 ], [ 94.15964, 24.79773 ], [ 94.13432, 24.80475 ], [ 94.1439, 24.82925 ], [ 94.15071, 24.82976 ], [ 94.14045, 24.85969 ], [ 94.15983, 24.88782 ], [ 94.16902, 24.93899 ], [ 94.19951, 24.94382 ], [ 94.26398, 24.97221 ], [ 94.31404, 24.976 ], [ 94.339, 24.98806 ], [ 94.36801, 25.02676 ], [ 94.44845, 25.03357 ], [ 94.46863, 25.02416 ], [ 94.51451, 25.0319 ], [ 94.55141, 25.05419 ], [ 94.58453, 25.08879 ], [ 94.66827, 25.10965 ], [ 94.73969, 25.10685 ], [ 94.74416, 25.03727 ], [ 94.72677, 24.99978 ] ] ] } },
{ "type": "Feature", "properties": { "District": "KANGPOKPI", "STATE": "MANIPUR", "country": "INDIA" }, "geometry": { "type": "Polygon", "coordinates": [ [ [ 93.96348, 25.33604 ], [ 93.97492, 25.28245 ], [ 94.01116, 25.26236 ], [ 93.99673, 25.20769 ], [ 94.0036, 25.19752 ], [ 94.08957, 25.17677 ], [ 94.15218, 25.18807 ], [ 94.17994, 25.17367 ], [ 94.18139, 25.16102 ], [ 94.16011, 25.14377 ], [ 94.16208, 25.13629 ], [ 94.14827, 25.13352 ], [ 94.12846, 25.11258 ], [ 94.11755, 25.06963 ], [ 94.1464, 25.03546 ], [ 94.14568, 25.00097 ], [ 94.17295, 24.94127 ], [ 94.15983, 24.88782 ], [ 94.1438, 24.87249 ], [ 94.14045, 24.85969 ], [ 94.15071, 24.82976 ], [ 94.1439, 24.82925 ], [ 94.13432, 24.80475 ], [ 94.15964, 24.79773 ], [ 94.18077, 24.76618 ], [ 94.17344, 24.73516 ], [ 94.18781, 24.71348 ], [ 94.18243, 24.67136 ], [ 94.19719, 24.65487 ], [ 94.20022, 24.62668 ], [ 94.17394, 24.63574 ], [ 94.14799, 24.61856 ], [ 94.11576, 24.63199 ], [ 94.09817, 24.66942 ], [ 94.12855, 24.68928 ], [ 94.11438, 24.6967 ], [ 94.13212, 24.70721 ], [ 94.12616, 24.72363 ], [ 94.10861, 24.70054 ], [ 94.08393, 24.69315 ], [ 94.07488, 24.70749 ], [ 94.05951, 24.69235 ], [ 94.06601, 24.72117 ], [ 94.0566, 24.71879 ], [ 94.06501, 24.72936 ], [ 94.06262, 24.74104 ], [ 94.07491, 24.75269 ], [ 94.08455, 24.80683 ], [ 94.09647, 24.83102 ], [ 94.0928, 24.85021 ], [ 94.10733, 24.85346 ], [ 94.11106, 24.87665 ], [ 94.14174, 24.91873 ], [ 94.12908, 24.93904 ], [ 94.12592, 24.9226 ], [ 94.10991, 24.90594 ], [ 94.0958, 24.90385 ], [ 94.09183, 24.88989 ], [ 94.07611, 24.88097 ], [ 94.06183, 24.88297 ], [ 94.0572, 24.90149 ], [ 94.06516, 24.94095 ], [ 94.05021, 24.94272 ], [ 94.06144, 24.95152 ], [ 94.04373, 24.95781 ], [ 94.04508, 24.97342 ], [ 94.03082, 24.96676 ], [ 94.03574, 24.9808 ], [ 94.04337, 24.98207 ], [ 94.03241, 24.98856 ], [ 94.04701, 24.99686 ], [ 94.02868, 25.00383 ], [ 94.03074, 25.01089 ], [ 94.04554, 25.01261 ], [ 94.02918, 25.02049 ], [ 94.02457, 25.03475 ], [ 94.03047, 25.0503 ], [ 94.01259, 25.03255 ], [ 94.0172, 25.00684 ], [ 93.99673, 25.00053 ], [ 94.01936, 24.9976 ], [ 94.01215, 24.95118 ], [ 93.99686, 24.95611 ], [ 93.99084, 24.94333 ], [ 93.95295, 24.96116 ], [ 93.95283, 24.95142 ], [ 93.98211, 24.9341 ], [ 93.97851, 24.91715 ], [ 93.96673, 24.93701 ], [ 93.95135, 24.9385 ], [ 93.94989, 24.93262 ], [ 93.96124, 24.92961 ], [ 93.94524, 24.91684 ], [ 93.95975, 24.91658 ], [ 93.94497, 24.90431 ], [ 93.95078, 24.90179 ], [ 93.9333, 24.89427 ], [ 93.93048, 24.90309 ], [ 93.91063, 24.90074 ], [ 93.92248, 24.92334 ], [ 93.92294, 24.95478 ], [ 93.9334, 24.96574 ], [ 93.90668, 24.94498 ], [ 93.9042, 24.92731 ], [ 93.88642, 24.94132 ], [ 93.89033, 24.95273 ], [ 93.91671, 24.97024 ], [ 93.9034, 24.97553 ], [ 93.91177, 25.0008 ], [ 93.95478, 25.02722 ], [ 93.98138, 25.05557 ], [ 93.98319, 25.07032 ], [ 93.97223, 25.0755 ], [ 93.91855, 25.05586 ], [ 93.88999, 25.0185 ], [ 93.86281, 24.95654 ], [ 93.84473, 24.9514 ], [ 93.82498, 24.89082 ], [ 93.80496, 24.86438 ], [ 93.80788, 24.83668 ], [ 93.78495, 24.8191 ], [ 93.78063, 24.80526 ], [ 93.7906, 24.76619 ], [ 93.77057, 24.73773 ], [ 93.76609, 24.69249 ], [ 93.74887, 24.68249 ], [ 93.74874, 24.64856 ], [ 93.72134, 24.59208 ], [ 93.71423, 24.60466 ], [ 93.6971, 24.61219 ], [ 93.68394, 24.70757 ], [ 93.66191, 24.79331 ], [ 93.7205, 24.8259 ], [ 93.71763, 24.83469 ], [ 93.73331, 24.85473 ], [ 93.70249, 24.91137 ], [ 93.72281, 24.93394 ], [ 93.79108, 24.96286 ], [ 93.79866, 24.97817 ], [ 93.79242, 25.01268 ], [ 93.81648, 25.01733 ], [ 93.79502, 25.10652 ], [ 93.77435, 25.15041 ], [ 93.82724, 25.2214 ], [ 93.85217, 25.22882 ], [ 93.90221, 25.27172 ], [ 93.9277, 25.27303 ], [ 93.95528, 25.29011 ], [ 93.94413, 25.29258 ], [ 93.91774, 25.3288 ], [ 93.88642, 25.33454 ], [ 93.91356, 25.38548 ], [ 93.97001, 25.39801 ], [ 93.97593, 25.38705 ], [ 93.96348, 25.33604 ] ] ] } },
{ "type": "Feature", "properties": { "District": "KAKCHING", "STATE": "MANIPUR", "country": "INDIA" }, "geometry": { "type": "Polygon", "coordinates": [ [ [ 93.89852, 24.55756 ], [ 93.96259, 24.5351 ], [ 93.98835, 24.51316 ], [ 94.03351, 24.50167 ], [ 94.04773, 24.47033 ], [ 94.01899, 24.44436 ], [ 94.00203, 24.44146 ], [ 94.0001, 24.46054 ], [ 93.9824, 24.46825 ], [ 93.97665, 24.48776 ], [ 93.96803, 24.48508 ], [ 93.97503, 24.4474 ], [ 93.96455, 24.40963 ], [ 93.94881, 24.40813 ], [ 93.94441, 24.39288 ], [ 93.92581, 24.3866 ], [ 93.9099, 24.35031 ], [ 93.90841, 24.33781 ], [ 93.93677, 24.29029 ], [ 93.91835, 24.28068 ], [ 93.9184, 24.26215 ], [ 93.90837, 24.2621 ], [ 93.90822, 24.24939 ], [ 93.88223, 24.23649 ], [ 93.88283, 24.28361 ], [ 93.86705, 24.30834 ], [ 93.85127, 24.31195 ], [ 93.86131, 24.33433 ], [ 93.85134, 24.34185 ], [ 93.85995, 24.35182 ], [ 93.84853, 24.35063 ], [ 93.83884, 24.40839 ], [ 93.846, 24.41211 ], [ 93.83752, 24.42849 ], [ 93.84754, 24.43346 ], [ 93.85339, 24.4573 ], [ 93.88075, 24.48866 ], [ 93.87225, 24.49883 ], [ 93.87804, 24.50645 ], [ 93.87386, 24.518 ], [ 93.86674, 24.52058 ], [ 93.87276, 24.55263 ], [ 93.89852, 24.55756 ] ] ] } },
{ "type": "Feature", "properties": { "District": "NONEI", "STATE": "MANIPUR", "country": "INDIA" }, "geometry": { "type": "Polygon", "coordinates": [ [ [ 93.40404, 24.82508 ], [ 93.44419, 24.84516 ], [ 93.47715, 24.84011 ], [ 93.49866, 24.84511 ], [ 93.50292, 24.82374 ], [ 93.53586, 24.81113 ], [ 93.55161, 24.80734 ], [ 93.57026, 24.81486 ], [ 93.57317, 24.83245 ], [ 93.60755, 24.82736 ], [ 93.62895, 24.79338 ], [ 93.66191, 24.79331 ], [ 93.68394, 24.70757 ], [ 93.6971, 24.61219 ], [ 93.65845, 24.60731 ], [ 93.64695, 24.59099 ], [ 93.63126, 24.60485 ], [ 93.62268, 24.60361 ], [ 93.60829, 24.57599 ], [ 93.59254, 24.56596 ], [ 93.56829, 24.59113 ], [ 93.53965, 24.57861 ], [ 93.52959, 24.556 ], [ 93.50958, 24.56482 ], [ 93.48954, 24.55102 ], [ 93.48099, 24.56611 ], [ 93.46813, 24.56989 ], [ 93.4452, 24.53849 ], [ 93.39234, 24.57496 ], [ 93.38661, 24.56491 ], [ 93.34514, 24.57497 ], [ 93.3337, 24.56617 ], [ 93.28508, 24.56615 ], [ 93.25791, 24.52341 ], [ 93.26648, 24.5209 ], [ 93.26363, 24.50959 ], [ 93.23218, 24.51082 ], [ 93.21933, 24.49448 ], [ 93.19072, 24.52084 ], [ 93.17072, 24.51579 ], [ 93.16928, 24.52836 ], [ 93.19498, 24.55981 ], [ 93.19069, 24.56735 ], [ 93.20785, 24.56736 ], [ 93.19925, 24.58872 ], [ 93.21213, 24.58496 ], [ 93.2164, 24.60004 ], [ 93.20781, 24.62266 ], [ 93.21783, 24.62644 ], [ 93.22069, 24.63776 ], [ 93.20779, 24.66288 ], [ 93.21781, 24.66415 ], [ 93.2178, 24.67169 ], [ 93.20349, 24.66791 ], [ 93.21493, 24.69808 ], [ 93.20347, 24.7031 ], [ 93.22208, 24.70437 ], [ 93.23354, 24.67799 ], [ 93.28221, 24.66922 ], [ 93.29653, 24.68556 ], [ 93.2951, 24.70567 ], [ 93.31084, 24.69939 ], [ 93.33663, 24.72454 ], [ 93.31801, 24.73333 ], [ 93.33377, 24.74967 ], [ 93.32519, 24.7635 ], [ 93.3395, 24.75847 ], [ 93.35527, 24.7635 ], [ 93.35099, 24.77606 ], [ 93.3596, 24.81629 ], [ 93.37824, 24.8188 ], [ 93.39542, 24.80874 ], [ 93.40404, 24.82508 ] ] ] } },
{ "type": "Feature", "properties": { "District": "PHERZAWL", "STATE": "MANIPUR", "country": "INDIA" }, "geometry": { "type": "Polygon", "coordinates": [ [ [ 93.38946, 24.55862 ], [ 93.38085, 24.52846 ], [ 93.40657, 24.51714 ], [ 93.38511, 24.49704 ], [ 93.38223, 24.4694 ], [ 93.36793, 24.4518 ], [ 93.3765, 24.44426 ], [ 93.37505, 24.41536 ], [ 93.36504, 24.40656 ], [ 93.37074, 24.39525 ], [ 93.37931, 24.39148 ], [ 93.39217, 24.40027 ], [ 93.43785, 24.38391 ], [ 93.47355, 24.38262 ], [ 93.49635, 24.3625 ], [ 93.49633, 24.35245 ], [ 93.46193, 24.26199 ], [ 93.4434, 24.24569 ], [ 93.41899, 24.19793 ], [ 93.41616, 24.20547 ], [ 93.40472, 24.19919 ], [ 93.39175, 24.16651 ], [ 93.39163, 24.13257 ], [ 93.37178, 24.11248 ], [ 93.36484, 24.09198 ], [ 93.34809, 24.10476 ], [ 93.34287, 24.09723 ], [ 93.35381, 24.09053 ], [ 93.33085, 24.08536 ], [ 93.33852, 24.06155 ], [ 93.33212, 24.05313 ], [ 93.28353, 24.0484 ], [ 93.25064, 24.02071 ], [ 93.24775, 24.03075 ], [ 93.26199, 24.05715 ], [ 93.25911, 24.06971 ], [ 93.24345, 24.08227 ], [ 93.21929, 24.081 ], [ 93.21217, 24.04706 ], [ 93.16534, 24.05206 ], [ 93.16539, 24.07217 ], [ 93.14347, 24.08524 ], [ 93.12494, 24.06128 ], [ 93.09651, 24.04234 ], [ 93.09795, 24.07126 ], [ 93.07516, 24.10027 ], [ 93.04939, 24.08805 ], [ 92.9922, 24.1142 ], [ 92.9722, 24.11235 ], [ 92.96943, 24.1214 ], [ 92.98522, 24.12927 ], [ 92.98696, 24.14781 ], [ 93.00127, 24.15806 ], [ 92.99915, 24.1715 ], [ 93.00673, 24.17965 ], [ 92.99889, 24.19497 ], [ 93.01246, 24.19745 ], [ 93.01954, 24.21497 ], [ 93.01528, 24.22626 ], [ 93.02245, 24.23002 ], [ 93.00261, 24.25139 ], [ 93.00984, 24.26909 ], [ 93.00415, 24.27791 ], [ 93.03116, 24.31577 ], [ 93.03932, 24.34074 ], [ 93.01755, 24.34422 ], [ 93.01309, 24.37735 ], [ 93.02035, 24.38785 ], [ 92.99831, 24.39976 ], [ 93.01195, 24.41672 ], [ 93.02344, 24.40675 ], [ 93.04256, 24.41491 ], [ 93.03292, 24.42875 ], [ 93.03572, 24.45976 ], [ 93.04556, 24.46328 ], [ 93.04637, 24.47357 ], [ 93.03256, 24.4953 ], [ 93.04277, 24.50479 ], [ 93.03874, 24.51287 ], [ 93.05013, 24.51943 ], [ 93.04999, 24.54421 ], [ 93.05701, 24.55441 ], [ 93.06462, 24.54679 ], [ 93.07081, 24.55805 ], [ 93.05886, 24.57484 ], [ 93.08372, 24.57102 ], [ 93.10292, 24.58103 ], [ 93.12605, 24.56219 ], [ 93.18784, 24.551 ], [ 93.16928, 24.52836 ], [ 93.17072, 24.51579 ], [ 93.19072, 24.52084 ], [ 93.21933, 24.49448 ], [ 93.23218, 24.51082 ], [ 93.26363, 24.50959 ], [ 93.26648, 24.5209 ], [ 93.25791, 24.52341 ], [ 93.28221, 24.55987 ], [ 93.27793, 24.56364 ], [ 93.3337, 24.56617 ], [ 93.34514, 24.57497 ], [ 93.38946, 24.55862 ] ] ] } },
{ "type": "Feature", "properties": { "District": "SENAPATI", "STATE": "MANIPUR", "country": "INDIA" }, "geometry": { "type": "Polygon", "coordinates": [ [ [ 94.4607, 25.55505 ], [ 94.42975, 25.50994 ], [ 94.41883, 25.46688 ], [ 94.39039, 25.42281 ], [ 94.38268, 25.42158 ], [ 94.37468, 25.38837 ], [ 94.37729, 25.35773 ], [ 94.33595, 25.30791 ], [ 94.32303, 25.27884 ], [ 94.2956, 25.2495 ], [ 94.25548, 25.22828 ], [ 94.248, 25.20947 ], [ 94.22542, 25.19592 ], [ 94.21876, 25.18253 ], [ 94.18167, 25.16835 ], [ 94.17046, 25.18408 ], [ 94.15218, 25.18807 ], [ 94.08957, 25.17677 ], [ 94.0036, 25.19752 ], [ 93.99673, 25.20769 ], [ 94.01116, 25.26236 ], [ 93.98004, 25.27696 ], [ 93.96612, 25.30141 ], [ 93.96348, 25.33604 ], [ 93.97369, 25.39366 ], [ 93.92061, 25.39031 ], [ 93.88938, 25.42207 ], [ 93.83007, 25.42739 ], [ 93.81914, 25.46104 ], [ 93.80521, 25.46159 ], [ 93.81011, 25.48073 ], [ 93.80386, 25.49157 ], [ 93.78475, 25.50255 ], [ 93.76566, 25.49286 ], [ 93.76061, 25.5116 ], [ 93.76699, 25.53639 ], [ 93.81602, 25.5404 ], [ 93.8328, 25.55905 ], [ 93.8585, 25.55346 ], [ 93.89645, 25.56458 ], [ 93.96135, 25.55229 ], [ 93.9766, 25.56694 ], [ 94.0065, 25.56693 ], [ 94.00378, 25.58658 ], [ 94.01086, 25.59177 ], [ 94.05017, 25.5723 ], [ 94.06541, 25.55448 ], [ 94.08192, 25.55519 ], [ 94.09213, 25.53715 ], [ 94.08805, 25.52815 ], [ 94.1346, 25.51902 ], [ 94.15601, 25.55054 ], [ 94.16377, 25.54228 ], [ 94.19071, 25.54763 ], [ 94.18653, 25.52598 ], [ 94.21059, 25.49536 ], [ 94.24775, 25.49411 ], [ 94.28241, 25.50667 ], [ 94.29826, 25.48955 ], [ 94.30914, 25.48935 ], [ 94.3841, 25.53132 ], [ 94.41582, 25.53733 ], [ 94.4256, 25.58741 ], [ 94.4434, 25.59269 ], [ 94.46962, 25.61625 ], [ 94.48673, 25.61437 ], [ 94.4897, 25.60753 ], [ 94.4669, 25.583 ], [ 94.4607, 25.55505 ] ] ] } },
{ "type": "Feature", "properties": { "District": "TAMENGLONG", "STATE": "MANIPUR", "country": "INDIA" }, "geometry": { "type": "MultiPolygon", "coordinates": [ [ [ [ 93.25277, 24.99891 ], [ 93.25987, 25.00113 ], [ 93.24439, 24.99809 ], [ 93.24388, 25.01829 ], [ 93.25395, 25.02058 ], [ 93.2642, 25.04936 ], [ 93.28007, 25.051 ], [ 93.28346, 25.045 ], [ 93.2988, 25.05195 ], [ 93.29996, 25.04604 ], [ 93.30611, 25.07164 ], [ 93.33216, 25.09324 ], [ 93.34133, 25.11359 ], [ 93.34587, 25.16981 ], [ 93.38178, 25.2229 ], [ 93.38112, 25.23963 ], [ 93.40116, 25.26062 ], [ 93.41594, 25.26427 ], [ 93.42752, 25.28324 ], [ 93.47056, 25.30505 ], [ 93.47314, 25.27563 ], [ 93.50714, 25.27213 ], [ 93.50147, 25.24065 ], [ 93.55098, 25.24696 ], [ 93.58647, 25.21629 ], [ 93.58918, 25.20025 ], [ 93.60415, 25.19836 ], [ 93.66912, 25.30772 ], [ 93.66829, 25.32492 ], [ 93.68331, 25.3274 ], [ 93.68899, 25.35778 ], [ 93.71424, 25.35774 ], [ 93.7193, 25.37171 ], [ 93.73598, 25.38052 ], [ 93.74288, 25.40181 ], [ 93.77726, 25.42076 ], [ 93.80144, 25.45943 ], [ 93.81914, 25.46104 ], [ 93.83007, 25.42739 ], [ 93.88603, 25.42325 ], [ 93.91894, 25.39715 ], [ 93.91985, 25.38655 ], [ 93.90562, 25.37719 ], [ 93.88642, 25.33454 ], [ 93.91774, 25.3288 ], [ 93.94413, 25.29258 ], [ 93.95528, 25.29011 ], [ 93.9277, 25.27303 ], [ 93.90221, 25.27172 ], [ 93.85217, 25.22882 ], [ 93.82724, 25.2214 ], [ 93.7985, 25.18535 ], [ 93.79502, 25.17001 ], [ 93.77572, 25.15353 ], [ 93.81781, 25.02396 ], [ 93.81648, 25.01733 ], [ 93.79242, 25.01268 ], [ 93.79866, 24.97817 ], [ 93.79108, 24.96286 ], [ 93.72281, 24.93394 ], [ 93.70249, 24.91137 ], [ 93.73331, 24.85473 ], [ 93.71335, 24.82089 ], [ 93.70191, 24.82093 ], [ 93.66191, 24.79331 ], [ 93.62895, 24.79338 ], [ 93.60755, 24.82736 ], [ 93.57317, 24.83245 ], [ 93.57026, 24.81486 ], [ 93.55161, 24.80734 ], [ 93.53586, 24.81113 ], [ 93.50292, 24.82374 ], [ 93.49866, 24.84511 ], [ 93.47715, 24.84011 ], [ 93.44419, 24.84516 ], [ 93.3983, 24.82382 ], [ 93.39542, 24.80874 ], [ 93.36246, 24.8188 ], [ 93.35099, 24.77606 ], [ 93.35527, 24.7635 ], [ 93.3395, 24.75847 ], [ 93.32519, 24.7635 ], [ 93.33377, 24.74967 ], [ 93.31801, 24.73333 ], [ 93.33663, 24.72454 ], [ 93.33376, 24.71951 ], [ 93.31084, 24.69939 ], [ 93.2951, 24.70567 ], [ 93.29653, 24.68556 ], [ 93.28221, 24.66922 ], [ 93.25645, 24.66921 ], [ 93.22925, 24.68049 ], [ 93.22494, 24.70186 ], [ 93.21635, 24.70688 ], [ 93.1419, 24.71182 ], [ 93.1762, 24.78351 ], [ 93.19626, 24.77725 ], [ 93.2206, 24.79486 ], [ 93.24208, 24.85144 ], [ 93.21164, 24.85885 ], [ 93.22644, 24.87283 ], [ 93.22177, 24.88183 ], [ 93.2327, 24.8844 ], [ 93.22599, 24.89169 ], [ 93.23921, 24.8996 ], [ 93.2352, 24.91141 ], [ 93.24884, 24.91485 ], [ 93.24597, 24.92525 ], [ 93.23849, 24.92568 ], [ 93.2451, 24.93539 ], [ 93.23681, 24.93716 ], [ 93.25127, 24.94064 ], [ 93.24536, 24.95081 ], [ 93.26301, 24.96134 ], [ 93.26092, 24.97146 ], [ 93.25716, 24.97362 ], [ 93.24961, 24.97312 ], [ 93.25277, 24.99891 ] ] ] ] } },
{ "type": "Feature", "properties": { "District": "TENGNOUPAL", "STATE": "MANIPUR", "country": "INDIA" }, "geometry": { "type": "Polygon", "coordinates": [ [ [ 94.17394, 24.63574 ], [ 94.2514, 24.61607 ], [ 94.26805, 24.59643 ], [ 94.28226, 24.60162 ], [ 94.3106, 24.57411 ], [ 94.334, 24.56383 ], [ 94.33319, 24.54923 ], [ 94.37073, 24.5503 ], [ 94.36089, 24.52117 ], [ 94.37677, 24.51483 ], [ 94.37522, 24.49844 ], [ 94.40688, 24.48072 ], [ 94.40131, 24.44948 ], [ 94.40869, 24.43715 ], [ 94.39763, 24.40729 ], [ 94.36713, 24.39462 ], [ 94.38011, 24.37464 ], [ 94.354, 24.33447 ], [ 94.32716, 24.32766 ], [ 94.31947, 24.26376 ], [ 94.31084, 24.24594 ], [ 94.29271, 24.23602 ], [ 94.28319, 24.17935 ], [ 94.26173, 24.16711 ], [ 94.25408, 24.11411 ], [ 94.19151, 24.13292 ], [ 94.16938, 24.15737 ], [ 94.16378, 24.19357 ], [ 94.17702, 24.27037 ], [ 94.13208, 24.31285 ], [ 94.11728, 24.34599 ], [ 94.11924, 24.37801 ], [ 94.11067, 24.38724 ], [ 94.08216, 24.38604 ], [ 94.04255, 24.41577 ], [ 94.01899, 24.44436 ], [ 94.04773, 24.47033 ], [ 94.03315, 24.50246 ], [ 94.03764, 24.53836 ], [ 94.05561, 24.53074 ], [ 94.05475, 24.5129 ], [ 94.06211, 24.52187 ], [ 94.06406, 24.51636 ], [ 94.08613, 24.51812 ], [ 94.07243, 24.5413 ], [ 94.07091, 24.56364 ], [ 94.09432, 24.55397 ], [ 94.12027, 24.60567 ], [ 94.14824, 24.60375 ], [ 94.14704, 24.61871 ], [ 94.17394, 24.63574 ] ] ] } },
{ "type": "Feature", "properties": { "District": "THOUBAL", "STATE": "MANIPUR", "country": "INDIA" }, "geometry": { "type": "Polygon", "coordinates": [ [ [ 93.93944, 24.71576 ], [ 93.96498, 24.70517 ], [ 93.97045, 24.7237 ], [ 93.9968, 24.72798 ], [ 94.01446, 24.70088 ], [ 94.00691, 24.68657 ], [ 94.0201, 24.66719 ], [ 94.02939, 24.67783 ], [ 94.0382, 24.67247 ], [ 94.04344, 24.68102 ], [ 94.10861, 24.70054 ], [ 94.12616, 24.72363 ], [ 94.13212, 24.70721 ], [ 94.11438, 24.6967 ], [ 94.12855, 24.68928 ], [ 94.09817, 24.66942 ], [ 94.11576, 24.63199 ], [ 94.14704, 24.61871 ], [ 94.14824, 24.60375 ], [ 94.11704, 24.60281 ], [ 94.09432, 24.55397 ], [ 94.07091, 24.56364 ], [ 94.07243, 24.5413 ], [ 94.08613, 24.51812 ], [ 94.06406, 24.51636 ], [ 94.06211, 24.52187 ], [ 94.05475, 24.5129 ], [ 94.05561, 24.53074 ], [ 94.03764, 24.53836 ], [ 94.03351, 24.50167 ], [ 93.98835, 24.51316 ], [ 93.96259, 24.5351 ], [ 93.89852, 24.55756 ], [ 93.90856, 24.56989 ], [ 93.90432, 24.59085 ], [ 93.91012, 24.60694 ], [ 93.88869, 24.61457 ], [ 93.90169, 24.63208 ], [ 93.91748, 24.63704 ], [ 93.92473, 24.65217 ], [ 93.93186, 24.64582 ], [ 93.93197, 24.66228 ], [ 93.91337, 24.6636 ], [ 93.91487, 24.67248 ], [ 93.90199, 24.67503 ], [ 93.90359, 24.70039 ], [ 93.92362, 24.70308 ], [ 93.92654, 24.71323 ], [ 93.93944, 24.71576 ] ] ] } },
{ "type": "Feature", "properties": { "District": "UKHRUL", "STATE": "MANIPUR", "country": "INDIA" }, "geometry": { "type": "Polygon", "coordinates": [ [ [ 94.56857, 25.69209 ], [ 94.59245, 25.68129 ], [ 94.58084, 25.66924 ], [ 94.57156, 25.63909 ], [ 94.59064, 25.63819 ], [ 94.55114, 25.5802 ], [ 94.56005, 25.56229 ], [ 94.55274, 25.50709 ], [ 94.62813, 25.45976 ], [ 94.66108, 25.44941 ], [ 94.68028, 25.45401 ], [ 94.67118, 25.44286 ], [ 94.6671, 25.41464 ], [ 94.6346, 25.39501 ], [ 94.63455, 25.35792 ], [ 94.58479, 25.26654 ], [ 94.58552, 25.22948 ], [ 94.57564, 25.21412 ], [ 94.60583, 25.18129 ], [ 94.62004, 25.18666 ], [ 94.64014, 25.16615 ], [ 94.6646, 25.16272 ], [ 94.67995, 25.1493 ], [ 94.68986, 25.15792 ], [ 94.71514, 25.13808 ], [ 94.73661, 25.13478 ], [ 94.7365, 25.11118 ], [ 94.61111, 25.10027 ], [ 94.58453, 25.08879 ], [ 94.55141, 25.05419 ], [ 94.51451, 25.0319 ], [ 94.46863, 25.02416 ], [ 94.44845, 25.03357 ], [ 94.36801, 25.02676 ], [ 94.339, 24.98806 ], [ 94.31404, 24.976 ], [ 94.26398, 24.97221 ], [ 94.19951, 24.94382 ], [ 94.17295, 24.94127 ], [ 94.14568, 25.00097 ], [ 94.1464, 25.03546 ], [ 94.11755, 25.06963 ], [ 94.12846, 25.11258 ], [ 94.14827, 25.13352 ], [ 94.16208, 25.13629 ], [ 94.16011, 25.14377 ], [ 94.18139, 25.16102 ], [ 94.17948, 25.16717 ], [ 94.21876, 25.18253 ], [ 94.22542, 25.19592 ], [ 94.248, 25.20947 ], [ 94.25548, 25.22828 ], [ 94.2956, 25.2495 ], [ 94.32303, 25.27884 ], [ 94.33595, 25.30791 ], [ 94.37729, 25.35773 ], [ 94.37468, 25.38837 ], [ 94.38268, 25.42158 ], [ 94.39039, 25.42281 ], [ 94.41883, 25.46688 ], [ 94.42975, 25.50994 ], [ 94.4607, 25.55505 ], [ 94.4669, 25.583 ], [ 94.54731, 25.65692 ], [ 94.56857, 25.69209 ] ] ] } },
{ "type": "Feature", "properties": { "District": "EAST GARO HILLS", "STATE": "MEGHALAYA", "country": "INDIA" }, "geometry": { "type": "Polygon", "coordinates": [ [ [ 90.72681, 25.81354 ], [ 90.80518, 25.80496 ], [ 90.81359, 25.764 ], [ 90.854, 25.75666 ], [ 90.85735, 25.74409 ], [ 90.83836, 25.73251 ], [ 90.85269, 25.71775 ], [ 90.88479, 25.71893 ], [ 90.90218, 25.74524 ], [ 90.94288, 25.77089 ], [ 90.94357, 25.75296 ], [ 90.97144, 25.75293 ], [ 90.98252, 25.74443 ], [ 90.95476, 25.71077 ], [ 90.95164, 25.69481 ], [ 90.87219, 25.60373 ], [ 90.84921, 25.59072 ], [ 90.81754, 25.58611 ], [ 90.81248, 25.57712 ], [ 90.80173, 25.58639 ], [ 90.79296, 25.57268 ], [ 90.77905, 25.58561 ], [ 90.76655, 25.55432 ], [ 90.72968, 25.53139 ], [ 90.7062, 25.49264 ], [ 90.6817, 25.4845 ], [ 90.6446, 25.41604 ], [ 90.5167, 25.42989 ], [ 90.4993, 25.44345 ], [ 90.44149, 25.46102 ], [ 90.40954, 25.45465 ], [ 90.40358, 25.4604 ], [ 90.33196, 25.45667 ], [ 90.32042, 25.46209 ], [ 90.31584, 25.47104 ], [ 90.34313, 25.50866 ], [ 90.35661, 25.5211 ], [ 90.37613, 25.52422 ], [ 90.39037, 25.54732 ], [ 90.38192, 25.58729 ], [ 90.38757, 25.6208 ], [ 90.39814, 25.63093 ], [ 90.392, 25.64197 ], [ 90.41381, 25.65702 ], [ 90.40737, 25.67382 ], [ 90.41365, 25.69602 ], [ 90.39982, 25.73648 ], [ 90.42318, 25.72166 ], [ 90.41977, 25.7088 ], [ 90.43946, 25.69534 ], [ 90.45465, 25.69702 ], [ 90.45727, 25.68249 ], [ 90.48813, 25.67704 ], [ 90.48709, 25.70837 ], [ 90.50141, 25.71272 ], [ 90.54412, 25.77914 ], [ 90.54969, 25.76893 ], [ 90.56431, 25.7792 ], [ 90.57636, 25.75055 ], [ 90.59678, 25.73972 ], [ 90.59826, 25.75026 ], [ 90.62441, 25.75401 ], [ 90.64038, 25.7793 ], [ 90.67783, 25.77439 ], [ 90.68517, 25.80144 ], [ 90.70443, 25.82455 ], [ 90.72681, 25.81354 ] ] ] } },
{ "type": "Feature", "properties": { "District": "EAST JAINTIA HILLS", "STATE": "MEGHALAYA", "country": "INDIA" }, "geometry": { "type": "Polygon", "coordinates": [ [ [ 92.53918, 25.09891 ], [ 92.48097, 25.10858 ], [ 92.47203, 25.06725 ], [ 92.45698, 25.05407 ], [ 92.46429, 25.03744 ], [ 92.44253, 25.04524 ], [ 92.43819, 25.03465 ], [ 92.42149, 25.0278 ], [ 92.36971, 25.04088 ], [ 92.36298, 25.04989 ], [ 92.34148, 25.04853 ], [ 92.34855, 25.07349 ], [ 92.33491, 25.07845 ], [ 92.31063, 25.06902 ], [ 92.19617, 25.10803 ], [ 92.2004, 25.11998 ], [ 92.2197, 25.11515 ], [ 92.19363, 25.12634 ], [ 92.20684, 25.1314 ], [ 92.21277, 25.14778 ], [ 92.20817, 25.15763 ], [ 92.22531, 25.15389 ], [ 92.2309, 25.1849 ], [ 92.23856, 25.18968 ], [ 92.23601, 25.21139 ], [ 92.21455, 25.23 ], [ 92.20647, 25.22756 ], [ 92.19942, 25.29175 ], [ 92.17178, 25.33586 ], [ 92.17251, 25.34852 ], [ 92.1911, 25.36333 ], [ 92.24457, 25.38115 ], [ 92.25995, 25.40649 ], [ 92.26049, 25.44982 ], [ 92.29035, 25.45323 ], [ 92.35091, 25.43676 ], [ 92.41761, 25.43595 ], [ 92.50201, 25.4421 ], [ 92.5049, 25.45949 ], [ 92.51389, 25.46605 ], [ 92.53253, 25.46315 ], [ 92.54327, 25.45066 ], [ 92.54816, 25.45992 ], [ 92.5679, 25.45632 ], [ 92.56645, 25.46343 ], [ 92.58036, 25.47208 ], [ 92.58411, 25.4656 ], [ 92.59564, 25.4702 ], [ 92.60663, 25.41323 ], [ 92.62764, 25.42197 ], [ 92.62565, 25.43492 ], [ 92.63956, 25.41757 ], [ 92.65362, 25.43352 ], [ 92.6519, 25.41924 ], [ 92.66164, 25.40635 ], [ 92.67353, 25.41402 ], [ 92.71794, 25.37263 ], [ 92.73802, 25.37933 ], [ 92.73236, 25.36892 ], [ 92.74642, 25.35833 ], [ 92.7499, 25.3441 ], [ 92.76107, 25.33352 ], [ 92.7818, 25.33318 ], [ 92.78693, 25.31437 ], [ 92.78143, 25.30445 ], [ 92.7925, 25.28256 ], [ 92.76862, 25.26812 ], [ 92.77775, 25.25818 ], [ 92.76189, 25.24653 ], [ 92.77167, 25.22998 ], [ 92.80209, 25.21512 ], [ 92.77621, 25.19961 ], [ 92.74287, 25.20665 ], [ 92.6939, 25.17924 ], [ 92.66348, 25.17667 ], [ 92.65576, 25.15495 ], [ 92.62831, 25.1381 ], [ 92.62143, 25.11503 ], [ 92.58808, 25.12878 ], [ 92.55536, 25.12695 ], [ 92.52162, 25.13903 ], [ 92.53918, 25.09891 ] ] ] } },
{ "type": "Feature", "properties": { "District": "EAST KHASI HILLS", "STATE": "MEGHALAYA", "country": "INDIA" }, "geometry": { "type": "Polygon", "coordinates": [ [ [ 92.15243, 25.6698 ], [ 92.15557, 25.6476 ], [ 92.13311, 25.64113 ], [ 92.13926, 25.62589 ], [ 92.12099, 25.60357 ], [ 92.12053, 25.58231 ], [ 92.10667, 25.5616 ], [ 92.11343, 25.5428 ], [ 92.0962, 25.49277 ], [ 92.11006, 25.47048 ], [ 92.09647, 25.45081 ], [ 92.11271, 25.41075 ], [ 92.10214, 25.39543 ], [ 92.11163, 25.37903 ], [ 92.11244, 25.3377 ], [ 92.11999, 25.3291 ], [ 92.10875, 25.3038 ], [ 92.04789, 25.31981 ], [ 92.02061, 25.30934 ], [ 91.98586, 25.27526 ], [ 91.98495, 25.24555 ], [ 92.00751, 25.20853 ], [ 92.02117, 25.20185 ], [ 92.01638, 25.1872 ], [ 91.97167, 25.16758 ], [ 91.96682, 25.17638 ], [ 91.91626, 25.18135 ], [ 91.88063, 25.17292 ], [ 91.82704, 25.1778 ], [ 91.77461, 25.16313 ], [ 91.75856, 25.16837 ], [ 91.75526, 25.17738 ], [ 91.74469, 25.16985 ], [ 91.74764, 25.14015 ], [ 91.70378, 25.16002 ], [ 91.6918, 25.13712 ], [ 91.66994, 25.1379 ], [ 91.66503, 25.12843 ], [ 91.65277, 25.1312 ], [ 91.63791, 25.12254 ], [ 91.6232, 25.12788 ], [ 91.62151, 25.14341 ], [ 91.60209, 25.14272 ], [ 91.59998, 25.1596 ], [ 91.61543, 25.16966 ], [ 91.60973, 25.17705 ], [ 91.57706, 25.17196 ], [ 91.57157, 25.16527 ], [ 91.57658, 25.15982 ], [ 91.56307, 25.16064 ], [ 91.55721, 25.14976 ], [ 91.50955, 25.14745 ], [ 91.4996, 25.13542 ], [ 91.47438, 25.13342 ], [ 91.46423, 25.13481 ], [ 91.46863, 25.15179 ], [ 91.44058, 25.14963 ], [ 91.41465, 25.17113 ], [ 91.41087, 25.16366 ], [ 91.39865, 25.16446 ], [ 91.37981, 25.17674 ], [ 91.35439, 25.23408 ], [ 91.3755, 25.24372 ], [ 91.38547, 25.23949 ], [ 91.40265, 25.26358 ], [ 91.42281, 25.26186 ], [ 91.4383, 25.27293 ], [ 91.47888, 25.26336 ], [ 91.49588, 25.28329 ], [ 91.53258, 25.27639 ], [ 91.54789, 25.28688 ], [ 91.54978, 25.33017 ], [ 91.52438, 25.34887 ], [ 91.53913, 25.37379 ], [ 91.54649, 25.41932 ], [ 91.55595, 25.42884 ], [ 91.54172, 25.5111 ], [ 91.65379, 25.55187 ], [ 91.65861, 25.52796 ], [ 91.67018, 25.522 ], [ 91.68908, 25.52592 ], [ 91.70022, 25.53342 ], [ 91.69873, 25.54614 ], [ 91.7295, 25.56331 ], [ 91.73321, 25.57513 ], [ 91.78098, 25.58959 ], [ 91.79983, 25.60951 ], [ 91.80823, 25.65866 ], [ 91.82728, 25.66928 ], [ 91.83279, 25.6461 ], [ 91.85907, 25.64652 ], [ 91.85758, 25.62935 ], [ 91.92102, 25.66605 ], [ 91.93911, 25.64967 ], [ 91.9594, 25.65426 ], [ 92.00152, 25.64577 ], [ 92.0183, 25.66326 ], [ 92.03479, 25.65343 ], [ 92.06122, 25.65513 ], [ 92.08141, 25.63719 ], [ 92.11381, 25.64609 ], [ 92.139, 25.67351 ], [ 92.15819, 25.67075 ], [ 92.15243, 25.6698 ] ] ] } },
{ "type": "Feature", "properties": { "District": "NORTH GARO HILLS", "STATE": "MEGHALAYA", "country": "INDIA" }, "geometry": { "type": "Polygon", "coordinates": [ [ [ 90.50626, 25.98673 ], [ 90.535, 25.94959 ], [ 90.50855, 25.9015 ], [ 90.51363, 25.89627 ], [ 90.54912, 25.91543 ], [ 90.5438, 25.92359 ], [ 90.57673, 25.93675 ], [ 90.58787, 25.95807 ], [ 90.62412, 25.93918 ], [ 90.60627, 25.91662 ], [ 90.6136, 25.89932 ], [ 90.62187, 25.89784 ], [ 90.63164, 25.91983 ], [ 90.67265, 25.93464 ], [ 90.68833, 25.94891 ], [ 90.71759, 25.95494 ], [ 90.72448, 25.94678 ], [ 90.7481, 25.95672 ], [ 90.7404, 25.93939 ], [ 90.74672, 25.92809 ], [ 90.75279, 25.93427 ], [ 90.75415, 25.92943 ], [ 90.73898, 25.91616 ], [ 90.74531, 25.91177 ], [ 90.76052, 25.92188 ], [ 90.75668, 25.91099 ], [ 90.76638, 25.90764 ], [ 90.78117, 25.91127 ], [ 90.78449, 25.92513 ], [ 90.80905, 25.95244 ], [ 90.83619, 25.94842 ], [ 90.83547, 25.93661 ], [ 90.84436, 25.94597 ], [ 90.87483, 25.94255 ], [ 90.87669, 25.94942 ], [ 90.88108, 25.94283 ], [ 90.88453, 25.95031 ], [ 90.89745, 25.93748 ], [ 90.89442, 25.93118 ], [ 90.91684, 25.91406 ], [ 90.91734, 25.94441 ], [ 90.93386, 25.93977 ], [ 90.94743, 25.94809 ], [ 90.96662, 25.91406 ], [ 90.96885, 25.88522 ], [ 91.02522, 25.88878 ], [ 91.02812, 25.86987 ], [ 91.01402, 25.85687 ], [ 91.00226, 25.82384 ], [ 90.96586, 25.78141 ], [ 90.90218, 25.74524 ], [ 90.88479, 25.71893 ], [ 90.85269, 25.71775 ], [ 90.84404, 25.72543 ], [ 90.83844, 25.7328 ], [ 90.85735, 25.74409 ], [ 90.854, 25.75666 ], [ 90.81359, 25.764 ], [ 90.80518, 25.80496 ], [ 90.73565, 25.80903 ], [ 90.70482, 25.82477 ], [ 90.68517, 25.80144 ], [ 90.67783, 25.77439 ], [ 90.64038, 25.7793 ], [ 90.62441, 25.75401 ], [ 90.59826, 25.75026 ], [ 90.59715, 25.73981 ], [ 90.57636, 25.75055 ], [ 90.56392, 25.77948 ], [ 90.54969, 25.76893 ], [ 90.54712, 25.77929 ], [ 90.54073, 25.77716 ], [ 90.50141, 25.71272 ], [ 90.48709, 25.70837 ], [ 90.48843, 25.67727 ], [ 90.48185, 25.67592 ], [ 90.45727, 25.68249 ], [ 90.45465, 25.69702 ], [ 90.43946, 25.69534 ], [ 90.41977, 25.7088 ], [ 90.42318, 25.72166 ], [ 90.39664, 25.74008 ], [ 90.41539, 25.76714 ], [ 90.4048, 25.78489 ], [ 90.38377, 25.81156 ], [ 90.35242, 25.81741 ], [ 90.34612, 25.82761 ], [ 90.39105, 25.84461 ], [ 90.38842, 25.89086 ], [ 90.40011, 25.92449 ], [ 90.41274, 25.93752 ], [ 90.41068, 25.95995 ], [ 90.42, 25.96426 ], [ 90.42382, 25.989 ], [ 90.47613, 26.00959 ], [ 90.50626, 25.98673 ] ] ] } },
{ "type": "Feature", "properties": { "District": "RI-BHOI", "STATE": "MEGHALAYA", "country": "INDIA" }, "geometry": { "type": "Polygon", "coordinates": [ [ [ 92.17613, 26.07795 ], [ 92.17608, 26.07023 ], [ 92.18716, 26.06657 ], [ 92.27489, 26.06565 ], [ 92.26395, 26.05736 ], [ 92.27003, 26.04745 ], [ 92.26108, 26.04164 ], [ 92.26347, 26.03313 ], [ 92.23387, 26.00912 ], [ 92.20385, 26.00122 ], [ 92.19855, 25.98822 ], [ 92.18088, 25.98501 ], [ 92.16421, 25.97028 ], [ 92.16405, 25.95781 ], [ 92.15273, 25.94507 ], [ 92.16093, 25.92815 ], [ 92.15474, 25.91099 ], [ 92.17555, 25.90737 ], [ 92.19453, 25.91846 ], [ 92.20228, 25.90633 ], [ 92.22556, 25.90917 ], [ 92.17724, 25.87275 ], [ 92.1775, 25.8515 ], [ 92.16202, 25.83554 ], [ 92.16128, 25.82059 ], [ 92.1511, 25.81664 ], [ 92.14782, 25.77295 ], [ 92.16271, 25.74086 ], [ 92.14425, 25.71681 ], [ 92.15478, 25.70621 ], [ 92.1596, 25.67624 ], [ 92.15008, 25.66961 ], [ 92.13856, 25.67329 ], [ 92.11409, 25.64629 ], [ 92.09266, 25.63929 ], [ 92.08141, 25.63719 ], [ 92.06122, 25.65513 ], [ 92.03479, 25.65343 ], [ 92.0183, 25.66326 ], [ 92.00152, 25.64577 ], [ 91.9594, 25.65426 ], [ 91.93911, 25.64967 ], [ 91.92102, 25.66605 ], [ 91.89852, 25.65858 ], [ 91.88596, 25.64123 ], [ 91.85408, 25.63089 ], [ 91.85907, 25.64652 ], [ 91.83182, 25.64698 ], [ 91.82806, 25.68865 ], [ 91.8133, 25.70543 ], [ 91.81142, 25.72926 ], [ 91.78483, 25.7318 ], [ 91.78408, 25.73888 ], [ 91.76832, 25.74327 ], [ 91.76536, 25.74971 ], [ 91.77915, 25.76326 ], [ 91.78783, 25.79071 ], [ 91.74962, 25.82715 ], [ 91.70735, 25.81986 ], [ 91.69795, 25.80465 ], [ 91.65936, 25.81435 ], [ 91.64238, 25.80278 ], [ 91.63166, 25.8099 ], [ 91.59667, 25.80528 ], [ 91.58697, 25.81189 ], [ 91.45851, 25.78844 ], [ 91.45744, 25.795 ], [ 91.42269, 25.79315 ], [ 91.41821, 25.80306 ], [ 91.37158, 25.80249 ], [ 91.34189, 25.82462 ], [ 91.34641, 25.83996 ], [ 91.3729, 25.84672 ], [ 91.42247, 25.85447 ], [ 91.44515, 25.83974 ], [ 91.46308, 25.857 ], [ 91.51372, 25.86397 ], [ 91.53043, 25.87125 ], [ 91.53519, 25.88388 ], [ 91.52659, 25.89107 ], [ 91.51314, 25.86571 ], [ 91.47481, 25.87402 ], [ 91.484, 25.89304 ], [ 91.5039, 25.89117 ], [ 91.49874, 25.89599 ], [ 91.50488, 25.90777 ], [ 91.53695, 25.93121 ], [ 91.50326, 25.91374 ], [ 91.50291, 25.92654 ], [ 91.51982, 25.93988 ], [ 91.51808, 25.95973 ], [ 91.53562, 25.9623 ], [ 91.55125, 25.9766 ], [ 91.5801, 26.03334 ], [ 91.59753, 26.01807 ], [ 91.61953, 26.02596 ], [ 91.6311, 26.02197 ], [ 91.6349, 26.01214 ], [ 91.62606, 25.98668 ], [ 91.64071, 25.96376 ], [ 91.62982, 25.94325 ], [ 91.61188, 25.94503 ], [ 91.60947, 25.93739 ], [ 91.65149, 25.90628 ], [ 91.6706, 25.90415 ], [ 91.72011, 25.9536 ], [ 91.72303, 26.03513 ], [ 91.7369, 26.05625 ], [ 91.73106, 26.05893 ], [ 91.76273, 26.07235 ], [ 91.77728, 26.08935 ], [ 91.79136, 26.08523 ], [ 91.8254, 26.11941 ], [ 91.87917, 26.09798 ], [ 91.8673, 26.04202 ], [ 91.87475, 26.04302 ], [ 91.88304, 26.0261 ], [ 91.91469, 26.0205 ], [ 91.90976, 26.00877 ], [ 91.91898, 25.99783 ], [ 91.93115, 26.01236 ], [ 91.98357, 26.0258 ], [ 91.98906, 26.03853 ], [ 92.05143, 26.03279 ], [ 92.09729, 26.04922 ], [ 92.13262, 26.04424 ], [ 92.15268, 26.06714 ], [ 92.17613, 26.07795 ] ] ] } },
{ "type": "Feature", "properties": { "District": "SOUTH GARO HILLS", "STATE": "MEGHALAYA", "country": "INDIA" }, "geometry": { "type": "Polygon", "coordinates": [ [ [ 90.79191, 25.48621 ], [ 90.77205, 25.47213 ], [ 90.78522, 25.46835 ], [ 90.77718, 25.45318 ], [ 90.75748, 25.4514 ], [ 90.76278, 25.39793 ], [ 90.75086, 25.39197 ], [ 90.74935, 25.38065 ], [ 90.76485, 25.36797 ], [ 90.80604, 25.3682 ], [ 90.83723, 25.35793 ], [ 90.83984, 25.31259 ], [ 90.8572, 25.29343 ], [ 90.90059, 25.2967 ], [ 90.92564, 25.26707 ], [ 90.95194, 25.2562 ], [ 90.95947, 25.23457 ], [ 90.94982, 25.21468 ], [ 90.9686, 25.20114 ], [ 90.96853, 25.17241 ], [ 90.92801, 25.16222 ], [ 90.88399, 25.16672 ], [ 90.84982, 25.15764 ], [ 90.84201, 25.16431 ], [ 90.80591, 25.16594 ], [ 90.80546, 25.17363 ], [ 90.78036, 25.18612 ], [ 90.76383, 25.17831 ], [ 90.76041, 25.1682 ], [ 90.73422, 25.16685 ], [ 90.74193, 25.16125 ], [ 90.73328, 25.15491 ], [ 90.70998, 25.16812 ], [ 90.69857, 25.15672 ], [ 90.68215, 25.16425 ], [ 90.68571, 25.17447 ], [ 90.67458, 25.1765 ], [ 90.66601, 25.1658 ], [ 90.66342, 25.19785 ], [ 90.65695, 25.18476 ], [ 90.65238, 25.19224 ], [ 90.64765, 25.19409 ], [ 90.65114, 25.18202 ], [ 90.64035, 25.18359 ], [ 90.64094, 25.17453 ], [ 90.50864, 25.17535 ], [ 90.50986, 25.16942 ], [ 90.49905, 25.17217 ], [ 90.44108, 25.14451 ], [ 90.40448, 25.15995 ], [ 90.37046, 25.16284 ], [ 90.33024, 25.19382 ], [ 90.31043, 25.18877 ], [ 90.24852, 25.20027 ], [ 90.25296, 25.21174 ], [ 90.2429, 25.22643 ], [ 90.23428, 25.22411 ], [ 90.23661, 25.23126 ], [ 90.25919, 25.2336 ], [ 90.25497, 25.24021 ], [ 90.26732, 25.23748 ], [ 90.27155, 25.26263 ], [ 90.28514, 25.26674 ], [ 90.26659, 25.28104 ], [ 90.27027, 25.31251 ], [ 90.28562, 25.31327 ], [ 90.28097, 25.31955 ], [ 90.29335, 25.32103 ], [ 90.28781, 25.3265 ], [ 90.29505, 25.33666 ], [ 90.30821, 25.33398 ], [ 90.31603, 25.35185 ], [ 90.3259, 25.35043 ], [ 90.34353, 25.36374 ], [ 90.3315, 25.39008 ], [ 90.34182, 25.40437 ], [ 90.33456, 25.41122 ], [ 90.34711, 25.42014 ], [ 90.33965, 25.4573 ], [ 90.40358, 25.4604 ], [ 90.40954, 25.45465 ], [ 90.44149, 25.46102 ], [ 90.4993, 25.44345 ], [ 90.5167, 25.42989 ], [ 90.6446, 25.41604 ], [ 90.6817, 25.4845 ], [ 90.7062, 25.49264 ], [ 90.72968, 25.53139 ], [ 90.76655, 25.55432 ], [ 90.7806, 25.53586 ], [ 90.79191, 25.48621 ] ] ] } },
{ "type": "Feature", "properties": { "District": "SOUTH WEST GARO HILLS", "STATE": "MEGHALAYA", "country": "INDIA" }, "geometry": { "type": "Polygon", "coordinates": [ [ [ 89.98034, 25.3246 ], [ 89.94924, 25.29271 ], [ 89.94392, 25.30436 ], [ 89.93903, 25.29904 ], [ 89.907, 25.30773 ], [ 89.8766, 25.28533 ], [ 89.83118, 25.29603 ], [ 89.8414, 25.31479 ], [ 89.82144, 25.35552 ], [ 89.82543, 25.41335 ], [ 89.84301, 25.45646 ], [ 89.87169, 25.47735 ], [ 89.87287, 25.50742 ], [ 89.88594, 25.50792 ], [ 89.88349, 25.51911 ], [ 89.87335, 25.51689 ], [ 89.86794, 25.52424 ], [ 89.87883, 25.5377 ], [ 89.8777, 25.54972 ], [ 89.89865, 25.56051 ], [ 89.97216, 25.57349 ], [ 89.9828, 25.59094 ], [ 90.003, 25.58542 ], [ 90.01089, 25.6004 ], [ 90.02887, 25.6054 ], [ 90.08422, 25.58657 ], [ 90.10575, 25.56127 ], [ 90.12161, 25.5637 ], [ 90.12097, 25.53148 ], [ 90.13016, 25.5345 ], [ 90.12662, 25.5391 ], [ 90.13905, 25.53727 ], [ 90.14115, 25.55373 ], [ 90.14812, 25.54487 ], [ 90.16042, 25.54841 ], [ 90.16135, 25.51124 ], [ 90.15119, 25.4878 ], [ 90.16405, 25.4756 ], [ 90.15215, 25.44291 ], [ 90.15772, 25.43872 ], [ 90.14679, 25.42086 ], [ 90.14767, 25.39821 ], [ 90.15574, 25.389 ], [ 90.15146, 25.37984 ], [ 90.01872, 25.35073 ], [ 90.00999, 25.33094 ], [ 89.98034, 25.3246 ] ] ] } },
{ "type": "Feature", "properties": { "District": "SOUTH WEST KHASI HILLS", "STATE": "MEGHALAYA", "country": "INDIA" }, "geometry": { "type": "Polygon", "coordinates": [ [ [ 91.35375, 25.17126 ], [ 91.31778, 25.18367 ], [ 91.28657, 25.18535 ], [ 91.29223, 25.19332 ], [ 91.26801, 25.20724 ], [ 91.25163, 25.19517 ], [ 91.19468, 25.20182 ], [ 91.12525, 25.194 ], [ 91.06964, 25.19841 ], [ 91.06788, 25.19153 ], [ 90.96977, 25.17323 ], [ 90.9686, 25.20114 ], [ 90.94982, 25.21468 ], [ 90.95947, 25.23457 ], [ 90.95194, 25.2562 ], [ 90.92564, 25.26707 ], [ 90.90059, 25.2967 ], [ 90.85709, 25.29407 ], [ 90.8754, 25.31819 ], [ 90.89662, 25.31367 ], [ 90.90661, 25.32806 ], [ 90.92888, 25.33501 ], [ 90.936, 25.33269 ], [ 90.93623, 25.32197 ], [ 90.94749, 25.33503 ], [ 90.97774, 25.32091 ], [ 90.98399, 25.33453 ], [ 90.97706, 25.34001 ], [ 90.99303, 25.34871 ], [ 90.99456, 25.36579 ], [ 91.00972, 25.3545 ], [ 91.02613, 25.3235 ], [ 91.05936, 25.33079 ], [ 91.0869, 25.30708 ], [ 91.10073, 25.31041 ], [ 91.0975, 25.34871 ], [ 91.14215, 25.37702 ], [ 91.14125, 25.38752 ], [ 91.12074, 25.39553 ], [ 91.11252, 25.42036 ], [ 91.17283, 25.45163 ], [ 91.18239, 25.43291 ], [ 91.18916, 25.44329 ], [ 91.20917, 25.44691 ], [ 91.22373, 25.43349 ], [ 91.23148, 25.4505 ], [ 91.27206, 25.39687 ], [ 91.28931, 25.39986 ], [ 91.28832, 25.41319 ], [ 91.33156, 25.44026 ], [ 91.43854, 25.44914 ], [ 91.47078, 25.43844 ], [ 91.51521, 25.4411 ], [ 91.51637, 25.43012 ], [ 91.53964, 25.4404 ], [ 91.5429, 25.43073 ], [ 91.55617, 25.43157 ], [ 91.52438, 25.34887 ], [ 91.54978, 25.33017 ], [ 91.55248, 25.30464 ], [ 91.54367, 25.27941 ], [ 91.49588, 25.28329 ], [ 91.47888, 25.26336 ], [ 91.4383, 25.27293 ], [ 91.42281, 25.26186 ], [ 91.40265, 25.26358 ], [ 91.38547, 25.23949 ], [ 91.3755, 25.24372 ], [ 91.35439, 25.23408 ], [ 91.36304, 25.20521 ], [ 91.38819, 25.17024 ], [ 91.37513, 25.16822 ], [ 91.36309, 25.17814 ], [ 91.35375, 25.17126 ] ] ] } },
{ "type": "Feature", "properties": { "District": "WEST GARO HILLS", "STATE": "MEGHALAYA", "country": "INDIA" }, "geometry": { "type": "Polygon", "coordinates": [ [ [ 90.39975, 26.01252 ], [ 90.42561, 25.98086 ], [ 90.42, 25.96426 ], [ 90.41068, 25.95995 ], [ 90.41274, 25.93752 ], [ 90.40011, 25.92449 ], [ 90.38842, 25.89086 ], [ 90.39119, 25.84493 ], [ 90.34612, 25.82761 ], [ 90.35242, 25.81741 ], [ 90.38377, 25.81156 ], [ 90.41539, 25.76749 ], [ 90.39664, 25.74008 ], [ 90.41365, 25.69602 ], [ 90.40737, 25.67382 ], [ 90.41381, 25.65702 ], [ 90.392, 25.64197 ], [ 90.39814, 25.63093 ], [ 90.38757, 25.6208 ], [ 90.38193, 25.58778 ], [ 90.38346, 25.56537 ], [ 90.39149, 25.55669 ], [ 90.38772, 25.53824 ], [ 90.37444, 25.53086 ], [ 90.37543, 25.52367 ], [ 90.34933, 25.51567 ], [ 90.31584, 25.47104 ], [ 90.32091, 25.46173 ], [ 90.33965, 25.4573 ], [ 90.34494, 25.43992 ], [ 90.34711, 25.42014 ], [ 90.33456, 25.41122 ], [ 90.34182, 25.40437 ], [ 90.3315, 25.39008 ], [ 90.34353, 25.36374 ], [ 90.3259, 25.35043 ], [ 90.31603, 25.35185 ], [ 90.30821, 25.33398 ], [ 90.29505, 25.33666 ], [ 90.28781, 25.3265 ], [ 90.29335, 25.32103 ], [ 90.28097, 25.31955 ], [ 90.28562, 25.31327 ], [ 90.27014, 25.3123 ], [ 90.26659, 25.28104 ], [ 90.28514, 25.26674 ], [ 90.27155, 25.26263 ], [ 90.26732, 25.23748 ], [ 90.25587, 25.24058 ], [ 90.25784, 25.23273 ], [ 90.23451, 25.22927 ], [ 90.25296, 25.21174 ], [ 90.25095, 25.20092 ], [ 90.22553, 25.20047 ], [ 90.17147, 25.22306 ], [ 90.11811, 25.22346 ], [ 90.05452, 25.26136 ], [ 90.03376, 25.26226 ], [ 90.00422, 25.28055 ], [ 89.98076, 25.28085 ], [ 89.97708, 25.29679 ], [ 89.96624, 25.30381 ], [ 89.98034, 25.3246 ], [ 90.00999, 25.33094 ], [ 90.01872, 25.35073 ], [ 90.15146, 25.37984 ], [ 90.15574, 25.389 ], [ 90.14767, 25.39821 ], [ 90.14679, 25.42086 ], [ 90.15772, 25.43872 ], [ 90.15215, 25.44291 ], [ 90.16405, 25.4756 ], [ 90.15119, 25.4878 ], [ 90.16135, 25.51124 ], [ 90.16216, 25.53364 ], [ 90.1561, 25.53511 ], [ 90.16331, 25.5398 ], [ 90.15884, 25.54948 ], [ 90.14812, 25.54487 ], [ 90.14153, 25.55383 ], [ 90.13905, 25.53727 ], [ 90.12662, 25.5391 ], [ 90.13016, 25.5345 ], [ 90.12097, 25.53148 ], [ 90.12161, 25.5637 ], [ 90.10575, 25.56127 ], [ 90.0887, 25.58308 ], [ 90.05818, 25.59844 ], [ 90.02887, 25.6054 ], [ 90.0193, 25.6045 ], [ 90.01843, 25.60139 ], [ 90.01089, 25.6004 ], [ 90.01859, 25.61133 ], [ 90.00412, 25.62674 ], [ 89.98318, 25.62679 ], [ 89.97916, 25.63878 ], [ 89.95045, 25.6556 ], [ 89.94442, 25.67926 ], [ 89.89913, 25.72642 ], [ 89.89474, 25.74497 ], [ 89.92428, 25.73834 ], [ 89.93728, 25.74512 ], [ 89.93523, 25.75449 ], [ 89.95478, 25.76718 ], [ 89.95935, 25.77993 ], [ 89.94826, 25.82547 ], [ 89.95768, 25.82911 ], [ 89.95416, 25.82127 ], [ 89.962, 25.82019 ], [ 89.96765, 25.82252 ], [ 89.96397, 25.83306 ], [ 89.97109, 25.82637 ], [ 90.00359, 25.83924 ], [ 90.0007, 25.8462 ], [ 90.01575, 25.85073 ], [ 90.02382, 25.86722 ], [ 90.00809, 25.88161 ], [ 90.02523, 25.89569 ], [ 90.04249, 25.88767 ], [ 90.06055, 25.91346 ], [ 90.08624, 25.91947 ], [ 90.09211, 25.93807 ], [ 90.10669, 25.94231 ], [ 90.11685, 25.95722 ], [ 90.14054, 25.9573 ], [ 90.15141, 25.96667 ], [ 90.15847, 25.95715 ], [ 90.17692, 25.95895 ], [ 90.18688, 25.94409 ], [ 90.20287, 25.96086 ], [ 90.21149, 25.95259 ], [ 90.32478, 25.9734 ], [ 90.34971, 26.00413 ], [ 90.37218, 26.01127 ], [ 90.39975, 26.01252 ] ] ] } },
{ "type": "Feature", "properties": { "District": "WEST JAINTIA HILLS", "STATE": "MEGHALAYA", "country": "INDIA" }, "geometry": { "type": "Polygon", "coordinates": [ [ [ 92.38402, 25.75452 ], [ 92.38209, 25.74192 ], [ 92.41384, 25.74194 ], [ 92.41165, 25.73003 ], [ 92.43118, 25.73218 ], [ 92.44429, 25.7197 ], [ 92.44065, 25.6916 ], [ 92.47033, 25.67515 ], [ 92.50563, 25.61631 ], [ 92.55417, 25.6148 ], [ 92.55673, 25.57096 ], [ 92.58407, 25.55045 ], [ 92.62205, 25.56515 ], [ 92.64171, 25.58851 ], [ 92.65338, 25.59061 ], [ 92.66146, 25.57219 ], [ 92.64542, 25.55574 ], [ 92.64284, 25.53481 ], [ 92.57365, 25.49048 ], [ 92.56436, 25.47361 ], [ 92.5679, 25.45632 ], [ 92.54816, 25.45992 ], [ 92.54327, 25.45066 ], [ 92.53253, 25.46315 ], [ 92.51389, 25.46605 ], [ 92.5049, 25.45949 ], [ 92.50201, 25.4421 ], [ 92.41761, 25.43595 ], [ 92.35091, 25.43676 ], [ 92.29035, 25.45323 ], [ 92.26049, 25.44982 ], [ 92.25995, 25.40649 ], [ 92.24457, 25.38115 ], [ 92.1911, 25.36333 ], [ 92.17251, 25.34852 ], [ 92.17178, 25.33586 ], [ 92.19942, 25.29175 ], [ 92.20647, 25.22756 ], [ 92.21455, 25.23 ], [ 92.23617, 25.21091 ], [ 92.23854, 25.18892 ], [ 92.2309, 25.1849 ], [ 92.22555, 25.15423 ], [ 92.20788, 25.15731 ], [ 92.21274, 25.1473 ], [ 92.20444, 25.12902 ], [ 92.18933, 25.13629 ], [ 92.18393, 25.11792 ], [ 92.17889, 25.12613 ], [ 92.15959, 25.1266 ], [ 92.16571, 25.13595 ], [ 92.13584, 25.13874 ], [ 92.14457, 25.13966 ], [ 92.1344, 25.14278 ], [ 92.13974, 25.15376 ], [ 92.13288, 25.16015 ], [ 92.08323, 25.18227 ], [ 92.01845, 25.1827 ], [ 92.02117, 25.20185 ], [ 92.00751, 25.20853 ], [ 91.98495, 25.24555 ], [ 91.98586, 25.27526 ], [ 92.02061, 25.30934 ], [ 92.04789, 25.31981 ], [ 92.10875, 25.3038 ], [ 92.11999, 25.3291 ], [ 92.11244, 25.3377 ], [ 92.11163, 25.37903 ], [ 92.10214, 25.39543 ], [ 92.11271, 25.41075 ], [ 92.09647, 25.45081 ], [ 92.11006, 25.47048 ], [ 92.0962, 25.49277 ], [ 92.11343, 25.5428 ], [ 92.10667, 25.5616 ], [ 92.12053, 25.58231 ], [ 92.12099, 25.60357 ], [ 92.13926, 25.62589 ], [ 92.13311, 25.64113 ], [ 92.15557, 25.6476 ], [ 92.15243, 25.6698 ], [ 92.1702, 25.66713 ], [ 92.22447, 25.71587 ], [ 92.23445, 25.70758 ], [ 92.26506, 25.70915 ], [ 92.31134, 25.72789 ], [ 92.33351, 25.72412 ], [ 92.38402, 25.75452 ] ] ] } },
{ "type": "Feature", "properties": { "District": "WEST KHASI HILLS", "STATE": "MEGHALAYA", "country": "INDIA" }, "geometry": { "type": "Polygon", "coordinates": [ [ [ 91.77026, 25.80869 ], [ 91.78839, 25.7822 ], [ 91.76536, 25.74971 ], [ 91.76832, 25.74327 ], [ 91.78408, 25.73888 ], [ 91.78483, 25.7318 ], [ 91.80828, 25.73326 ], [ 91.8133, 25.70543 ], [ 91.82806, 25.68865 ], [ 91.82728, 25.66928 ], [ 91.80823, 25.65866 ], [ 91.79983, 25.60951 ], [ 91.78098, 25.58959 ], [ 91.73321, 25.57513 ], [ 91.7295, 25.56331 ], [ 91.69873, 25.54614 ], [ 91.70022, 25.53342 ], [ 91.68908, 25.52592 ], [ 91.67018, 25.522 ], [ 91.65861, 25.52796 ], [ 91.65379, 25.55187 ], [ 91.54172, 25.5111 ], [ 91.55527, 25.42963 ], [ 91.5429, 25.43073 ], [ 91.53999, 25.44036 ], [ 91.51688, 25.43005 ], [ 91.51521, 25.4411 ], [ 91.47078, 25.43844 ], [ 91.43854, 25.44914 ], [ 91.37243, 25.44525 ], [ 91.30682, 25.43018 ], [ 91.31015, 25.42143 ], [ 91.28832, 25.41319 ], [ 91.28931, 25.39986 ], [ 91.27206, 25.39687 ], [ 91.23148, 25.4505 ], [ 91.22373, 25.43349 ], [ 91.20917, 25.44691 ], [ 91.18916, 25.44329 ], [ 91.18239, 25.43291 ], [ 91.17111, 25.45127 ], [ 91.11252, 25.42036 ], [ 91.12074, 25.39553 ], [ 91.14125, 25.38752 ], [ 91.14215, 25.37702 ], [ 91.0975, 25.34871 ], [ 91.09535, 25.33193 ], [ 91.10421, 25.31324 ], [ 91.09235, 25.30652 ], [ 91.05936, 25.33079 ], [ 91.02613, 25.3235 ], [ 91.00972, 25.3545 ], [ 90.99456, 25.36579 ], [ 90.99303, 25.34871 ], [ 90.97706, 25.34001 ], [ 90.98399, 25.33453 ], [ 90.97774, 25.32091 ], [ 90.94749, 25.33503 ], [ 90.93623, 25.32197 ], [ 90.936, 25.33269 ], [ 90.92888, 25.33501 ], [ 90.90661, 25.32806 ], [ 90.89662, 25.31367 ], [ 90.8754, 25.31819 ], [ 90.85706, 25.29362 ], [ 90.83984, 25.31259 ], [ 90.83723, 25.35793 ], [ 90.80604, 25.3682 ], [ 90.76485, 25.36797 ], [ 90.74935, 25.38065 ], [ 90.75086, 25.39197 ], [ 90.76278, 25.39793 ], [ 90.75748, 25.4514 ], [ 90.77718, 25.45318 ], [ 90.78522, 25.46835 ], [ 90.77205, 25.47213 ], [ 90.79191, 25.48621 ], [ 90.7806, 25.53586 ], [ 90.76455, 25.5509 ], [ 90.77905, 25.58561 ], [ 90.78975, 25.57238 ], [ 90.80173, 25.58639 ], [ 90.81248, 25.57712 ], [ 90.81754, 25.58611 ], [ 90.84921, 25.59072 ], [ 90.87982, 25.61095 ], [ 90.88013, 25.61952 ], [ 90.90825, 25.64084 ], [ 90.91227, 25.6543 ], [ 90.95164, 25.69481 ], [ 90.95476, 25.71077 ], [ 90.98252, 25.74443 ], [ 90.97144, 25.75293 ], [ 90.94357, 25.75296 ], [ 90.94399, 25.77033 ], [ 90.96586, 25.78141 ], [ 91.00226, 25.82384 ], [ 91.02245, 25.82377 ], [ 91.04772, 25.84908 ], [ 91.0785, 25.85274 ], [ 91.07186, 25.83876 ], [ 91.04888, 25.82927 ], [ 91.06213, 25.82078 ], [ 91.12036, 25.83293 ], [ 91.14755, 25.85049 ], [ 91.18023, 25.84397 ], [ 91.19583, 25.86139 ], [ 91.20364, 25.84321 ], [ 91.18631, 25.81836 ], [ 91.19044, 25.81143 ], [ 91.17826, 25.77735 ], [ 91.18929, 25.76395 ], [ 91.19048, 25.74783 ], [ 91.21012, 25.72549 ], [ 91.22245, 25.72256 ], [ 91.27454, 25.75045 ], [ 91.3357, 25.84069 ], [ 91.35954, 25.80653 ], [ 91.41821, 25.80306 ], [ 91.42269, 25.79315 ], [ 91.45744, 25.795 ], [ 91.45851, 25.78844 ], [ 91.58697, 25.81189 ], [ 91.59667, 25.80528 ], [ 91.63166, 25.8099 ], [ 91.64238, 25.80278 ], [ 91.65936, 25.81435 ], [ 91.69795, 25.80465 ], [ 91.70735, 25.81986 ], [ 91.73799, 25.82886 ], [ 91.77026, 25.80869 ] ] ] } },
{ "type": "Feature", "properties": { "District": "AIZAWL", "STATE": "MIZORAM", "country": "INDIA" }, "geometry": { "type": "Polygon", "coordinates": [ [ [ 92.79991, 24.43009 ], [ 92.79937, 24.41913 ], [ 92.82995, 24.40029 ], [ 92.82314, 24.38647 ], [ 92.8296, 24.37359 ], [ 92.84336, 24.37787 ], [ 92.86094, 24.3985 ], [ 92.87334, 24.39486 ], [ 92.88369, 24.40241 ], [ 92.90288, 24.39107 ], [ 92.90934, 24.41291 ], [ 92.93372, 24.39231 ], [ 92.95117, 24.40299 ], [ 92.96017, 24.39193 ], [ 92.97484, 24.40846 ], [ 93.02035, 24.38785 ], [ 93.01309, 24.37735 ], [ 93.01755, 24.34422 ], [ 93.03932, 24.34074 ], [ 93.03116, 24.31577 ], [ 93.00701, 24.2855 ], [ 93.00261, 24.25139 ], [ 93.02245, 24.23002 ], [ 93.01528, 24.22626 ], [ 93.01954, 24.21497 ], [ 93.01246, 24.19745 ], [ 92.99889, 24.19497 ], [ 93.00673, 24.17965 ], [ 92.99915, 24.1715 ], [ 93.00127, 24.15806 ], [ 92.98892, 24.15066 ], [ 92.98522, 24.12927 ], [ 92.96943, 24.1214 ], [ 92.97069, 24.11454 ], [ 92.9922, 24.1142 ], [ 93.04939, 24.08805 ], [ 93.07516, 24.10027 ], [ 93.09795, 24.07126 ], [ 93.09651, 24.04234 ], [ 93.12494, 24.06128 ], [ 93.13777, 24.08395 ], [ 93.16539, 24.07217 ], [ 93.1583, 24.00497 ], [ 93.18191, 23.97182 ], [ 93.18196, 23.95242 ], [ 93.19023, 23.94135 ], [ 93.18764, 23.93002 ], [ 93.16516, 23.93108 ], [ 93.15633, 23.90893 ], [ 93.16963, 23.87764 ], [ 93.16262, 23.85704 ], [ 93.13779, 23.84234 ], [ 93.13292, 23.82636 ], [ 93.09136, 23.82981 ], [ 93.05888, 23.80433 ], [ 93.06293, 23.79411 ], [ 93.0539, 23.78908 ], [ 93.01015, 23.8029 ], [ 93.02178, 23.79323 ], [ 93.0332, 23.73919 ], [ 93.02397, 23.73257 ], [ 93.03118, 23.69381 ], [ 93.02396, 23.68512 ], [ 93.03263, 23.64724 ], [ 93.02791, 23.59706 ], [ 93.03939, 23.51895 ], [ 93.01765, 23.51001 ], [ 92.99618, 23.47897 ], [ 92.97922, 23.49212 ], [ 92.98415, 23.51222 ], [ 92.94426, 23.5588 ], [ 92.91174, 23.56022 ], [ 92.8967, 23.57798 ], [ 92.88048, 23.56431 ], [ 92.88225, 23.55812 ], [ 92.86853, 23.55474 ], [ 92.85261, 23.57417 ], [ 92.83445, 23.57612 ], [ 92.82226, 23.58801 ], [ 92.81297, 23.64032 ], [ 92.79012, 23.64465 ], [ 92.78555, 23.60008 ], [ 92.76924, 23.59441 ], [ 92.77203, 23.56503 ], [ 92.79733, 23.55051 ], [ 92.80195, 23.53906 ], [ 92.79453, 23.52662 ], [ 92.79946, 23.47949 ], [ 92.83539, 23.46764 ], [ 92.83647, 23.44101 ], [ 92.82117, 23.38606 ], [ 92.83086, 23.3842 ], [ 92.82237, 23.37087 ], [ 92.83295, 23.3625 ], [ 92.84031, 23.33631 ], [ 92.81352, 23.32545 ], [ 92.77929, 23.32703 ], [ 92.72127, 23.35096 ], [ 92.71512, 23.34885 ], [ 92.71372, 23.32205 ], [ 92.70381, 23.31888 ], [ 92.69477, 23.32737 ], [ 92.68103, 23.32626 ], [ 92.68705, 23.35508 ], [ 92.68198, 23.36834 ], [ 92.67124, 23.36779 ], [ 92.67614, 23.37943 ], [ 92.66432, 23.39215 ], [ 92.66761, 23.40323 ], [ 92.6567, 23.42466 ], [ 92.65268, 23.48755 ], [ 92.65884, 23.50176 ], [ 92.65384, 23.52022 ], [ 92.63928, 23.52364 ], [ 92.63339, 23.53802 ], [ 92.65662, 23.56193 ], [ 92.64926, 23.59036 ], [ 92.67003, 23.60275 ], [ 92.67444, 23.62065 ], [ 92.65135, 23.62997 ], [ 92.63643, 23.64906 ], [ 92.63548, 23.65976 ], [ 92.66659, 23.70776 ], [ 92.64868, 23.71785 ], [ 92.63456, 23.75811 ], [ 92.62584, 23.76357 ], [ 92.63719, 23.7722 ], [ 92.63974, 23.7935 ], [ 92.62345, 23.79791 ], [ 92.6336, 23.81697 ], [ 92.64253, 23.805 ], [ 92.64845, 23.80993 ], [ 92.65428, 23.82009 ], [ 92.64539, 23.81917 ], [ 92.64364, 23.8282 ], [ 92.66292, 23.83674 ], [ 92.64124, 23.87308 ], [ 92.6423, 23.89821 ], [ 92.65192, 23.89957 ], [ 92.66248, 23.86786 ], [ 92.67985, 23.86725 ], [ 92.69556, 23.85584 ], [ 92.70839, 23.86182 ], [ 92.74918, 23.84588 ], [ 92.77682, 23.85221 ], [ 92.79693, 23.84801 ], [ 92.80604, 23.88598 ], [ 92.82195, 23.91209 ], [ 92.80665, 23.91962 ], [ 92.82247, 23.95339 ], [ 92.81608, 23.96637 ], [ 92.82669, 23.98608 ], [ 92.8208, 23.99409 ], [ 92.8313, 24.02365 ], [ 92.83888, 24.0151 ], [ 92.84581, 24.02685 ], [ 92.85545, 24.0998 ], [ 92.87651, 24.13027 ], [ 92.87149, 24.14006 ], [ 92.88188, 24.15466 ], [ 92.8819, 24.17036 ], [ 92.8908, 24.17384 ], [ 92.90027, 24.22602 ], [ 92.8881, 24.24557 ], [ 92.87956, 24.23321 ], [ 92.85909, 24.24363 ], [ 92.86452, 24.25227 ], [ 92.85846, 24.25869 ], [ 92.86518, 24.2624 ], [ 92.86015, 24.26798 ], [ 92.87235, 24.28687 ], [ 92.86207, 24.30859 ], [ 92.85426, 24.30649 ], [ 92.85597, 24.31507 ], [ 92.84968, 24.31636 ], [ 92.83732, 24.29927 ], [ 92.81739, 24.29615 ], [ 92.79604, 24.32436 ], [ 92.77912, 24.31147 ], [ 92.76469, 24.31665 ], [ 92.77197, 24.32555 ], [ 92.76848, 24.3403 ], [ 92.78026, 24.34543 ], [ 92.77248, 24.35405 ], [ 92.77956, 24.35519 ], [ 92.78474, 24.37463 ], [ 92.77734, 24.38523 ], [ 92.78563, 24.39123 ], [ 92.79174, 24.42532 ], [ 92.79991, 24.43009 ] ] ] } },
{ "type": "Feature", "properties": { "District": "CHAMPHAI", "STATE": "MIZORAM", "country": "INDIA" }, "geometry": { "type": "Polygon", "coordinates": [ [ [ 93.24345, 24.08227 ], [ 93.25911, 24.06971 ], [ 93.26199, 24.05715 ], [ 93.24775, 24.03075 ], [ 93.25064, 24.02071 ], [ 93.28353, 24.0484 ], [ 93.3258, 24.05035 ], [ 93.32763, 24.04237 ], [ 93.33751, 24.04117 ], [ 93.32591, 24.02992 ], [ 93.33896, 24.02148 ], [ 93.3296, 24.02044 ], [ 93.3375, 23.98967 ], [ 93.32889, 23.9848 ], [ 93.35114, 23.96165 ], [ 93.35076, 23.94165 ], [ 93.36026, 23.94507 ], [ 93.36893, 23.93018 ], [ 93.39314, 23.92884 ], [ 93.38496, 23.84813 ], [ 93.39005, 23.81772 ], [ 93.40326, 23.80705 ], [ 93.39155, 23.75669 ], [ 93.41095, 23.7294 ], [ 93.40727, 23.70724 ], [ 93.43691, 23.68704 ], [ 93.4165, 23.64763 ], [ 93.42856, 23.58828 ], [ 93.42207, 23.57137 ], [ 93.40982, 23.56365 ], [ 93.41854, 23.54001 ], [ 93.39472, 23.50376 ], [ 93.3925, 23.47881 ], [ 93.39931, 23.47188 ], [ 93.39476, 23.44807 ], [ 93.38801, 23.44638 ], [ 93.38831, 23.42082 ], [ 93.40165, 23.38375 ], [ 93.38649, 23.37408 ], [ 93.38763, 23.3594 ], [ 93.35577, 23.35189 ], [ 93.37288, 23.32942 ], [ 93.36692, 23.32216 ], [ 93.37157, 23.31354 ], [ 93.36383, 23.31323 ], [ 93.37162, 23.30961 ], [ 93.36508, 23.30634 ], [ 93.36993, 23.28717 ], [ 93.36261, 23.27914 ], [ 93.38861, 23.21692 ], [ 93.37545, 23.20422 ], [ 93.38064, 23.18659 ], [ 93.36865, 23.1753 ], [ 93.36823, 23.1441 ], [ 93.38645, 23.14411 ], [ 93.38561, 23.13384 ], [ 93.35566, 23.11605 ], [ 93.35429, 23.09683 ], [ 93.34457, 23.09177 ], [ 93.33926, 23.07383 ], [ 93.35206, 23.0704 ], [ 93.34081, 23.0677 ], [ 93.34243, 23.05754 ], [ 93.33461, 23.05945 ], [ 93.31385, 23.01943 ], [ 93.27501, 23.00391 ], [ 93.27124, 23.01073 ], [ 93.22946, 23.01165 ], [ 93.22978, 23.01993 ], [ 93.21505, 23.0273 ], [ 93.20987, 23.04854 ], [ 93.17507, 23.06276 ], [ 93.1752, 23.08115 ], [ 93.16283, 23.10152 ], [ 93.17284, 23.14084 ], [ 93.16112, 23.17575 ], [ 93.14526, 23.18468 ], [ 93.16169, 23.19916 ], [ 93.14606, 23.20219 ], [ 93.10537, 23.2404 ], [ 93.08268, 23.22607 ], [ 93.05427, 23.24352 ], [ 93.03838, 23.23693 ], [ 93.0342, 23.24486 ], [ 93.04311, 23.24944 ], [ 93.03232, 23.25439 ], [ 93.0306, 23.26599 ], [ 93.01103, 23.27398 ], [ 93.0051, 23.29045 ], [ 93.00584, 23.30481 ], [ 93.03192, 23.32679 ], [ 93.04859, 23.36973 ], [ 93.03247, 23.39769 ], [ 93.07411, 23.40111 ], [ 93.08575, 23.43332 ], [ 93.09893, 23.4465 ], [ 93.07794, 23.4561 ], [ 93.06997, 23.465 ], [ 93.08169, 23.46925 ], [ 93.07748, 23.47808 ], [ 93.04465, 23.48538 ], [ 93.02298, 23.47072 ], [ 93.0025, 23.48337 ], [ 93.01765, 23.51001 ], [ 93.04087, 23.52386 ], [ 93.0285, 23.5903 ], [ 93.03263, 23.64724 ], [ 93.02398, 23.68468 ], [ 93.03118, 23.69381 ], [ 93.02397, 23.73257 ], [ 93.0332, 23.73919 ], [ 93.02178, 23.79323 ], [ 93.01015, 23.8029 ], [ 93.05553, 23.78961 ], [ 93.06293, 23.79411 ], [ 93.05888, 23.80433 ], [ 93.0909, 23.82956 ], [ 93.13292, 23.82636 ], [ 93.13779, 23.84234 ], [ 93.16262, 23.85704 ], [ 93.16967, 23.87783 ], [ 93.15633, 23.90893 ], [ 93.16581, 23.93179 ], [ 93.18764, 23.93002 ], [ 93.19023, 23.94135 ], [ 93.18196, 23.95242 ], [ 93.18191, 23.97182 ], [ 93.1583, 24.00497 ], [ 93.1646, 24.05008 ], [ 93.21217, 24.04706 ], [ 93.21929, 24.081 ], [ 93.24345, 24.08227 ] ] ] } },
{ "type": "Feature", "properties": { "District": "KOLASIB", "STATE": "MIZORAM", "country": "INDIA" }, "geometry": { "type": "Polygon", "coordinates": [ [ [ 92.7636, 24.52112 ], [ 92.79706, 24.43265 ], [ 92.78563, 24.39123 ], [ 92.77734, 24.38523 ], [ 92.78474, 24.37463 ], [ 92.77956, 24.35519 ], [ 92.77248, 24.35405 ], [ 92.78026, 24.34543 ], [ 92.76848, 24.3403 ], [ 92.77197, 24.32555 ], [ 92.76469, 24.31665 ], [ 92.77912, 24.31147 ], [ 92.79604, 24.32436 ], [ 92.81739, 24.29615 ], [ 92.83732, 24.29927 ], [ 92.84968, 24.31636 ], [ 92.85597, 24.31507 ], [ 92.85426, 24.30649 ], [ 92.86207, 24.30859 ], [ 92.87235, 24.28687 ], [ 92.86015, 24.26798 ], [ 92.86518, 24.2624 ], [ 92.85846, 24.25869 ], [ 92.86452, 24.25227 ], [ 92.85909, 24.24363 ], [ 92.87956, 24.23321 ], [ 92.8881, 24.24557 ], [ 92.90027, 24.22602 ], [ 92.8908, 24.17384 ], [ 92.8819, 24.17036 ], [ 92.88188, 24.15466 ], [ 92.87149, 24.14006 ], [ 92.87651, 24.13027 ], [ 92.85545, 24.0998 ], [ 92.84581, 24.02685 ], [ 92.83888, 24.0151 ], [ 92.8313, 24.02365 ], [ 92.8208, 23.99409 ], [ 92.82669, 23.98608 ], [ 92.81608, 23.96637 ], [ 92.82247, 23.95339 ], [ 92.80665, 23.91962 ], [ 92.82195, 23.91209 ], [ 92.80604, 23.88598 ], [ 92.80098, 23.85408 ], [ 92.79709, 23.84803 ], [ 92.77682, 23.85221 ], [ 92.74918, 23.84588 ], [ 92.70867, 23.86177 ], [ 92.69556, 23.85584 ], [ 92.67985, 23.86725 ], [ 92.66228, 23.86806 ], [ 92.66182, 23.88143 ], [ 92.65, 23.89175 ], [ 92.66097, 23.90534 ], [ 92.65914, 23.91667 ], [ 92.62128, 23.9373 ], [ 92.62909, 23.94548 ], [ 92.62039, 23.96226 ], [ 92.63292, 23.99831 ], [ 92.61863, 24.01242 ], [ 92.63607, 24.03531 ], [ 92.62449, 24.04304 ], [ 92.62199, 24.03201 ], [ 92.61167, 24.05192 ], [ 92.58565, 24.06375 ], [ 92.58082, 24.07748 ], [ 92.57157, 24.07589 ], [ 92.57368, 24.0533 ], [ 92.56609, 24.04107 ], [ 92.55879, 24.04091 ], [ 92.56361, 24.05444 ], [ 92.55199, 24.06336 ], [ 92.54976, 24.04243 ], [ 92.53822, 24.03572 ], [ 92.53658, 24.10967 ], [ 92.54365, 24.12476 ], [ 92.53602, 24.12711 ], [ 92.5452, 24.14179 ], [ 92.52682, 24.16519 ], [ 92.53637, 24.1754 ], [ 92.53112, 24.18514 ], [ 92.55065, 24.247 ], [ 92.60605, 24.24845 ], [ 92.61416, 24.25595 ], [ 92.62477, 24.33408 ], [ 92.64953, 24.32868 ], [ 92.6612, 24.34806 ], [ 92.68452, 24.34639 ], [ 92.68976, 24.3536 ], [ 92.7636, 24.52112 ] ] ] } },
{ "type": "Feature", "properties": { "District": "LAWNGTLAI", "STATE": "MIZORAM", "country": "INDIA" }, "geometry": { "type": "MultiPolygon", "coordinates": [ [ [ [ 92.54253, 22.76274 ], [ 92.56688, 22.73166 ], [ 92.57828, 22.74005 ], [ 92.57835, 22.75543 ], [ 92.5908, 22.74439 ], [ 92.58591, 22.73809 ], [ 92.6021, 22.72047 ], [ 92.59365, 22.70989 ], [ 92.5966, 22.69616 ], [ 92.60886, 22.6812 ], [ 92.61712, 22.68454 ], [ 92.61771, 22.6714 ], [ 92.62974, 22.66641 ], [ 92.62632, 22.65959 ], [ 92.64453, 22.64791 ], [ 92.64068, 22.62178 ], [ 92.6963, 22.62205 ], [ 92.69332, 22.59136 ], [ 92.70985, 22.58532 ], [ 92.71965, 22.56414 ], [ 92.75218, 22.54489 ], [ 92.76039, 22.49693 ], [ 92.76904, 22.50308 ], [ 92.77694, 22.49703 ], [ 92.7725, 22.52768 ], [ 92.80314, 22.56951 ], [ 92.79586, 22.59784 ], [ 92.80651, 22.62938 ], [ 92.83719, 22.62539 ], [ 92.86193, 22.599 ], [ 92.875, 22.59514 ], [ 92.8771, 22.58405 ], [ 92.89469, 22.58485 ], [ 92.91128, 22.5473 ], [ 92.93116, 22.55562 ], [ 92.93885, 22.53606 ], [ 92.93089, 22.48253 ], [ 92.94429, 22.46628 ], [ 92.93473, 22.45865 ], [ 92.93725, 22.44105 ], [ 92.95014, 22.40355 ], [ 92.96536, 22.39309 ], [ 92.95356, 22.37218 ], [ 92.93278, 22.38129 ], [ 92.93576, 22.39469 ], [ 92.91955, 22.39095 ], [ 92.87647, 22.35535 ], [ 92.8599, 22.31984 ], [ 92.84909, 22.31932 ], [ 92.8432, 22.33027 ], [ 92.82142, 22.32933 ], [ 92.82243, 22.30702 ], [ 92.83686, 22.29108 ], [ 92.82962, 22.25594 ], [ 92.8502, 22.06261 ], [ 92.84169, 22.05913 ], [ 92.83674, 22.07166 ], [ 92.81847, 22.07469 ], [ 92.80994, 22.09592 ], [ 92.7984, 22.09346 ], [ 92.79035, 22.1048 ], [ 92.77368, 22.10698 ], [ 92.76003, 22.12551 ], [ 92.73538, 22.13444 ], [ 92.7268, 22.14911 ], [ 92.69474, 22.15349 ], [ 92.68963, 22.07188 ], [ 92.68804, 22.10373 ], [ 92.68177, 22.10346 ], [ 92.6799, 22.01186 ], [ 92.65161, 22.01591 ], [ 92.63494, 21.98322 ], [ 92.60754, 21.97466 ], [ 92.60319, 21.98003 ], [ 92.61265, 21.99076 ], [ 92.5981, 22.00898 ], [ 92.60007, 22.02841 ], [ 92.59262, 22.03744 ], [ 92.60266, 22.0611 ], [ 92.59222, 22.06562 ], [ 92.57514, 22.11617 ], [ 92.56262, 22.12802 ], [ 92.5785, 22.14341 ], [ 92.59259, 22.13883 ], [ 92.59446, 22.12514 ], [ 92.60575, 22.12339 ], [ 92.60923, 22.16402 ], [ 92.60713, 22.17253 ], [ 92.59523, 22.17539 ], [ 92.59077, 22.25547 ], [ 92.58102, 22.26918 ], [ 92.58659, 22.28025 ], [ 92.57725, 22.31115 ], [ 92.58117, 22.32176 ], [ 92.55933, 22.38186 ], [ 92.55983, 22.40183 ], [ 92.55208, 22.40897 ], [ 92.55639, 22.4251 ], [ 92.54333, 22.49325 ], [ 92.54993, 22.49733 ], [ 92.5426, 22.49876 ], [ 92.55128, 22.5133 ], [ 92.54338, 22.51417 ], [ 92.54, 22.5406 ], [ 92.52167, 22.55988 ], [ 92.5273, 22.57299 ], [ 92.53814, 22.5751 ], [ 92.53297, 22.58776 ], [ 92.53937, 22.58915 ], [ 92.52743, 22.62078 ], [ 92.53253, 22.63269 ], [ 92.52492, 22.64014 ], [ 92.52872, 22.66515 ], [ 92.5139, 22.708 ], [ 92.5167, 22.72217 ], [ 92.50412, 22.73847 ], [ 92.52014, 22.76165 ], [ 92.52747, 22.75666 ], [ 92.54253, 22.76274 ] ] ], [ [ [ 93.08177, 22.80853 ], [ 93.10736, 22.75262 ], [ 93.09099, 22.70481 ], [ 93.10192, 22.68267 ], [ 93.09476, 22.68053 ], [ 93.09563, 22.67176 ], [ 93.10957, 22.65549 ], [ 93.10826, 22.63573 ], [ 93.13369, 22.61415 ], [ 93.14015, 22.58889 ], [ 93.11491, 22.56286 ], [ 93.10951, 22.54083 ], [ 93.08046, 22.55382 ], [ 93.07301, 22.51537 ], [ 93.02088, 22.51608 ], [ 93.0276, 22.55473 ], [ 92.99301, 22.57379 ], [ 92.99584, 22.59833 ], [ 92.97926, 22.60824 ], [ 92.98866, 22.63415 ], [ 92.96222, 22.63356 ], [ 92.95492, 22.62655 ], [ 92.93165, 22.66118 ], [ 92.93574, 22.70824 ], [ 92.91251, 22.72674 ], [ 92.91797, 22.76488 ], [ 92.93315, 22.77725 ], [ 92.92313, 22.78001 ], [ 92.92304, 22.78934 ], [ 92.95377, 22.78565 ], [ 92.98535, 22.7532 ], [ 93.00966, 22.7532 ], [ 93.009, 22.76552 ], [ 93.03011, 22.77557 ], [ 93.04057, 22.77002 ], [ 93.05147, 22.74151 ], [ 93.06757, 22.75735 ], [ 93.06945, 22.78103 ], [ 93.05956, 22.79289 ], [ 93.06107, 22.80383 ], [ 93.08177, 22.80853 ] ] ] ] } },
{ "type": "Feature", "properties": { "District": "LUNGLEI", "STATE": "MIZORAM", "country": "INDIA" }, "geometry": { "type": "Polygon", "coordinates": [ [ [ 92.59482, 23.40474 ], [ 92.61614, 23.38631 ], [ 92.63451, 23.39323 ], [ 92.64347, 23.38403 ], [ 92.67191, 23.38423 ], [ 92.67124, 23.36779 ], [ 92.68309, 23.36679 ], [ 92.68655, 23.24608 ], [ 92.70004, 23.19603 ], [ 92.72003, 23.19416 ], [ 92.72176, 23.24009 ], [ 92.75452, 23.22697 ], [ 92.76924, 23.23431 ], [ 92.81231, 23.22622 ], [ 92.81786, 23.24137 ], [ 92.83331, 23.24595 ], [ 92.85851, 23.21437 ], [ 92.85424, 23.1945 ], [ 92.86258, 23.17407 ], [ 92.88239, 23.17008 ], [ 92.91694, 23.18909 ], [ 92.93202, 23.18785 ], [ 92.93611, 23.1695 ], [ 92.95408, 23.16441 ], [ 92.95761, 23.11603 ], [ 93.01644, 23.0811 ], [ 93.03723, 23.08147 ], [ 93.04297, 23.07401 ], [ 93.03846, 23.04981 ], [ 93.06831, 23.04275 ], [ 93.14015, 22.99078 ], [ 93.13804, 22.95056 ], [ 93.14813, 22.92511 ], [ 93.16453, 22.91099 ], [ 93.13978, 22.91351 ], [ 93.12986, 22.90387 ], [ 93.13435, 22.89129 ], [ 93.1173, 22.86311 ], [ 93.11311, 22.82903 ], [ 93.10361, 22.82433 ], [ 93.11055, 22.81805 ], [ 93.09485, 22.80668 ], [ 93.09651, 22.78671 ], [ 93.08174, 22.79779 ], [ 93.08351, 22.80833 ], [ 93.06107, 22.80383 ], [ 93.05956, 22.79289 ], [ 93.06945, 22.78103 ], [ 93.06768, 22.7582 ], [ 93.05478, 22.74264 ], [ 93.04057, 22.77002 ], [ 93.03011, 22.77557 ], [ 93.009, 22.76552 ], [ 93.00966, 22.7532 ], [ 92.98535, 22.7532 ], [ 92.95377, 22.78565 ], [ 92.9235, 22.79046 ], [ 92.92313, 22.78001 ], [ 92.93315, 22.77725 ], [ 92.91797, 22.76488 ], [ 92.91251, 22.72674 ], [ 92.93574, 22.70824 ], [ 92.93125, 22.66238 ], [ 92.95186, 22.6311 ], [ 92.94448, 22.57376 ], [ 92.93116, 22.55562 ], [ 92.91128, 22.5473 ], [ 92.89469, 22.58485 ], [ 92.8771, 22.58405 ], [ 92.875, 22.59514 ], [ 92.86193, 22.599 ], [ 92.83719, 22.62539 ], [ 92.80568, 22.62908 ], [ 92.79586, 22.59784 ], [ 92.80314, 22.56951 ], [ 92.7725, 22.52768 ], [ 92.77694, 22.49703 ], [ 92.76904, 22.50308 ], [ 92.75645, 22.4995 ], [ 92.75218, 22.54489 ], [ 92.71965, 22.56414 ], [ 92.70985, 22.58532 ], [ 92.69332, 22.59136 ], [ 92.69618, 22.62216 ], [ 92.64068, 22.62178 ], [ 92.64453, 22.64791 ], [ 92.62632, 22.65959 ], [ 92.62974, 22.66641 ], [ 92.61771, 22.6714 ], [ 92.61712, 22.68454 ], [ 92.60886, 22.6812 ], [ 92.59683, 22.69577 ], [ 92.59358, 22.70958 ], [ 92.60197, 22.72095 ], [ 92.57979, 22.7553 ], [ 92.57828, 22.74005 ], [ 92.56688, 22.73166 ], [ 92.54253, 22.76274 ], [ 92.51667, 22.76002 ], [ 92.50254, 22.73739 ], [ 92.47384, 22.74621 ], [ 92.47935, 22.7528 ], [ 92.4691, 22.78247 ], [ 92.47227, 22.79586 ], [ 92.45425, 22.81886 ], [ 92.46195, 22.8308 ], [ 92.45289, 22.84297 ], [ 92.46325, 22.84175 ], [ 92.45648, 22.85103 ], [ 92.46446, 22.85465 ], [ 92.45268, 22.86218 ], [ 92.46047, 22.8709 ], [ 92.44855, 22.87637 ], [ 92.45021, 22.89325 ], [ 92.44596, 22.8971 ], [ 92.43373, 22.88579 ], [ 92.42027, 22.91835 ], [ 92.4011, 22.91195 ], [ 92.39759, 22.9297 ], [ 92.37642, 22.92862 ], [ 92.37178, 22.93617 ], [ 92.37817, 22.95206 ], [ 92.37434, 22.97065 ], [ 92.38502, 22.98611 ], [ 92.38254, 23.03327 ], [ 92.39238, 23.05645 ], [ 92.38005, 23.08629 ], [ 92.35801, 23.10327 ], [ 92.3682, 23.12726 ], [ 92.35697, 23.13415 ], [ 92.36436, 23.15662 ], [ 92.34678, 23.23567 ], [ 92.40141, 23.23658 ], [ 92.38874, 23.26606 ], [ 92.40866, 23.26566 ], [ 92.41697, 23.25663 ], [ 92.41578, 23.26278 ], [ 92.43756, 23.27661 ], [ 92.43317, 23.28502 ], [ 92.45136, 23.28609 ], [ 92.46086, 23.31867 ], [ 92.4713, 23.32442 ], [ 92.45992, 23.34942 ], [ 92.46515, 23.3588 ], [ 92.45527, 23.3647 ], [ 92.46338, 23.39132 ], [ 92.47541, 23.39361 ], [ 92.48988, 23.38181 ], [ 92.49517, 23.39264 ], [ 92.50935, 23.37975 ], [ 92.54141, 23.38241 ], [ 92.56147, 23.37078 ], [ 92.5656, 23.37974 ], [ 92.58454, 23.38212 ], [ 92.58425, 23.40387 ], [ 92.59482, 23.40474 ] ] ] } },
{ "type": "Feature", "properties": { "District": "MAMIT", "STATE": "MIZORAM", "country": "INDIA" }, "geometry": { "type": "Polygon", "coordinates": [ [ [ 92.42253, 24.25486 ], [ 92.4189, 24.1927 ], [ 92.43379, 24.18313 ], [ 92.4362, 24.15351 ], [ 92.44912, 24.14397 ], [ 92.46548, 24.13627 ], [ 92.47896, 24.14232 ], [ 92.48392, 24.16317 ], [ 92.50151, 24.16039 ], [ 92.51577, 24.179 ], [ 92.52496, 24.17181 ], [ 92.53112, 24.18514 ], [ 92.53631, 24.17685 ], [ 92.52682, 24.16519 ], [ 92.5452, 24.14179 ], [ 92.53602, 24.12711 ], [ 92.54365, 24.12476 ], [ 92.53658, 24.10967 ], [ 92.53822, 24.03572 ], [ 92.54976, 24.04243 ], [ 92.55199, 24.06336 ], [ 92.56361, 24.05444 ], [ 92.55879, 24.04091 ], [ 92.56609, 24.04107 ], [ 92.57368, 24.0533 ], [ 92.57157, 24.07589 ], [ 92.58082, 24.07748 ], [ 92.58565, 24.06375 ], [ 92.61167, 24.05192 ], [ 92.62199, 24.03201 ], [ 92.62449, 24.04304 ], [ 92.63627, 24.03506 ], [ 92.61863, 24.01242 ], [ 92.63292, 23.99831 ], [ 92.62039, 23.96226 ], [ 92.62909, 23.94548 ], [ 92.62128, 23.9373 ], [ 92.66015, 23.91462 ], [ 92.65921, 23.90313 ], [ 92.63964, 23.89233 ], [ 92.64788, 23.85688 ], [ 92.66292, 23.83674 ], [ 92.64414, 23.82908 ], [ 92.64539, 23.81917 ], [ 92.65435, 23.81926 ], [ 92.64324, 23.80519 ], [ 92.63254, 23.81628 ], [ 92.62343, 23.7972 ], [ 92.63865, 23.7947 ], [ 92.6404, 23.78642 ], [ 92.62584, 23.76357 ], [ 92.63456, 23.75811 ], [ 92.64868, 23.71785 ], [ 92.66659, 23.70776 ], [ 92.63541, 23.6554 ], [ 92.65135, 23.62997 ], [ 92.67444, 23.62015 ], [ 92.66961, 23.60224 ], [ 92.64926, 23.59036 ], [ 92.65662, 23.56193 ], [ 92.63337, 23.53911 ], [ 92.63928, 23.52364 ], [ 92.65384, 23.52022 ], [ 92.65884, 23.50176 ], [ 92.65268, 23.48755 ], [ 92.65504, 23.43888 ], [ 92.66934, 23.3851 ], [ 92.64347, 23.38403 ], [ 92.63451, 23.39323 ], [ 92.61614, 23.38631 ], [ 92.58964, 23.40726 ], [ 92.58454, 23.38212 ], [ 92.5656, 23.37974 ], [ 92.56147, 23.37078 ], [ 92.54141, 23.38241 ], [ 92.50935, 23.37975 ], [ 92.49517, 23.39264 ], [ 92.48988, 23.38181 ], [ 92.47541, 23.39361 ], [ 92.46361, 23.39146 ], [ 92.45527, 23.3647 ], [ 92.46515, 23.3588 ], [ 92.45992, 23.34942 ], [ 92.47116, 23.3237 ], [ 92.46086, 23.31867 ], [ 92.45136, 23.28609 ], [ 92.43317, 23.28502 ], [ 92.43756, 23.27661 ], [ 92.41578, 23.26278 ], [ 92.41674, 23.2566 ], [ 92.39394, 23.26687 ], [ 92.38116, 23.2851 ], [ 92.38568, 23.3062 ], [ 92.36436, 23.32292 ], [ 92.38068, 23.35118 ], [ 92.37906, 23.36183 ], [ 92.37049, 23.37358 ], [ 92.36394, 23.36616 ], [ 92.35643, 23.37235 ], [ 92.36511, 23.37959 ], [ 92.35266, 23.38087 ], [ 92.3574, 23.4107 ], [ 92.34775, 23.41281 ], [ 92.34649, 23.43319 ], [ 92.33392, 23.42883 ], [ 92.32708, 23.44854 ], [ 92.3333, 23.45593 ], [ 92.3255, 23.45908 ], [ 92.3318, 23.46606 ], [ 92.31713, 23.47165 ], [ 92.32616, 23.4788 ], [ 92.31606, 23.48682 ], [ 92.32283, 23.50102 ], [ 92.3136, 23.5155 ], [ 92.31789, 23.52633 ], [ 92.30625, 23.53504 ], [ 92.31351, 23.55499 ], [ 92.30821, 23.57771 ], [ 92.30144, 23.59289 ], [ 92.29652, 23.58803 ], [ 92.28726, 23.59604 ], [ 92.28734, 23.61674 ], [ 92.29577, 23.62163 ], [ 92.28069, 23.63059 ], [ 92.27863, 23.62492 ], [ 92.28178, 23.63856 ], [ 92.27297, 23.64194 ], [ 92.29094, 23.69083 ], [ 92.27969, 23.71581 ], [ 92.26549, 23.72501 ], [ 92.26731, 23.7686 ], [ 92.25706, 23.81247 ], [ 92.28234, 23.81463 ], [ 92.26868, 23.84218 ], [ 92.28511, 23.86715 ], [ 92.30767, 23.85691 ], [ 92.31503, 23.8605 ], [ 92.31118, 23.88011 ], [ 92.32519, 23.91409 ], [ 92.30899, 23.93122 ], [ 92.30797, 23.96056 ], [ 92.3262, 23.99778 ], [ 92.31395, 24.02122 ], [ 92.31982, 24.02444 ], [ 92.31211, 24.03241 ], [ 92.31215, 24.05212 ], [ 92.32767, 24.10149 ], [ 92.32456, 24.13943 ], [ 92.3307, 24.13969 ], [ 92.33173, 24.15179 ], [ 92.32387, 24.17123 ], [ 92.33206, 24.17956 ], [ 92.28959, 24.25235 ], [ 92.42253, 24.25486 ] ] ] } },
{ "type": "Feature", "properties": { "District": "SAIHA", "STATE": "MIZORAM", "country": "INDIA" }, "geometry": { "type": "Polygon", "coordinates": [ [ [ 92.98854, 22.63044 ], [ 92.97926, 22.60824 ], [ 92.99584, 22.59833 ], [ 92.99301, 22.57379 ], [ 93.0276, 22.55473 ], [ 93.02088, 22.51608 ], [ 93.07301, 22.51537 ], [ 93.08108, 22.55428 ], [ 93.10951, 22.54083 ], [ 93.10741, 22.52558 ], [ 93.12821, 22.52365 ], [ 93.12379, 22.50838 ], [ 93.13456, 22.49175 ], [ 93.13085, 22.46816 ], [ 93.1387, 22.45452 ], [ 93.16347, 22.4513 ], [ 93.18529, 22.42815 ], [ 93.18583, 22.33994 ], [ 93.19668, 22.32876 ], [ 93.18905, 22.32273 ], [ 93.19575, 22.31432 ], [ 93.18957, 22.3008 ], [ 93.19918, 22.29424 ], [ 93.19359, 22.28809 ], [ 93.20195, 22.26309 ], [ 93.17762, 22.24572 ], [ 93.1421, 22.24546 ], [ 93.14864, 22.21171 ], [ 93.16146, 22.1971 ], [ 93.15083, 22.17626 ], [ 93.12356, 22.17355 ], [ 93.11104, 22.20403 ], [ 93.08872, 22.19654 ], [ 93.0633, 22.2073 ], [ 93.03822, 22.19503 ], [ 93.0491, 22.1689 ], [ 93.0372, 22.14438 ], [ 93.05705, 22.12137 ], [ 93.05958, 22.10125 ], [ 93.00453, 22.10359 ], [ 93.01163, 22.0884 ], [ 92.99481, 22.03219 ], [ 93.00427, 22.01705 ], [ 93.00741, 21.98233 ], [ 92.98056, 21.98006 ], [ 92.97792, 21.99747 ], [ 92.95225, 22.02971 ], [ 92.93997, 22.01356 ], [ 92.92725, 22.01564 ], [ 92.93578, 22.0057 ], [ 92.92075, 21.99183 ], [ 92.90385, 21.94004 ], [ 92.89133, 22.01125 ], [ 92.86506, 22.02369 ], [ 92.86353, 22.06236 ], [ 92.84748, 22.06888 ], [ 92.82962, 22.25594 ], [ 92.83686, 22.29108 ], [ 92.82264, 22.30651 ], [ 92.82059, 22.32577 ], [ 92.82676, 22.33377 ], [ 92.84396, 22.33003 ], [ 92.84952, 22.31911 ], [ 92.86036, 22.32013 ], [ 92.87647, 22.35535 ], [ 92.928, 22.39568 ], [ 92.93768, 22.39251 ], [ 92.93155, 22.38363 ], [ 92.93986, 22.37462 ], [ 92.95825, 22.37561 ], [ 92.9653, 22.39357 ], [ 92.95014, 22.40355 ], [ 92.93462, 22.45736 ], [ 92.94429, 22.46628 ], [ 92.93089, 22.48253 ], [ 92.93885, 22.53606 ], [ 92.93116, 22.55562 ], [ 92.945, 22.57493 ], [ 92.9513, 22.62889 ], [ 92.98854, 22.63044 ] ] ] } },
{ "type": "Feature", "properties": { "District": "SERCHHIP", "STATE": "MIZORAM", "country": "INDIA" }, "geometry": { "type": "Polygon", "coordinates": [ [ [ 92.79012, 23.64465 ], [ 92.81581, 23.63651 ], [ 92.81068, 23.62784 ], [ 92.82135, 23.61783 ], [ 92.8219, 23.589 ], [ 92.83429, 23.57621 ], [ 92.85261, 23.57417 ], [ 92.86861, 23.55473 ], [ 92.88225, 23.55812 ], [ 92.88048, 23.56431 ], [ 92.8967, 23.57798 ], [ 92.91174, 23.56022 ], [ 92.94426, 23.5588 ], [ 92.98456, 23.51151 ], [ 92.97914, 23.49239 ], [ 92.98616, 23.48587 ], [ 93.02298, 23.47072 ], [ 93.04465, 23.48538 ], [ 93.07748, 23.47808 ], [ 93.08169, 23.46925 ], [ 93.07036, 23.46447 ], [ 93.0982, 23.45053 ], [ 93.0766, 23.40294 ], [ 93.03247, 23.39769 ], [ 93.04859, 23.36973 ], [ 93.03192, 23.32679 ], [ 93.00584, 23.30481 ], [ 93.0051, 23.29045 ], [ 93.01103, 23.27398 ], [ 93.0306, 23.26599 ], [ 93.03232, 23.25439 ], [ 93.04311, 23.24944 ], [ 93.0342, 23.24486 ], [ 93.03838, 23.23693 ], [ 93.05427, 23.24352 ], [ 93.08268, 23.22607 ], [ 93.10537, 23.2404 ], [ 93.14606, 23.20219 ], [ 93.16267, 23.19791 ], [ 93.14526, 23.18468 ], [ 93.16112, 23.17575 ], [ 93.17284, 23.14084 ], [ 93.16283, 23.10152 ], [ 93.17984, 23.05695 ], [ 93.15609, 23.04318 ], [ 93.15135, 23.05375 ], [ 93.13515, 23.05997 ], [ 93.12233, 23.00638 ], [ 93.06796, 23.04294 ], [ 93.03846, 23.04981 ], [ 93.04297, 23.07401 ], [ 93.03723, 23.08147 ], [ 93.01644, 23.0811 ], [ 92.95761, 23.11603 ], [ 92.95408, 23.16441 ], [ 92.93611, 23.1695 ], [ 92.93251, 23.18754 ], [ 92.91694, 23.18909 ], [ 92.88035, 23.16968 ], [ 92.86258, 23.17407 ], [ 92.85424, 23.1945 ], [ 92.85851, 23.21437 ], [ 92.83331, 23.24595 ], [ 92.81786, 23.24137 ], [ 92.81231, 23.22622 ], [ 92.76924, 23.23431 ], [ 92.75452, 23.22697 ], [ 92.72176, 23.24009 ], [ 92.72003, 23.19416 ], [ 92.69991, 23.19622 ], [ 92.68655, 23.24608 ], [ 92.68309, 23.32275 ], [ 92.6944, 23.32745 ], [ 92.70059, 23.31957 ], [ 92.71345, 23.32174 ], [ 92.71512, 23.34885 ], [ 92.72127, 23.35096 ], [ 92.77929, 23.32703 ], [ 92.81352, 23.32545 ], [ 92.84031, 23.33631 ], [ 92.83295, 23.3625 ], [ 92.82237, 23.37087 ], [ 92.83086, 23.3842 ], [ 92.82117, 23.38606 ], [ 92.83647, 23.44101 ], [ 92.83539, 23.46764 ], [ 92.79946, 23.47949 ], [ 92.79453, 23.52662 ], [ 92.80195, 23.53906 ], [ 92.79733, 23.55051 ], [ 92.77729, 23.55638 ], [ 92.77199, 23.56534 ], [ 92.76929, 23.59456 ], [ 92.78555, 23.60008 ], [ 92.79012, 23.64465 ] ] ] } },
{ "type": "Feature", "properties": { "District": "DIMAPUR", "STATE": "NAGALAND", "country": "INDIA" }, "geometry": { "type": "Polygon", "coordinates": [ [ [ 93.96695, 25.90626 ], [ 93.97408, 25.89401 ], [ 93.98626, 25.89663 ], [ 93.99464, 25.88118 ], [ 93.97514, 25.86852 ], [ 93.97061, 25.84066 ], [ 93.98923, 25.79234 ], [ 93.97754, 25.77222 ], [ 93.98885, 25.74818 ], [ 93.96063, 25.71455 ], [ 93.92982, 25.71634 ], [ 93.89065, 25.73848 ], [ 93.87495, 25.72531 ], [ 93.92884, 25.69529 ], [ 93.93128, 25.68319 ], [ 93.94669, 25.67041 ], [ 93.93948, 25.65663 ], [ 93.95325, 25.65576 ], [ 93.9223, 25.61657 ], [ 93.912, 25.61855 ], [ 93.87209, 25.67578 ], [ 93.84001, 25.69281 ], [ 93.82097, 25.71739 ], [ 93.79216, 25.673 ], [ 93.76914, 25.70335 ], [ 93.74442, 25.71367 ], [ 93.74656, 25.72518 ], [ 93.73398, 25.73131 ], [ 93.7367, 25.73933 ], [ 93.72692, 25.75163 ], [ 93.73079, 25.75813 ], [ 93.71906, 25.75538 ], [ 93.71673, 25.76416 ], [ 93.70361, 25.76902 ], [ 93.68501, 25.77047 ], [ 93.68203, 25.7637 ], [ 93.68951, 25.75509 ], [ 93.69267, 25.71844 ], [ 93.68276, 25.69795 ], [ 93.64841, 25.68671 ], [ 93.6495, 25.67703 ], [ 93.63594, 25.66064 ], [ 93.60144, 25.65067 ], [ 93.58768, 25.65628 ], [ 93.59102, 25.66928 ], [ 93.58133, 25.66926 ], [ 93.59191, 25.68551 ], [ 93.57744, 25.69433 ], [ 93.5744, 25.71471 ], [ 93.56302, 25.70763 ], [ 93.53955, 25.72256 ], [ 93.5427, 25.73117 ], [ 93.56151, 25.73777 ], [ 93.56633, 25.75475 ], [ 93.57322, 25.75412 ], [ 93.56794, 25.75843 ], [ 93.57775, 25.75449 ], [ 93.58592, 25.76615 ], [ 93.60265, 25.76508 ], [ 93.60504, 25.7749 ], [ 93.61742, 25.77599 ], [ 93.62675, 25.78961 ], [ 93.6247, 25.80256 ], [ 93.63289, 25.80276 ], [ 93.64614, 25.82238 ], [ 93.66829, 25.82183 ], [ 93.6883, 25.84595 ], [ 93.71432, 25.84451 ], [ 93.70208, 25.85154 ], [ 93.68153, 25.90439 ], [ 93.75131, 25.93281 ], [ 93.74512, 25.94234 ], [ 93.76796, 25.95101 ], [ 93.76545, 25.96975 ], [ 93.77719, 25.96824 ], [ 93.79567, 25.90651 ], [ 93.79537, 25.89238 ], [ 93.78416, 25.88434 ], [ 93.78984, 25.86781 ], [ 93.77754, 25.84981 ], [ 93.79547, 25.80893 ], [ 93.81639, 25.82261 ], [ 93.82115, 25.83874 ], [ 93.8397, 25.85661 ], [ 93.85226, 25.85823 ], [ 93.8818, 25.84335 ], [ 93.916, 25.8837 ], [ 93.93398, 25.88525 ], [ 93.93797, 25.89631 ], [ 93.96695, 25.90626 ] ] ] } },
{ "type": "Feature", "properties": { "District": "KIPHIRE", "STATE": "NAGALAND", "country": "INDIA" }, "geometry": { "type": "Polygon", "coordinates": [ [ [ 94.68708, 26.03806 ], [ 94.73311, 26.01959 ], [ 94.75859, 26.02358 ], [ 94.77861, 26.01142 ], [ 94.78712, 25.99406 ], [ 94.86591, 25.98358 ], [ 94.86993, 25.97952 ], [ 94.84297, 25.93011 ], [ 94.87051, 25.94567 ], [ 94.91135, 25.94286 ], [ 94.92554, 25.94927 ], [ 94.93848, 25.9371 ], [ 94.93593, 25.91651 ], [ 94.95144, 25.90099 ], [ 94.96986, 25.89744 ], [ 94.97386, 25.88072 ], [ 94.9822, 25.87569 ], [ 94.99979, 25.88538 ], [ 95.01158, 25.876 ], [ 95.00919, 25.86661 ], [ 95.03039, 25.83837 ], [ 95.03331, 25.81424 ], [ 95.04972, 25.80088 ], [ 95.04403, 25.77374 ], [ 95.04906, 25.75966 ], [ 95.04052, 25.74184 ], [ 94.99723, 25.72498 ], [ 94.97064, 25.68913 ], [ 94.93598, 25.66761 ], [ 94.92284, 25.64542 ], [ 94.91509, 25.60768 ], [ 94.88226, 25.59175 ], [ 94.88163, 25.58509 ], [ 94.86621, 25.60876 ], [ 94.85138, 25.61077 ], [ 94.84609, 25.65012 ], [ 94.8566, 25.71741 ], [ 94.8204, 25.76284 ], [ 94.79025, 25.77745 ], [ 94.75544, 25.78231 ], [ 94.72509, 25.7481 ], [ 94.72042, 25.73947 ], [ 94.727, 25.72524 ], [ 94.71678, 25.72196 ], [ 94.71617, 25.75566 ], [ 94.69573, 25.79229 ], [ 94.65418, 25.81488 ], [ 94.61028, 25.81799 ], [ 94.60285, 25.82624 ], [ 94.61023, 25.84414 ], [ 94.59588, 25.87537 ], [ 94.56982, 25.88967 ], [ 94.6734, 26.02639 ], [ 94.68708, 26.03806 ] ] ] } },
{ "type": "Feature", "properties": { "District": "KOHIMA", "STATE": "NAGALAND", "country": "INDIA" }, "geometry": { "type": "Polygon", "coordinates": [ [ [ 94.25573, 26.00435 ], [ 94.28676, 25.97931 ], [ 94.29877, 25.94025 ], [ 94.27189, 25.9203 ], [ 94.248, 25.92106 ], [ 94.2486, 25.89907 ], [ 94.24078, 25.89273 ], [ 94.24139, 25.87192 ], [ 94.22918, 25.84145 ], [ 94.25606, 25.80502 ], [ 94.26745, 25.8134 ], [ 94.28227, 25.80359 ], [ 94.23009, 25.71397 ], [ 94.23105, 25.6947 ], [ 94.21326, 25.6725 ], [ 94.22026, 25.65684 ], [ 94.20832, 25.62867 ], [ 94.2144, 25.61004 ], [ 94.19678, 25.58186 ], [ 94.19209, 25.54841 ], [ 94.16377, 25.54228 ], [ 94.15601, 25.55054 ], [ 94.1346, 25.51902 ], [ 94.08805, 25.52815 ], [ 94.09213, 25.53715 ], [ 94.08192, 25.55519 ], [ 94.06541, 25.55448 ], [ 94.02162, 25.589 ], [ 94.00651, 25.59105 ], [ 94.00353, 25.56548 ], [ 93.9667, 25.56845 ], [ 93.9686, 25.58727 ], [ 93.97906, 25.5962 ], [ 93.94422, 25.59679 ], [ 93.92738, 25.62026 ], [ 93.95403, 25.65374 ], [ 93.93948, 25.65663 ], [ 93.94683, 25.66638 ], [ 93.94285, 25.67928 ], [ 93.93128, 25.68319 ], [ 93.92884, 25.69529 ], [ 93.91471, 25.70626 ], [ 93.89508, 25.70939 ], [ 93.87495, 25.72531 ], [ 93.89065, 25.73848 ], [ 93.92982, 25.71634 ], [ 93.96063, 25.71455 ], [ 93.98885, 25.74818 ], [ 93.97754, 25.77222 ], [ 93.98923, 25.79234 ], [ 93.97061, 25.84066 ], [ 93.97514, 25.86852 ], [ 93.99464, 25.88118 ], [ 93.98626, 25.89663 ], [ 93.97579, 25.89345 ], [ 93.96712, 25.90188 ], [ 93.97801, 25.92662 ], [ 93.99111, 25.92213 ], [ 93.99027, 25.92772 ], [ 94.01974, 25.94098 ], [ 94.04455, 25.97382 ], [ 94.06589, 25.98025 ], [ 94.07423, 25.97306 ], [ 94.09545, 25.99149 ], [ 94.13947, 25.99234 ], [ 94.16071, 25.97295 ], [ 94.19266, 25.98943 ], [ 94.21464, 26.02177 ], [ 94.23603, 26.00329 ], [ 94.25573, 26.00435 ] ] ] } },
{ "type": "Feature", "properties": { "District": "LONGLENG", "STATE": "NAGALAND", "country": "INDIA" }, "geometry": { "type": "Polygon", "coordinates": [ [ [ 94.88592, 26.611 ], [ 94.89481, 26.60398 ], [ 94.88441, 26.59001 ], [ 94.89334, 26.58949 ], [ 94.87945, 26.57728 ], [ 94.88724, 26.5661 ], [ 94.88257, 26.5639 ], [ 94.89385, 26.56021 ], [ 94.88962, 26.55126 ], [ 94.88242, 26.55385 ], [ 94.89124, 26.54462 ], [ 94.89131, 26.50938 ], [ 94.89762, 26.50543 ], [ 94.89062, 26.50236 ], [ 94.89658, 26.48195 ], [ 94.88919, 26.47613 ], [ 94.90581, 26.45465 ], [ 94.89261, 26.42394 ], [ 94.90627, 26.41035 ], [ 94.90473, 26.40289 ], [ 94.9145, 26.40023 ], [ 94.9106, 26.37696 ], [ 94.89191, 26.37392 ], [ 94.88249, 26.38127 ], [ 94.84738, 26.37198 ], [ 94.78892, 26.42675 ], [ 94.75543, 26.41507 ], [ 94.7321, 26.43501 ], [ 94.70091, 26.43073 ], [ 94.71157, 26.43729 ], [ 94.71067, 26.44556 ], [ 94.68826, 26.47943 ], [ 94.6943, 26.49735 ], [ 94.68609, 26.52354 ], [ 94.72585, 26.56565 ], [ 94.73312, 26.60096 ], [ 94.72007, 26.61021 ], [ 94.72154, 26.62237 ], [ 94.70665, 26.63821 ], [ 94.66693, 26.64829 ], [ 94.71855, 26.68082 ], [ 94.72375, 26.69848 ], [ 94.74892, 26.69812 ], [ 94.74343, 26.73142 ], [ 94.75666, 26.7296 ], [ 94.73625, 26.74969 ], [ 94.74018, 26.77598 ], [ 94.75833, 26.76601 ], [ 94.77143, 26.78981 ], [ 94.78899, 26.79599 ], [ 94.81328, 26.79232 ], [ 94.81454, 26.77452 ], [ 94.79363, 26.76847 ], [ 94.80495, 26.76781 ], [ 94.79803, 26.76091 ], [ 94.80437, 26.74915 ], [ 94.83418, 26.71835 ], [ 94.81491, 26.69584 ], [ 94.80551, 26.69751 ], [ 94.80489, 26.68924 ], [ 94.77997, 26.69842 ], [ 94.7901, 26.68843 ], [ 94.7795, 26.65873 ], [ 94.78752, 26.65503 ], [ 94.7867, 26.6338 ], [ 94.85524, 26.6102 ], [ 94.88592, 26.611 ] ] ] } },
{ "type": "Feature", "properties": { "District": "MOKOKCHUNG", "STATE": "NAGALAND", "country": "INDIA" }, "geometry": { "type": "Polygon", "coordinates": [ [ [ 94.71067, 26.44556 ], [ 94.70224, 26.40833 ], [ 94.69331, 26.41292 ], [ 94.67813, 26.38145 ], [ 94.65747, 26.37589 ], [ 94.66374, 26.37149 ], [ 94.65323, 26.3616 ], [ 94.65751, 26.34757 ], [ 94.6508, 26.34775 ], [ 94.65064, 26.33858 ], [ 94.6145, 26.32646 ], [ 94.59652, 26.31241 ], [ 94.59277, 26.29587 ], [ 94.58276, 26.30097 ], [ 94.58126, 26.28954 ], [ 94.5727, 26.29226 ], [ 94.55939, 26.28265 ], [ 94.56541, 26.2682 ], [ 94.55981, 26.25593 ], [ 94.58705, 26.22713 ], [ 94.57203, 26.20715 ], [ 94.55353, 26.2019 ], [ 94.53115, 26.217 ], [ 94.49915, 26.21429 ], [ 94.49775, 26.22922 ], [ 94.51599, 26.23945 ], [ 94.49821, 26.25494 ], [ 94.49587, 26.27428 ], [ 94.47887, 26.29356 ], [ 94.45463, 26.24471 ], [ 94.4591, 26.23615 ], [ 94.4441, 26.21824 ], [ 94.44572, 26.20622 ], [ 94.40546, 26.2117 ], [ 94.37124, 26.19305 ], [ 94.38367, 26.22884 ], [ 94.35599, 26.24204 ], [ 94.335, 26.2406 ], [ 94.35935, 26.26892 ], [ 94.35186, 26.31005 ], [ 94.36599, 26.33674 ], [ 94.34277, 26.33626 ], [ 94.35853, 26.35698 ], [ 94.32365, 26.4029 ], [ 94.30126, 26.37727 ], [ 94.30383, 26.39488 ], [ 94.29023, 26.40988 ], [ 94.29874, 26.43768 ], [ 94.32385, 26.46551 ], [ 94.31956, 26.47421 ], [ 94.32552, 26.48195 ], [ 94.33969, 26.48065 ], [ 94.35293, 26.49025 ], [ 94.34665, 26.49207 ], [ 94.35296, 26.49928 ], [ 94.34779, 26.50446 ], [ 94.37217, 26.50604 ], [ 94.37614, 26.52178 ], [ 94.40088, 26.53415 ], [ 94.3966, 26.54271 ], [ 94.40616, 26.54403 ], [ 94.402, 26.55467 ], [ 94.41338, 26.57719 ], [ 94.40188, 26.59356 ], [ 94.40292, 26.61057 ], [ 94.4356, 26.62204 ], [ 94.45128, 26.63629 ], [ 94.46549, 26.63306 ], [ 94.45315, 26.65255 ], [ 94.46028, 26.66163 ], [ 94.49267, 26.66589 ], [ 94.50825, 26.6853 ], [ 94.51758, 26.68193 ], [ 94.5207, 26.69921 ], [ 94.53926, 26.70618 ], [ 94.56235, 26.70507 ], [ 94.55939, 26.68643 ], [ 94.56649, 26.68356 ], [ 94.57732, 26.70066 ], [ 94.59388, 26.6972 ], [ 94.59337, 26.71497 ], [ 94.60334, 26.71235 ], [ 94.59109, 26.7206 ], [ 94.59707, 26.73455 ], [ 94.60964, 26.73694 ], [ 94.60806, 26.72883 ], [ 94.6208, 26.72279 ], [ 94.61913, 26.71199 ], [ 94.65302, 26.71875 ], [ 94.69235, 26.73193 ], [ 94.73693, 26.76386 ], [ 94.73625, 26.74969 ], [ 94.75666, 26.7296 ], [ 94.74343, 26.73142 ], [ 94.74892, 26.69812 ], [ 94.72375, 26.69848 ], [ 94.71855, 26.68082 ], [ 94.66693, 26.64829 ], [ 94.70665, 26.63821 ], [ 94.72154, 26.62237 ], [ 94.72007, 26.61021 ], [ 94.73312, 26.60096 ], [ 94.72585, 26.56565 ], [ 94.68609, 26.52354 ], [ 94.6943, 26.49735 ], [ 94.68826, 26.47943 ], [ 94.71067, 26.44556 ] ] ] } },
{ "type": "Feature", "properties": { "District": "MON", "STATE": "NAGALAND", "country": "INDIA" }, "geometry": { "type": "Polygon", "coordinates": [ [ [ 95.21117, 26.93137 ], [ 95.22855, 26.9205 ], [ 95.23048, 26.88515 ], [ 95.20949, 26.87995 ], [ 95.18114, 26.8592 ], [ 95.19221, 26.84394 ], [ 95.20519, 26.84502 ], [ 95.19562, 26.83424 ], [ 95.21162, 26.79259 ], [ 95.24135, 26.78145 ], [ 95.21651, 26.75396 ], [ 95.21252, 26.72943 ], [ 95.23241, 26.70624 ], [ 95.23321, 26.68109 ], [ 95.2096, 26.64885 ], [ 95.18068, 26.64276 ], [ 95.14893, 26.61587 ], [ 95.14656, 26.59305 ], [ 95.15419, 26.58314 ], [ 95.13892, 26.55656 ], [ 95.1256, 26.55809 ], [ 95.10755, 26.54154 ], [ 95.11454, 26.51851 ], [ 95.06201, 26.45044 ], [ 95.06614, 26.44177 ], [ 95.08429, 26.44715 ], [ 95.09408, 26.43542 ], [ 95.10386, 26.42066 ], [ 95.09977, 26.39373 ], [ 95.12948, 26.38454 ], [ 95.12118, 26.34962 ], [ 95.12839, 26.33932 ], [ 95.04402, 26.32772 ], [ 94.9997, 26.28543 ], [ 94.93763, 26.2987 ], [ 94.913, 26.32004 ], [ 94.89658, 26.34963 ], [ 94.90899, 26.36523 ], [ 94.90773, 26.38072 ], [ 94.9161, 26.38516 ], [ 94.9099, 26.39367 ], [ 94.9145, 26.40023 ], [ 94.90473, 26.40289 ], [ 94.90627, 26.41035 ], [ 94.89261, 26.42394 ], [ 94.90581, 26.45465 ], [ 94.88919, 26.47613 ], [ 94.89658, 26.48195 ], [ 94.89062, 26.50236 ], [ 94.89762, 26.50543 ], [ 94.89131, 26.50938 ], [ 94.89124, 26.54462 ], [ 94.88242, 26.55385 ], [ 94.88962, 26.55126 ], [ 94.89385, 26.56021 ], [ 94.88257, 26.5639 ], [ 94.88724, 26.5661 ], [ 94.87944, 26.57748 ], [ 94.89334, 26.58949 ], [ 94.88376, 26.59485 ], [ 94.89454, 26.60476 ], [ 94.88457, 26.60653 ], [ 94.88339, 26.61588 ], [ 94.85524, 26.6102 ], [ 94.78738, 26.63305 ], [ 94.78752, 26.65503 ], [ 94.77949, 26.65832 ], [ 94.7901, 26.68843 ], [ 94.77997, 26.69842 ], [ 94.80489, 26.68924 ], [ 94.80551, 26.69751 ], [ 94.81491, 26.69584 ], [ 94.83422, 26.71869 ], [ 94.80437, 26.74915 ], [ 94.79803, 26.76091 ], [ 94.80495, 26.76781 ], [ 94.79378, 26.76808 ], [ 94.81619, 26.77881 ], [ 94.80886, 26.78492 ], [ 94.81328, 26.79232 ], [ 94.78899, 26.79599 ], [ 94.80373, 26.80313 ], [ 94.79507, 26.81403 ], [ 94.81446, 26.81954 ], [ 94.81762, 26.84772 ], [ 94.85012, 26.87459 ], [ 94.86601, 26.90873 ], [ 94.88941, 26.92888 ], [ 94.92396, 26.94651 ], [ 94.93085, 26.93256 ], [ 94.96124, 26.93712 ], [ 94.98262, 26.913 ], [ 94.99129, 26.92081 ], [ 95.01676, 26.92106 ], [ 95.03413, 26.9356 ], [ 95.10181, 26.96179 ], [ 95.11196, 26.98066 ], [ 95.15018, 26.99924 ], [ 95.19252, 27.03521 ], [ 95.19204, 26.98453 ], [ 95.20677, 26.97713 ], [ 95.21184, 26.96484 ], [ 95.20355, 26.95706 ], [ 95.21019, 26.95324 ], [ 95.21117, 26.93137 ] ] ] } },
{ "type": "Feature", "properties": { "District": "PAREN", "STATE": "NAGALAND", "country": "INDIA" }, "geometry": { "type": "Polygon", "coordinates": [ [ [ 93.92789, 25.62061 ], [ 93.94422, 25.59679 ], [ 93.97906, 25.5962 ], [ 93.96573, 25.57386 ], [ 93.9764, 25.56656 ], [ 93.96135, 25.55229 ], [ 93.88819, 25.5643 ], [ 93.8585, 25.55346 ], [ 93.8328, 25.55905 ], [ 93.81602, 25.5404 ], [ 93.76699, 25.53639 ], [ 93.7621, 25.496 ], [ 93.78475, 25.50255 ], [ 93.80031, 25.49505 ], [ 93.81011, 25.48073 ], [ 93.80521, 25.46159 ], [ 93.77726, 25.42076 ], [ 93.74288, 25.40181 ], [ 93.73598, 25.38052 ], [ 93.7193, 25.37171 ], [ 93.71424, 25.35774 ], [ 93.68899, 25.35778 ], [ 93.68331, 25.3274 ], [ 93.66829, 25.32492 ], [ 93.66912, 25.30772 ], [ 93.60415, 25.19836 ], [ 93.58918, 25.20025 ], [ 93.58647, 25.21629 ], [ 93.55098, 25.24696 ], [ 93.50147, 25.24065 ], [ 93.50714, 25.27213 ], [ 93.47314, 25.27563 ], [ 93.47056, 25.30505 ], [ 93.45343, 25.32146 ], [ 93.45651, 25.33538 ], [ 93.44843, 25.34064 ], [ 93.47361, 25.37928 ], [ 93.45966, 25.40323 ], [ 93.45819, 25.43098 ], [ 93.43639, 25.44818 ], [ 93.41555, 25.44498 ], [ 93.39034, 25.46038 ], [ 93.38551, 25.49039 ], [ 93.36734, 25.49946 ], [ 93.35012, 25.53225 ], [ 93.33531, 25.53422 ], [ 93.32673, 25.54531 ], [ 93.34328, 25.56004 ], [ 93.35872, 25.55463 ], [ 93.3856, 25.59277 ], [ 93.39878, 25.59603 ], [ 93.40152, 25.61109 ], [ 93.41373, 25.62099 ], [ 93.42161, 25.61824 ], [ 93.42738, 25.63253 ], [ 93.43366, 25.62943 ], [ 93.44437, 25.63961 ], [ 93.4609, 25.63231 ], [ 93.45731, 25.64114 ], [ 93.49655, 25.65453 ], [ 93.51835, 25.67943 ], [ 93.51265, 25.68459 ], [ 93.52249, 25.69757 ], [ 93.52747, 25.69119 ], [ 93.54117, 25.69884 ], [ 93.54801, 25.7114 ], [ 93.54319, 25.71909 ], [ 93.56302, 25.70763 ], [ 93.5744, 25.71471 ], [ 93.57744, 25.69433 ], [ 93.59191, 25.68551 ], [ 93.58116, 25.67101 ], [ 93.59111, 25.66914 ], [ 93.59172, 25.6534 ], [ 93.63594, 25.66064 ], [ 93.6495, 25.67703 ], [ 93.64841, 25.68671 ], [ 93.67948, 25.69477 ], [ 93.69197, 25.71448 ], [ 93.68501, 25.77047 ], [ 93.71673, 25.76416 ], [ 93.71906, 25.75538 ], [ 93.73079, 25.75813 ], [ 93.72692, 25.75163 ], [ 93.7367, 25.73933 ], [ 93.73398, 25.73131 ], [ 93.74656, 25.72518 ], [ 93.74442, 25.71367 ], [ 93.76914, 25.70335 ], [ 93.79216, 25.673 ], [ 93.82097, 25.71739 ], [ 93.84001, 25.69281 ], [ 93.87238, 25.67547 ], [ 93.91572, 25.61427 ], [ 93.92789, 25.62061 ] ] ] } },
{ "type": "Feature", "properties": { "District": "PHEK", "STATE": "NAGALAND", "country": "INDIA" }, "geometry": { "type": "Polygon", "coordinates": [ [ [ 94.37011, 25.85417 ], [ 94.44568, 25.8424 ], [ 94.46303, 25.84629 ], [ 94.46552, 25.83043 ], [ 94.49498, 25.83148 ], [ 94.51571, 25.81486 ], [ 94.51809, 25.82504 ], [ 94.52949, 25.82243 ], [ 94.54229, 25.81133 ], [ 94.53598, 25.78286 ], [ 94.55462, 25.77683 ], [ 94.5518, 25.74618 ], [ 94.55972, 25.73203 ], [ 94.60683, 25.7786 ], [ 94.63666, 25.76933 ], [ 94.65852, 25.77776 ], [ 94.69582, 25.75749 ], [ 94.71291, 25.75947 ], [ 94.71795, 25.7218 ], [ 94.727, 25.72524 ], [ 94.72042, 25.73947 ], [ 94.72509, 25.7481 ], [ 94.75544, 25.78231 ], [ 94.79025, 25.77745 ], [ 94.81925, 25.76371 ], [ 94.8566, 25.71741 ], [ 94.84609, 25.65012 ], [ 94.85159, 25.61023 ], [ 94.86621, 25.60876 ], [ 94.8985, 25.56533 ], [ 94.84592, 25.56194 ], [ 94.82578, 25.54255 ], [ 94.82543, 25.52376 ], [ 94.8124, 25.51125 ], [ 94.80799, 25.49329 ], [ 94.78869, 25.48955 ], [ 94.78345, 25.4804 ], [ 94.76196, 25.48195 ], [ 94.75142, 25.49389 ], [ 94.74395, 25.48112 ], [ 94.71808, 25.46949 ], [ 94.68362, 25.46643 ], [ 94.68028, 25.45401 ], [ 94.66487, 25.44936 ], [ 94.62813, 25.45976 ], [ 94.55274, 25.50709 ], [ 94.56005, 25.56229 ], [ 94.55114, 25.5802 ], [ 94.59064, 25.63819 ], [ 94.57156, 25.63909 ], [ 94.59113, 25.68566 ], [ 94.56857, 25.69209 ], [ 94.54731, 25.65692 ], [ 94.51974, 25.63793 ], [ 94.50091, 25.61152 ], [ 94.46962, 25.61625 ], [ 94.4434, 25.59269 ], [ 94.4256, 25.58741 ], [ 94.41582, 25.53733 ], [ 94.3841, 25.53132 ], [ 94.30914, 25.48935 ], [ 94.29826, 25.48955 ], [ 94.28241, 25.50667 ], [ 94.24775, 25.49411 ], [ 94.21059, 25.49536 ], [ 94.18595, 25.52984 ], [ 94.19678, 25.58186 ], [ 94.2144, 25.61004 ], [ 94.20832, 25.62867 ], [ 94.22026, 25.65684 ], [ 94.21326, 25.6725 ], [ 94.23154, 25.6958 ], [ 94.23009, 25.71397 ], [ 94.25822, 25.7586 ], [ 94.32881, 25.74837 ], [ 94.33207, 25.76064 ], [ 94.31573, 25.77939 ], [ 94.32649, 25.80567 ], [ 94.33666, 25.82633 ], [ 94.35393, 25.81875 ], [ 94.37095, 25.82709 ], [ 94.37011, 25.85417 ] ] ] } },
{ "type": "Feature", "properties": { "District": "TUENSANG", "STATE": "NAGALAND", "country": "INDIA" }, "geometry": { "type": "Polygon", "coordinates": [ [ [ 94.70348, 26.42826 ], [ 94.73477, 26.43402 ], [ 94.75461, 26.41519 ], [ 94.79045, 26.42608 ], [ 94.84738, 26.37198 ], [ 94.88249, 26.38127 ], [ 94.89191, 26.37392 ], [ 94.9106, 26.37696 ], [ 94.89658, 26.34963 ], [ 94.90229, 26.33754 ], [ 94.93763, 26.2987 ], [ 94.95678, 26.29216 ], [ 94.97969, 26.29372 ], [ 94.9997, 26.28543 ], [ 95.04402, 26.32772 ], [ 95.12839, 26.33932 ], [ 95.12249, 26.30744 ], [ 95.12844, 26.29407 ], [ 95.11983, 26.26446 ], [ 95.1273, 26.25398 ], [ 95.1146, 26.23289 ], [ 95.14268, 26.21163 ], [ 95.12221, 26.18633 ], [ 95.12665, 26.17784 ], [ 95.11721, 26.15862 ], [ 95.12628, 26.12852 ], [ 95.11628, 26.10683 ], [ 95.14863, 26.0869 ], [ 95.16533, 26.09211 ], [ 95.18589, 26.0731 ], [ 95.16429, 26.04919 ], [ 95.15907, 26.02493 ], [ 95.0953, 25.95494 ], [ 95.05029, 25.93611 ], [ 95.04394, 25.92686 ], [ 95.03122, 25.93102 ], [ 95.02871, 25.91368 ], [ 95.01177, 25.89778 ], [ 95.01941, 25.88139 ], [ 95.01118, 25.8755 ], [ 94.99979, 25.88538 ], [ 94.9822, 25.87569 ], [ 94.97386, 25.88072 ], [ 94.96986, 25.89744 ], [ 94.95144, 25.90099 ], [ 94.93593, 25.91651 ], [ 94.93848, 25.9371 ], [ 94.92554, 25.94927 ], [ 94.91135, 25.94286 ], [ 94.87051, 25.94567 ], [ 94.84285, 25.93016 ], [ 94.85801, 25.95184 ], [ 94.86591, 25.98358 ], [ 94.78712, 25.99406 ], [ 94.77861, 26.01142 ], [ 94.75859, 26.02358 ], [ 94.723, 26.02151 ], [ 94.68708, 26.03806 ], [ 94.67912, 26.04836 ], [ 94.69283, 26.07283 ], [ 94.68833, 26.13766 ], [ 94.70574, 26.17201 ], [ 94.69662, 26.17153 ], [ 94.68942, 26.19826 ], [ 94.66662, 26.21266 ], [ 94.65645, 26.20331 ], [ 94.63825, 26.21736 ], [ 94.61243, 26.19363 ], [ 94.5997, 26.19751 ], [ 94.5834, 26.21906 ], [ 94.58308, 26.23849 ], [ 94.55981, 26.25593 ], [ 94.56541, 26.2682 ], [ 94.55939, 26.28265 ], [ 94.5727, 26.29226 ], [ 94.58126, 26.28954 ], [ 94.58276, 26.30097 ], [ 94.59277, 26.29587 ], [ 94.59652, 26.31241 ], [ 94.6145, 26.32646 ], [ 94.65064, 26.33858 ], [ 94.6508, 26.34775 ], [ 94.65751, 26.34757 ], [ 94.65323, 26.3616 ], [ 94.66374, 26.37149 ], [ 94.65747, 26.37589 ], [ 94.67813, 26.38145 ], [ 94.68892, 26.39633 ], [ 94.68699, 26.4069 ], [ 94.69356, 26.41306 ], [ 94.70245, 26.40857 ], [ 94.70348, 26.42826 ] ] ] } },
{ "type": "Feature", "properties": { "District": "WOKHA", "STATE": "NAGALAND", "country": "INDIA" }, "geometry": { "type": "Polygon", "coordinates": [ [ [ 94.2847, 26.56111 ], [ 94.28096, 26.53506 ], [ 94.28975, 26.47971 ], [ 94.29992, 26.46365 ], [ 94.31558, 26.45823 ], [ 94.29019, 26.41804 ], [ 94.30402, 26.39427 ], [ 94.30126, 26.37727 ], [ 94.32511, 26.40209 ], [ 94.35853, 26.35698 ], [ 94.34348, 26.33153 ], [ 94.36599, 26.33674 ], [ 94.35186, 26.31005 ], [ 94.35935, 26.26892 ], [ 94.33507, 26.24035 ], [ 94.35599, 26.24204 ], [ 94.38475, 26.22401 ], [ 94.37124, 26.19305 ], [ 94.33523, 26.17843 ], [ 94.33515, 26.17216 ], [ 94.34727, 26.17111 ], [ 94.34752, 26.15549 ], [ 94.3607, 26.14724 ], [ 94.36341, 26.13497 ], [ 94.38492, 26.12558 ], [ 94.38695, 26.11587 ], [ 94.37987, 26.10055 ], [ 94.39057, 26.08405 ], [ 94.35778, 26.02164 ], [ 94.35611, 26.00977 ], [ 94.36277, 26.00866 ], [ 94.3328, 25.99819 ], [ 94.31704, 26.01848 ], [ 94.29971, 26.00651 ], [ 94.27494, 26.00966 ], [ 94.24419, 26.00185 ], [ 94.21464, 26.02177 ], [ 94.19266, 25.98943 ], [ 94.16248, 25.97322 ], [ 94.13947, 25.99234 ], [ 94.09545, 25.99149 ], [ 94.07423, 25.97306 ], [ 94.06589, 25.98025 ], [ 94.04455, 25.97382 ], [ 94.01948, 25.94076 ], [ 93.99027, 25.92772 ], [ 93.99111, 25.92213 ], [ 93.97945, 25.92236 ], [ 93.96871, 25.95726 ], [ 93.95415, 25.96926 ], [ 93.95915, 25.99433 ], [ 93.953, 26.00297 ], [ 93.96247, 26.03654 ], [ 93.98739, 26.06679 ], [ 93.98153, 26.08124 ], [ 93.99793, 26.10956 ], [ 93.98676, 26.1139 ], [ 93.99782, 26.12877 ], [ 93.98724, 26.13108 ], [ 94.00217, 26.13443 ], [ 94.0036, 26.14423 ], [ 93.99452, 26.14831 ], [ 94.00366, 26.16011 ], [ 94.00108, 26.17227 ], [ 94.03203, 26.19754 ], [ 94.04769, 26.24936 ], [ 94.07462, 26.26438 ], [ 94.07473, 26.2836 ], [ 94.0841, 26.28334 ], [ 94.10505, 26.31995 ], [ 94.12168, 26.31776 ], [ 94.11593, 26.32969 ], [ 94.17456, 26.34046 ], [ 94.17759, 26.34642 ], [ 94.16203, 26.34716 ], [ 94.16016, 26.35429 ], [ 94.17758, 26.38201 ], [ 94.17173, 26.42978 ], [ 94.18327, 26.45528 ], [ 94.20266, 26.46906 ], [ 94.20751, 26.48647 ], [ 94.23662, 26.50614 ], [ 94.25634, 26.54122 ], [ 94.2847, 26.56111 ] ] ] } },
{ "type": "Feature", "properties": { "District": "ZUNHEBOTO", "STATE": "NAGALAND", "country": "INDIA" }, "geometry": { "type": "Polygon", "coordinates": [ [ [ 94.47887, 26.29356 ], [ 94.4989, 26.26823 ], [ 94.49821, 26.25494 ], [ 94.51599, 26.23945 ], [ 94.49775, 26.22922 ], [ 94.4996, 26.21399 ], [ 94.53115, 26.217 ], [ 94.55353, 26.2019 ], [ 94.5834, 26.21906 ], [ 94.5997, 26.19751 ], [ 94.61243, 26.19363 ], [ 94.63825, 26.21736 ], [ 94.65645, 26.20331 ], [ 94.66662, 26.21266 ], [ 94.68942, 26.19826 ], [ 94.69662, 26.17153 ], [ 94.70574, 26.17201 ], [ 94.68833, 26.13766 ], [ 94.69283, 26.07283 ], [ 94.67912, 26.04836 ], [ 94.68708, 26.03806 ], [ 94.56982, 25.88967 ], [ 94.59588, 25.87537 ], [ 94.61023, 25.84414 ], [ 94.60285, 25.82624 ], [ 94.61028, 25.81799 ], [ 94.65131, 25.81562 ], [ 94.68497, 25.80041 ], [ 94.71291, 25.75947 ], [ 94.69582, 25.75749 ], [ 94.65852, 25.77776 ], [ 94.63666, 25.76933 ], [ 94.60683, 25.7786 ], [ 94.55972, 25.73203 ], [ 94.5518, 25.74618 ], [ 94.55462, 25.77683 ], [ 94.53598, 25.78286 ], [ 94.54229, 25.81133 ], [ 94.52949, 25.82243 ], [ 94.51809, 25.82504 ], [ 94.51571, 25.81486 ], [ 94.49498, 25.83148 ], [ 94.46552, 25.83043 ], [ 94.46303, 25.84629 ], [ 94.44568, 25.8424 ], [ 94.37307, 25.8569 ], [ 94.37179, 25.828 ], [ 94.35393, 25.81875 ], [ 94.33609, 25.82585 ], [ 94.31612, 25.78118 ], [ 94.33207, 25.76064 ], [ 94.32881, 25.74837 ], [ 94.26793, 25.75307 ], [ 94.25822, 25.7586 ], [ 94.2815, 25.80736 ], [ 94.26664, 25.81333 ], [ 94.25606, 25.80502 ], [ 94.23067, 25.83478 ], [ 94.22936, 25.85231 ], [ 94.24139, 25.87192 ], [ 94.248, 25.92106 ], [ 94.27189, 25.9203 ], [ 94.29877, 25.94025 ], [ 94.28676, 25.97931 ], [ 94.25573, 26.00435 ], [ 94.29971, 26.00651 ], [ 94.31704, 26.01848 ], [ 94.3328, 25.99819 ], [ 94.36277, 26.00866 ], [ 94.35611, 26.00977 ], [ 94.35778, 26.02164 ], [ 94.39057, 26.08405 ], [ 94.37987, 26.10055 ], [ 94.38695, 26.11587 ], [ 94.38492, 26.12558 ], [ 94.36341, 26.13497 ], [ 94.3607, 26.14724 ], [ 94.34752, 26.15549 ], [ 94.34727, 26.17111 ], [ 94.33515, 26.17216 ], [ 94.33523, 26.17843 ], [ 94.40546, 26.2117 ], [ 94.44554, 26.20611 ], [ 94.4441, 26.21824 ], [ 94.4591, 26.23615 ], [ 94.45463, 26.24471 ], [ 94.47887, 26.29356 ] ] ] } },
{ "type": "Feature", "properties": { "District": "DHALAI", "STATE": "TRIPURA", "country": "INDIA" }, "geometry": { "type": "Polygon", "coordinates": [ [ [ 91.78724, 24.22255 ], [ 91.80623, 24.22068 ], [ 91.82073, 24.20921 ], [ 91.83788, 24.21875 ], [ 91.83701, 24.22556 ], [ 91.84569, 24.22501 ], [ 91.85518, 24.21239 ], [ 91.84196, 24.20134 ], [ 91.84544, 24.19138 ], [ 91.87399, 24.17447 ], [ 91.88449, 24.13873 ], [ 91.90343, 24.13747 ], [ 91.91837, 24.11543 ], [ 91.9192, 24.12113 ], [ 91.93478, 24.10396 ], [ 91.97096, 24.08632 ], [ 91.97029, 24.06979 ], [ 92.00027, 24.07955 ], [ 92.00109, 24.09061 ], [ 92.01161, 24.09156 ], [ 92.01187, 24.10806 ], [ 92.04191, 24.10145 ], [ 92.0509, 24.10852 ], [ 92.08047, 24.10495 ], [ 92.07194, 24.09521 ], [ 92.0729, 24.04305 ], [ 92.0792, 24.03696 ], [ 92.07273, 24.02787 ], [ 92.09826, 24.00987 ], [ 92.09192, 23.9787 ], [ 92.10162, 23.96268 ], [ 92.09178, 23.93473 ], [ 92.1133, 23.92469 ], [ 92.1274, 23.93104 ], [ 92.13262, 23.92336 ], [ 92.15838, 23.84565 ], [ 92.15976, 23.7579 ], [ 92.17357, 23.75189 ], [ 92.17089, 23.73916 ], [ 92.14449, 23.7334 ], [ 92.12084, 23.69273 ], [ 92.10617, 23.68866 ], [ 92.09969, 23.67671 ], [ 92.08303, 23.68005 ], [ 92.07631, 23.66804 ], [ 92.07918, 23.64845 ], [ 92.06334, 23.64502 ], [ 92.00867, 23.6635 ], [ 91.97827, 23.73308 ], [ 91.95702, 23.73399 ], [ 91.94825, 23.71397 ], [ 91.95789, 23.69441 ], [ 91.94134, 23.6936 ], [ 91.93402, 23.68456 ], [ 91.94665, 23.64598 ], [ 91.94236, 23.6338 ], [ 91.95429, 23.60956 ], [ 91.9568, 23.55127 ], [ 91.96461, 23.53525 ], [ 91.95628, 23.52571 ], [ 91.97105, 23.50302 ], [ 91.97039, 23.47828 ], [ 91.95833, 23.47941 ], [ 91.95871, 23.47288 ], [ 91.93666, 23.4666 ], [ 91.94261, 23.43498 ], [ 91.89971, 23.4406 ], [ 91.87376, 23.41404 ], [ 91.8429, 23.40004 ], [ 91.84319, 23.42475 ], [ 91.82879, 23.44274 ], [ 91.82715, 23.46291 ], [ 91.79788, 23.48931 ], [ 91.80547, 23.53274 ], [ 91.78787, 23.53302 ], [ 91.77925, 23.56424 ], [ 91.75248, 23.57486 ], [ 91.77133, 23.60559 ], [ 91.766, 23.62868 ], [ 91.77572, 23.63217 ], [ 91.77173, 23.64355 ], [ 91.75259, 23.65144 ], [ 91.75047, 23.67334 ], [ 91.76279, 23.68926 ], [ 91.76335, 23.72422 ], [ 91.77399, 23.72505 ], [ 91.78482, 23.75513 ], [ 91.80313, 23.75346 ], [ 91.80861, 23.82497 ], [ 91.80233, 23.84491 ], [ 91.80638, 23.86853 ], [ 91.78971, 23.89215 ], [ 91.79512, 23.91445 ], [ 91.78968, 23.90948 ], [ 91.78312, 23.92152 ], [ 91.76523, 23.92114 ], [ 91.76664, 23.9485 ], [ 91.757, 23.96137 ], [ 91.75973, 24.06817 ], [ 91.75256, 24.08124 ], [ 91.75981, 24.09201 ], [ 91.75413, 24.11687 ], [ 91.76063, 24.1401 ], [ 91.74503, 24.24697 ], [ 91.78724, 24.22255 ] ] ] } },
{ "type": "Feature", "properties": { "District": "GOMATI", "STATE": "TRIPURA", "country": "INDIA" }, "geometry": { "type": "Polygon", "coordinates": [ [ [ 91.71724, 23.76858 ], [ 91.72272, 23.75073 ], [ 91.74393, 23.72941 ], [ 91.74332, 23.71417 ], [ 91.72993, 23.70131 ], [ 91.75216, 23.67669 ], [ 91.75259, 23.65144 ], [ 91.77173, 23.64355 ], [ 91.77572, 23.63217 ], [ 91.766, 23.62868 ], [ 91.77133, 23.60559 ], [ 91.75248, 23.57486 ], [ 91.77925, 23.56424 ], [ 91.78787, 23.53302 ], [ 91.80547, 23.53274 ], [ 91.79788, 23.48931 ], [ 91.81343, 23.46871 ], [ 91.82485, 23.46717 ], [ 91.82879, 23.44274 ], [ 91.84327, 23.42439 ], [ 91.83757, 23.37062 ], [ 91.8053, 23.33278 ], [ 91.76435, 23.30926 ], [ 91.75983, 23.28349 ], [ 91.76508, 23.27246 ], [ 91.77709, 23.26923 ], [ 91.77619, 23.24317 ], [ 91.78362, 23.24327 ], [ 91.7911, 23.22673 ], [ 91.79467, 23.18658 ], [ 91.80628, 23.1791 ], [ 91.80608, 23.15733 ], [ 91.81424, 23.14524 ], [ 91.8081, 23.1355 ], [ 91.81477, 23.13332 ], [ 91.81089, 23.12165 ], [ 91.81809, 23.11204 ], [ 91.81346, 23.0992 ], [ 91.83581, 23.09332 ], [ 91.82446, 23.08368 ], [ 91.80156, 23.09607 ], [ 91.78461, 23.1288 ], [ 91.78016, 23.11717 ], [ 91.76694, 23.1371 ], [ 91.73133, 23.14134 ], [ 91.72121, 23.16531 ], [ 91.7247, 23.18434 ], [ 91.71619, 23.18963 ], [ 91.72873, 23.19788 ], [ 91.75722, 23.1928 ], [ 91.76007, 23.19881 ], [ 91.75208, 23.21565 ], [ 91.75623, 23.2212 ], [ 91.74287, 23.23912 ], [ 91.73948, 23.2705 ], [ 91.72844, 23.2815 ], [ 91.73359, 23.32189 ], [ 91.7212, 23.32147 ], [ 91.69728, 23.34674 ], [ 91.70402, 23.35979 ], [ 91.68861, 23.37421 ], [ 91.65199, 23.35907 ], [ 91.64098, 23.39336 ], [ 91.63214, 23.39261 ], [ 91.62849, 23.42453 ], [ 91.59237, 23.39826 ], [ 91.57853, 23.40627 ], [ 91.57739, 23.41953 ], [ 91.56359, 23.42548 ], [ 91.50718, 23.40819 ], [ 91.46893, 23.4055 ], [ 91.4703, 23.39031 ], [ 91.46147, 23.3898 ], [ 91.46045, 23.37742 ], [ 91.44247, 23.36537 ], [ 91.4204, 23.37433 ], [ 91.41874, 23.38983 ], [ 91.38516, 23.40337 ], [ 91.38897, 23.43344 ], [ 91.37687, 23.4444 ], [ 91.38114, 23.46777 ], [ 91.39238, 23.47872 ], [ 91.38257, 23.48635 ], [ 91.38631, 23.50046 ], [ 91.37526, 23.51775 ], [ 91.40224, 23.52928 ], [ 91.39548, 23.53668 ], [ 91.39766, 23.58477 ], [ 91.43286, 23.60894 ], [ 91.43732, 23.62483 ], [ 91.4595, 23.64408 ], [ 91.46273, 23.66259 ], [ 91.48781, 23.67711 ], [ 91.48635, 23.67029 ], [ 91.50309, 23.66242 ], [ 91.50851, 23.64616 ], [ 91.52557, 23.65828 ], [ 91.52744, 23.67969 ], [ 91.54383, 23.68829 ], [ 91.52907, 23.70646 ], [ 91.53855, 23.71129 ], [ 91.5371, 23.72653 ], [ 91.55864, 23.72781 ], [ 91.56835, 23.73605 ], [ 91.57648, 23.75229 ], [ 91.57282, 23.76288 ], [ 91.58875, 23.75725 ], [ 91.61738, 23.76814 ], [ 91.64689, 23.76867 ], [ 91.69281, 23.75775 ], [ 91.71724, 23.76858 ] ] ] } },
{ "type": "Feature", "properties": { "District": "KHOWAI", "STATE": "TRIPURA", "country": "INDIA" }, "geometry": { "type": "Polygon", "coordinates": [ [ [ 91.66591, 24.23303 ], [ 91.66698, 24.21052 ], [ 91.68828, 24.16209 ], [ 91.70335, 24.16354 ], [ 91.7061, 24.15428 ], [ 91.72176, 24.15248 ], [ 91.72842, 24.14324 ], [ 91.76053, 24.14068 ], [ 91.75413, 24.11687 ], [ 91.75981, 24.09201 ], [ 91.75256, 24.08124 ], [ 91.75973, 24.06817 ], [ 91.757, 23.96137 ], [ 91.76664, 23.9485 ], [ 91.76523, 23.92114 ], [ 91.78312, 23.92152 ], [ 91.78968, 23.90948 ], [ 91.79512, 23.91445 ], [ 91.78971, 23.89215 ], [ 91.80647, 23.86821 ], [ 91.80313, 23.75346 ], [ 91.78482, 23.75513 ], [ 91.77399, 23.72505 ], [ 91.76335, 23.72422 ], [ 91.76264, 23.68871 ], [ 91.74926, 23.6751 ], [ 91.72993, 23.70131 ], [ 91.74332, 23.71417 ], [ 91.74393, 23.72941 ], [ 91.72272, 23.75073 ], [ 91.7172, 23.76895 ], [ 91.69281, 23.75775 ], [ 91.64689, 23.76867 ], [ 91.61738, 23.76814 ], [ 91.58875, 23.75725 ], [ 91.57251, 23.76274 ], [ 91.55946, 23.82517 ], [ 91.56446, 23.86983 ], [ 91.55442, 23.88023 ], [ 91.55822, 23.90002 ], [ 91.55385, 23.91231 ], [ 91.54483, 23.90558 ], [ 91.52762, 23.90973 ], [ 91.53591, 23.9299 ], [ 91.52565, 23.93496 ], [ 91.50618, 23.9779 ], [ 91.50858, 23.98695 ], [ 91.49431, 23.99895 ], [ 91.48911, 24.05396 ], [ 91.47308, 24.07611 ], [ 91.48066, 24.07971 ], [ 91.47973, 24.09353 ], [ 91.49177, 24.0971 ], [ 91.49766, 24.08728 ], [ 91.5453, 24.0742 ], [ 91.57445, 24.07998 ], [ 91.58607, 24.0726 ], [ 91.5985, 24.08448 ], [ 91.59454, 24.09653 ], [ 91.61141, 24.09169 ], [ 91.63709, 24.10214 ], [ 91.63445, 24.13805 ], [ 91.64661, 24.15663 ], [ 91.64676, 24.17862 ], [ 91.65629, 24.17615 ], [ 91.66013, 24.18954 ], [ 91.64775, 24.21849 ], [ 91.66591, 24.23303 ] ] ] } },
{ "type": "Feature", "properties": { "District": "NORTH TRIPURA", "STATE": "TRIPURA", "country": "INDIA" }, "geometry": { "type": "Polygon", "coordinates": [ [ [ 92.17093, 24.53064 ], [ 92.20176, 24.50735 ], [ 92.23044, 24.50171 ], [ 92.23665, 24.48459 ], [ 92.23018, 24.46151 ], [ 92.23889, 24.4475 ], [ 92.2594, 24.43921 ], [ 92.25448, 24.42053 ], [ 92.27409, 24.38832 ], [ 92.21287, 24.24993 ], [ 92.28959, 24.25235 ], [ 92.33206, 24.17956 ], [ 92.32387, 24.17123 ], [ 92.33173, 24.15179 ], [ 92.3307, 24.13969 ], [ 92.3292, 24.13897 ], [ 92.32616, 24.13965 ], [ 92.32513, 24.13973 ], [ 92.32456, 24.13943 ], [ 92.32767, 24.10149 ], [ 92.31215, 24.05212 ], [ 92.31211, 24.03241 ], [ 92.31982, 24.02444 ], [ 92.31395, 24.02122 ], [ 92.3262, 23.99778 ], [ 92.30797, 23.96056 ], [ 92.30899, 23.93122 ], [ 92.32519, 23.91409 ], [ 92.31118, 23.88011 ], [ 92.31673, 23.86435 ], [ 92.30854, 23.85679 ], [ 92.2876, 23.86848 ], [ 92.26918, 23.84691 ], [ 92.28251, 23.81539 ], [ 92.2571, 23.81277 ], [ 92.26731, 23.7686 ], [ 92.26548, 23.72477 ], [ 92.23917, 23.71843 ], [ 92.24203, 23.69475 ], [ 92.21937, 23.6519 ], [ 92.2066, 23.661 ], [ 92.21366, 23.68495 ], [ 92.20703, 23.70062 ], [ 92.18609, 23.71098 ], [ 92.17771, 23.70756 ], [ 92.1696, 23.72319 ], [ 92.17357, 23.75189 ], [ 92.15903, 23.76163 ], [ 92.15838, 23.84565 ], [ 92.13262, 23.92336 ], [ 92.1274, 23.93104 ], [ 92.1133, 23.92469 ], [ 92.09167, 23.93572 ], [ 92.10162, 23.96268 ], [ 92.09192, 23.9787 ], [ 92.09819, 24.01004 ], [ 92.12439, 24.02699 ], [ 92.11239, 24.03476 ], [ 92.11282, 24.07204 ], [ 92.13375, 24.06892 ], [ 92.14375, 24.08626 ], [ 92.15042, 24.08279 ], [ 92.16359, 24.09593 ], [ 92.16674, 24.10959 ], [ 92.14558, 24.1198 ], [ 92.19594, 24.14961 ], [ 92.20336, 24.16992 ], [ 92.20178, 24.19128 ], [ 92.18935, 24.1887 ], [ 92.17175, 24.20101 ], [ 92.16745, 24.22687 ], [ 92.15249, 24.226 ], [ 92.15164, 24.23758 ], [ 92.13072, 24.24539 ], [ 92.12283, 24.27141 ], [ 92.08093, 24.27586 ], [ 92.08375, 24.30379 ], [ 92.07261, 24.31413 ], [ 92.07599, 24.37511 ], [ 92.09042, 24.37162 ], [ 92.10231, 24.38295 ], [ 92.1219, 24.38224 ], [ 92.11891, 24.39 ], [ 92.13516, 24.40716 ], [ 92.1368, 24.42496 ], [ 92.16651, 24.42168 ], [ 92.1505, 24.49522 ], [ 92.15911, 24.50717 ], [ 92.15496, 24.52297 ], [ 92.17093, 24.53064 ] ] ] } },
{ "type": "Feature", "properties": { "District": "SEPAHIJALA", "STATE": "TRIPURA", "country": "INDIA" }, "geometry": { "type": "Polygon", "coordinates": [ [ [ 91.56828, 23.78232 ], [ 91.57501, 23.74479 ], [ 91.55864, 23.72781 ], [ 91.53718, 23.72667 ], [ 91.53855, 23.71129 ], [ 91.52907, 23.70646 ], [ 91.54383, 23.68829 ], [ 91.52744, 23.67969 ], [ 91.52557, 23.65828 ], [ 91.50851, 23.64616 ], [ 91.49486, 23.67107 ], [ 91.48712, 23.66943 ], [ 91.48781, 23.67711 ], [ 91.47974, 23.67292 ], [ 91.46273, 23.66259 ], [ 91.4595, 23.64408 ], [ 91.43732, 23.62483 ], [ 91.43286, 23.60894 ], [ 91.39766, 23.58477 ], [ 91.39548, 23.53668 ], [ 91.40224, 23.52928 ], [ 91.37526, 23.51775 ], [ 91.38631, 23.50046 ], [ 91.38257, 23.48635 ], [ 91.39238, 23.47872 ], [ 91.38114, 23.46777 ], [ 91.37687, 23.4444 ], [ 91.38897, 23.43344 ], [ 91.38516, 23.40337 ], [ 91.41874, 23.38983 ], [ 91.4202, 23.37378 ], [ 91.3877, 23.35563 ], [ 91.38757, 23.32529 ], [ 91.37845, 23.32426 ], [ 91.37079, 23.30276 ], [ 91.34725, 23.28249 ], [ 91.32705, 23.2765 ], [ 91.30234, 23.28634 ], [ 91.30714, 23.29972 ], [ 91.31496, 23.29661 ], [ 91.31315, 23.30634 ], [ 91.28985, 23.31852 ], [ 91.29617, 23.34089 ], [ 91.31079, 23.34238 ], [ 91.32009, 23.36009 ], [ 91.29107, 23.35066 ], [ 91.2949, 23.36119 ], [ 91.28424, 23.37108 ], [ 91.29433, 23.37468 ], [ 91.27975, 23.3766 ], [ 91.27644, 23.4147 ], [ 91.26343, 23.42372 ], [ 91.27065, 23.4298 ], [ 91.25155, 23.45364 ], [ 91.24934, 23.49017 ], [ 91.23638, 23.48899 ], [ 91.23557, 23.50179 ], [ 91.21798, 23.4995 ], [ 91.2236, 23.51402 ], [ 91.20784, 23.51205 ], [ 91.20076, 23.52002 ], [ 91.21295, 23.55041 ], [ 91.19445, 23.54718 ], [ 91.19515, 23.56248 ], [ 91.17527, 23.58551 ], [ 91.17713, 23.5932 ], [ 91.1625, 23.59504 ], [ 91.1563, 23.67072 ], [ 91.19942, 23.64658 ], [ 91.20853, 23.6864 ], [ 91.19552, 23.69214 ], [ 91.15424, 23.68839 ], [ 91.1492, 23.71153 ], [ 91.15708, 23.74202 ], [ 91.16764, 23.74964 ], [ 91.19663, 23.75109 ], [ 91.23359, 23.73215 ], [ 91.2438, 23.73901 ], [ 91.24999, 23.73004 ], [ 91.26553, 23.73411 ], [ 91.28388, 23.72685 ], [ 91.29316, 23.7389 ], [ 91.31497, 23.72586 ], [ 91.31973, 23.75789 ], [ 91.36666, 23.7405 ], [ 91.38659, 23.74519 ], [ 91.38433, 23.77159 ], [ 91.40093, 23.76386 ], [ 91.43247, 23.76452 ], [ 91.44298, 23.745 ], [ 91.4933, 23.7411 ], [ 91.54139, 23.76862 ], [ 91.55206, 23.78557 ], [ 91.56828, 23.78232 ] ] ] } },
{ "type": "Feature", "properties": { "District": "SOUTH TRIPURA", "STATE": "TRIPURA", "country": "INDIA" }, "geometry": { "type": "Polygon", "coordinates": [ [ [ 91.62547, 23.42532 ], [ 91.63239, 23.41649 ], [ 91.63214, 23.39261 ], [ 91.64098, 23.39336 ], [ 91.65199, 23.35907 ], [ 91.68861, 23.37421 ], [ 91.70402, 23.35979 ], [ 91.69728, 23.34674 ], [ 91.7212, 23.32147 ], [ 91.73359, 23.32189 ], [ 91.72844, 23.2815 ], [ 91.73948, 23.2705 ], [ 91.74287, 23.23912 ], [ 91.75623, 23.2212 ], [ 91.75208, 23.21565 ], [ 91.76007, 23.19881 ], [ 91.75722, 23.1928 ], [ 91.72873, 23.19788 ], [ 91.71619, 23.18963 ], [ 91.7247, 23.18434 ], [ 91.72121, 23.16531 ], [ 91.73133, 23.14134 ], [ 91.76694, 23.1371 ], [ 91.78016, 23.11717 ], [ 91.78461, 23.1288 ], [ 91.80156, 23.09607 ], [ 91.82446, 23.08368 ], [ 91.81475, 23.08058 ], [ 91.81839, 23.07274 ], [ 91.80603, 23.06303 ], [ 91.79409, 23.06228 ], [ 91.78954, 23.07167 ], [ 91.77452, 23.06962 ], [ 91.78061, 23.02909 ], [ 91.77431, 23.02708 ], [ 91.77441, 23.03848 ], [ 91.76854, 23.04093 ], [ 91.77192, 23.03303 ], [ 91.72062, 22.98742 ], [ 91.70884, 22.98186 ], [ 91.69369, 22.98829 ], [ 91.68177, 22.97725 ], [ 91.65154, 22.97672 ], [ 91.64546, 22.98502 ], [ 91.63562, 22.96108 ], [ 91.62456, 22.96157 ], [ 91.61914, 22.93835 ], [ 91.61584, 22.95147 ], [ 91.60017, 22.9547 ], [ 91.60554, 22.96236 ], [ 91.6138, 22.95837 ], [ 91.6061, 22.97191 ], [ 91.59063, 22.97689 ], [ 91.57676, 22.96522 ], [ 91.55722, 22.97846 ], [ 91.55704, 22.9966 ], [ 91.54249, 22.99946 ], [ 91.54822, 23.01924 ], [ 91.53842, 23.01919 ], [ 91.55036, 23.03841 ], [ 91.53049, 23.03831 ], [ 91.53628, 23.05451 ], [ 91.52496, 23.05535 ], [ 91.53534, 23.06331 ], [ 91.52513, 23.08281 ], [ 91.52983, 23.09166 ], [ 91.51895, 23.09415 ], [ 91.52236, 23.104 ], [ 91.51132, 23.10419 ], [ 91.5123, 23.11322 ], [ 91.52042, 23.11443 ], [ 91.51764, 23.12542 ], [ 91.50315, 23.13049 ], [ 91.51532, 23.14499 ], [ 91.49873, 23.14247 ], [ 91.49474, 23.14708 ], [ 91.50722, 23.15424 ], [ 91.49088, 23.1576 ], [ 91.49826, 23.17165 ], [ 91.49174, 23.17756 ], [ 91.50754, 23.18368 ], [ 91.5011, 23.18527 ], [ 91.50323, 23.19208 ], [ 91.48493, 23.18821 ], [ 91.47076, 23.19642 ], [ 91.48257, 23.19907 ], [ 91.47541, 23.22036 ], [ 91.45862, 23.21329 ], [ 91.45061, 23.21941 ], [ 91.47027, 23.22763 ], [ 91.45791, 23.24599 ], [ 91.44524, 23.24707 ], [ 91.45421, 23.26037 ], [ 91.42116, 23.26177 ], [ 91.41831, 23.25539 ], [ 91.41964, 23.27326 ], [ 91.40894, 23.28519 ], [ 91.41132, 23.25566 ], [ 91.40039, 23.26571 ], [ 91.3973, 23.25625 ], [ 91.40874, 23.24762 ], [ 91.39255, 23.24589 ], [ 91.40091, 23.22911 ], [ 91.38647, 23.22756 ], [ 91.39213, 23.22003 ], [ 91.38077, 23.20843 ], [ 91.38776, 23.20789 ], [ 91.3799, 23.18445 ], [ 91.40342, 23.11372 ], [ 91.40026, 23.09642 ], [ 91.40607, 23.09692 ], [ 91.40812, 23.08346 ], [ 91.41758, 23.08242 ], [ 91.41087, 23.06624 ], [ 91.41724, 23.06497 ], [ 91.416, 23.06265 ], [ 91.39586, 23.05604 ], [ 91.36979, 23.07037 ], [ 91.34696, 23.1023 ], [ 91.34763, 23.11879 ], [ 91.34187, 23.1178 ], [ 91.33312, 23.15285 ], [ 91.32333, 23.15801 ], [ 91.3187, 23.24549 ], [ 91.32661, 23.25229 ], [ 91.31802, 23.25289 ], [ 91.30979, 23.27637 ], [ 91.34093, 23.27908 ], [ 91.3551, 23.28853 ], [ 91.37079, 23.30276 ], [ 91.37845, 23.32426 ], [ 91.38769, 23.32552 ], [ 91.3877, 23.35563 ], [ 91.4204, 23.37433 ], [ 91.43656, 23.36616 ], [ 91.44973, 23.36877 ], [ 91.46045, 23.37742 ], [ 91.46147, 23.3898 ], [ 91.4703, 23.39031 ], [ 91.46817, 23.40517 ], [ 91.50718, 23.40819 ], [ 91.56359, 23.42548 ], [ 91.57739, 23.41953 ], [ 91.57853, 23.40627 ], [ 91.59237, 23.39826 ], [ 91.62547, 23.42532 ] ], [ [ 91.53173, 23.05586 ], [ 91.53172, 23.05584 ], [ 91.53287, 23.05646 ], [ 91.53173, 23.05586 ] ] ] } },
{ "type": "Feature", "properties": { "District": "UNOKOTI", "STATE": "TRIPURA", "country": "INDIA" }, "geometry": { "type": "Polygon", "coordinates": [ [ [ 91.99751, 24.39232 ], [ 92.00731, 24.38143 ], [ 92.02007, 24.38654 ], [ 92.04403, 24.37487 ], [ 92.07599, 24.37511 ], [ 92.07261, 24.31413 ], [ 92.08375, 24.30379 ], [ 92.08093, 24.27586 ], [ 92.12283, 24.27141 ], [ 92.13072, 24.24539 ], [ 92.15164, 24.23758 ], [ 92.15249, 24.226 ], [ 92.16745, 24.22687 ], [ 92.17175, 24.20101 ], [ 92.18935, 24.1887 ], [ 92.20231, 24.19021 ], [ 92.19646, 24.15018 ], [ 92.14558, 24.1198 ], [ 92.16674, 24.10959 ], [ 92.16359, 24.09593 ], [ 92.15042, 24.08279 ], [ 92.14375, 24.08626 ], [ 92.13375, 24.06892 ], [ 92.11282, 24.07204 ], [ 92.11239, 24.03476 ], [ 92.12439, 24.02699 ], [ 92.10597, 24.01065 ], [ 92.07279, 24.02753 ], [ 92.0792, 24.03696 ], [ 92.0729, 24.04305 ], [ 92.07194, 24.09521 ], [ 92.08047, 24.10495 ], [ 92.0509, 24.10852 ], [ 92.04191, 24.10145 ], [ 92.01187, 24.10806 ], [ 92.01161, 24.09156 ], [ 92.00109, 24.09061 ], [ 92.00027, 24.07955 ], [ 91.97029, 24.06979 ], [ 91.97096, 24.08632 ], [ 91.93478, 24.10396 ], [ 91.9192, 24.12113 ], [ 91.91837, 24.11543 ], [ 91.9027, 24.1378 ], [ 91.91454, 24.15361 ], [ 91.91139, 24.16813 ], [ 91.94082, 24.26809 ], [ 91.91999, 24.33746 ], [ 91.94133, 24.34255 ], [ 91.9568, 24.35663 ], [ 91.969, 24.35015 ], [ 91.97714, 24.32742 ], [ 91.99595, 24.32205 ], [ 91.9972, 24.33681 ], [ 91.96692, 24.37977 ], [ 91.97199, 24.38475 ], [ 91.98579, 24.37689 ], [ 91.99751, 24.39232 ] ] ] } },
{ "type": "Feature", "properties": { "District": "WEST TRIPURA", "STATE": "TRIPURA", "country": "INDIA" }, "geometry": { "type": "Polygon", "coordinates": [ [ [ 91.37461, 24.10777 ], [ 91.42809, 24.10845 ], [ 91.43077, 24.09993 ], [ 91.44218, 24.09734 ], [ 91.47316, 24.10175 ], [ 91.48489, 24.09643 ], [ 91.47308, 24.07611 ], [ 91.48911, 24.05396 ], [ 91.49431, 23.99895 ], [ 91.50858, 23.98695 ], [ 91.50618, 23.9779 ], [ 91.52565, 23.93496 ], [ 91.53591, 23.9299 ], [ 91.5272, 23.91081 ], [ 91.54483, 23.90558 ], [ 91.55385, 23.91231 ], [ 91.55822, 23.90002 ], [ 91.55407, 23.88303 ], [ 91.56446, 23.86983 ], [ 91.55946, 23.82517 ], [ 91.56751, 23.7857 ], [ 91.55206, 23.78557 ], [ 91.54139, 23.76862 ], [ 91.4933, 23.7411 ], [ 91.44298, 23.745 ], [ 91.43247, 23.76452 ], [ 91.40093, 23.76386 ], [ 91.38433, 23.77159 ], [ 91.38659, 23.74519 ], [ 91.36666, 23.7405 ], [ 91.31973, 23.75789 ], [ 91.31524, 23.72589 ], [ 91.29316, 23.7389 ], [ 91.28388, 23.72685 ], [ 91.26553, 23.73411 ], [ 91.24999, 23.73004 ], [ 91.2438, 23.73901 ], [ 91.23359, 23.73215 ], [ 91.2215, 23.74309 ], [ 91.23068, 23.76492 ], [ 91.22642, 23.79093 ], [ 91.25411, 23.83799 ], [ 91.22962, 23.88059 ], [ 91.22847, 23.89863 ], [ 91.24618, 23.91308 ], [ 91.23302, 23.92696 ], [ 91.27621, 23.92252 ], [ 91.26423, 23.94422 ], [ 91.28469, 23.9821 ], [ 91.28768, 23.96801 ], [ 91.29979, 23.97212 ], [ 91.30364, 23.99791 ], [ 91.31493, 23.99041 ], [ 91.33006, 23.99247 ], [ 91.34122, 23.98199 ], [ 91.36166, 23.98626 ], [ 91.37953, 23.97533 ], [ 91.37334, 24.00265 ], [ 91.39086, 24.02578 ], [ 91.3966, 24.04962 ], [ 91.37713, 24.07984 ], [ 91.37461, 24.10777 ] ] ] } },
{ "type": "Feature", "properties": { "District": "BUMTHANG", "STATE": "BHUTAN", "country": "BHUTAN" }, "geometry": { "type": "Polygon", "coordinates": [ [ [ 90.69972, 28.07863 ], [ 90.7453, 28.05304 ], [ 90.8042, 28.04178 ], [ 90.7995, 28.02283 ], [ 90.80766, 28.01335 ], [ 90.80824, 27.9855 ], [ 90.78066, 27.96183 ], [ 90.78261, 27.95203 ], [ 90.77171, 27.93801 ], [ 90.79099, 27.91994 ], [ 90.82811, 27.91241 ], [ 90.84531, 27.86878 ], [ 90.83987, 27.84846 ], [ 90.86735, 27.8348 ], [ 90.87901, 27.81546 ], [ 90.91821, 27.79946 ], [ 90.92779, 27.78232 ], [ 90.93437, 27.74313 ], [ 90.92155, 27.7294 ], [ 90.95221, 27.72581 ], [ 90.9817, 27.70289 ], [ 90.99271, 27.68934 ], [ 90.99, 27.65572 ], [ 91.0121, 27.65162 ], [ 90.9892, 27.62487 ], [ 90.96962, 27.5773 ], [ 90.98649, 27.55314 ], [ 90.9779, 27.51098 ], [ 91.01188, 27.48209 ], [ 90.97732, 27.43185 ], [ 90.99393, 27.41463 ], [ 90.99695, 27.39753 ], [ 90.97311, 27.39558 ], [ 90.95573, 27.38222 ], [ 90.95018, 27.3653 ], [ 90.9346, 27.35762 ], [ 90.91208, 27.36082 ], [ 90.90815, 27.35231 ], [ 90.88404, 27.35127 ], [ 90.86131, 27.33677 ], [ 90.85123, 27.34399 ], [ 90.83304, 27.3388 ], [ 90.78864, 27.38735 ], [ 90.75259, 27.38586 ], [ 90.73614, 27.37266 ], [ 90.68678, 27.42351 ], [ 90.64468, 27.43599 ], [ 90.63628, 27.44963 ], [ 90.59575, 27.45789 ], [ 90.58624, 27.48126 ], [ 90.59575, 27.48606 ], [ 90.58777, 27.52735 ], [ 90.57098, 27.56225 ], [ 90.5684, 27.58959 ], [ 90.55843, 27.59107 ], [ 90.55748, 27.63645 ], [ 90.54288, 27.64027 ], [ 90.5477, 27.68183 ], [ 90.56458, 27.69269 ], [ 90.55907, 27.69937 ], [ 90.56715, 27.70577 ], [ 90.55916, 27.73114 ], [ 90.56409, 27.73833 ], [ 90.54549, 27.76764 ], [ 90.54776, 27.77596 ], [ 90.51786, 27.7757 ], [ 90.49745, 27.79581 ], [ 90.50354, 27.80626 ], [ 90.49335, 27.81555 ], [ 90.49244, 27.83205 ], [ 90.52423, 27.84483 ], [ 90.53425, 27.86557 ], [ 90.5331, 27.90964 ], [ 90.51447, 27.92107 ], [ 90.51994, 27.9387 ], [ 90.49539, 27.94372 ], [ 90.48204, 27.97333 ], [ 90.4997, 28.0063 ], [ 90.49657, 28.02398 ], [ 90.47642, 28.0509 ], [ 90.50657, 28.06844 ], [ 90.55856, 28.04911 ], [ 90.59156, 28.02525 ], [ 90.61536, 28.04805 ], [ 90.63757, 28.04795 ], [ 90.69972, 28.07863 ] ] ] } },
{ "type": "Feature", "properties": { "District": "CHHUKHA", "STATE": "BHUTAN", "country": "BHUTAN" }, "geometry": { "type": "Polygon", "coordinates": [ [ [ 89.5763, 27.26308 ], [ 89.61485, 27.2614 ], [ 89.62951, 27.2507 ], [ 89.59553, 27.23224 ], [ 89.58353, 27.19608 ], [ 89.57177, 27.18479 ], [ 89.58374, 27.18411 ], [ 89.61067, 27.1468 ], [ 89.63561, 27.14799 ], [ 89.64693, 27.13537 ], [ 89.66513, 27.07853 ], [ 89.69262, 27.07505 ], [ 89.69577, 27.0597 ], [ 89.68775, 27.03889 ], [ 89.75249, 27.04024 ], [ 89.77444, 27.00972 ], [ 89.78868, 26.9461 ], [ 89.80956, 26.93858 ], [ 89.79994, 26.92595 ], [ 89.80517, 26.90892 ], [ 89.82579, 26.88887 ], [ 89.82012, 26.88296 ], [ 89.78636, 26.8836 ], [ 89.78973, 26.86542 ], [ 89.77961, 26.84727 ], [ 89.78335, 26.83346 ], [ 89.77282, 26.82412 ], [ 89.77528, 26.80646 ], [ 89.76565, 26.81145 ], [ 89.76358, 26.79606 ], [ 89.75452, 26.79939 ], [ 89.73483, 26.76616 ], [ 89.7356, 26.7447 ], [ 89.74795, 26.73343 ], [ 89.725, 26.72354 ], [ 89.70023, 26.73727 ], [ 89.67072, 26.73965 ], [ 89.66027, 26.71949 ], [ 89.63532, 26.72496 ], [ 89.62376, 26.71868 ], [ 89.61761, 26.72886 ], [ 89.62404, 26.74062 ], [ 89.64378, 26.75009 ], [ 89.65091, 26.77643 ], [ 89.63193, 26.78339 ], [ 89.6209, 26.77816 ], [ 89.6155, 26.78629 ], [ 89.56517, 26.80022 ], [ 89.55744, 26.81423 ], [ 89.46105, 26.80598 ], [ 89.43871, 26.84076 ], [ 89.38955, 26.84199 ], [ 89.38359, 26.85913 ], [ 89.36741, 26.85821 ], [ 89.37377, 26.87066 ], [ 89.36763, 26.88527 ], [ 89.33338, 26.87488 ], [ 89.32946, 26.91287 ], [ 89.30013, 26.91824 ], [ 89.29147, 26.92877 ], [ 89.28151, 26.92326 ], [ 89.26678, 26.93541 ], [ 89.27299, 26.94652 ], [ 89.26577, 26.96491 ], [ 89.294, 26.977 ], [ 89.32587, 27.02489 ], [ 89.31179, 27.10765 ], [ 89.34286, 27.12317 ], [ 89.33992, 27.1434 ], [ 89.36787, 27.17475 ], [ 89.34237, 27.21187 ], [ 89.40452, 27.21576 ], [ 89.41843, 27.22858 ], [ 89.46244, 27.197 ], [ 89.5135, 27.18896 ], [ 89.52165, 27.20068 ], [ 89.5152, 27.22328 ], [ 89.53095, 27.26876 ], [ 89.54367, 27.28199 ], [ 89.54717, 27.31458 ], [ 89.57299, 27.293 ], [ 89.5763, 27.26308 ] ] ] } },
{ "type": "Feature", "properties": { "District": "DAGANA", "STATE": "BHUTAN", "country": "BHUTAN" }, "geometry": { "type": "Polygon", "coordinates": [ [ [ 89.77453, 27.27906 ], [ 89.80115, 27.26752 ], [ 89.83526, 27.27631 ], [ 89.87574, 27.23585 ], [ 89.89987, 27.22899 ], [ 89.92945, 27.1637 ], [ 89.94861, 27.14819 ], [ 89.99565, 27.1476 ], [ 90.01995, 27.13048 ], [ 90.0482, 27.13126 ], [ 90.06981, 27.11367 ], [ 90.07464, 27.07913 ], [ 90.0666, 27.06125 ], [ 90.07494, 27.05599 ], [ 90.07544, 27.0418 ], [ 90.07057, 26.97399 ], [ 90.03642, 26.91257 ], [ 90.02378, 26.91477 ], [ 90.01021, 26.90305 ], [ 90.01538, 26.88888 ], [ 90.00575, 26.88083 ], [ 90.00638, 26.86752 ], [ 90.02094, 26.86638 ], [ 90.01049, 26.8539 ], [ 90.03158, 26.82245 ], [ 90.04874, 26.82636 ], [ 90.04087, 26.82129 ], [ 90.04672, 26.76287 ], [ 90.0537, 26.75434 ], [ 90.01934, 26.77109 ], [ 90.02115, 26.75141 ], [ 90.00971, 26.73235 ], [ 89.96702, 26.72383 ], [ 89.89746, 26.72445 ], [ 89.86292, 26.73738 ], [ 89.86315, 26.70066 ], [ 89.81215, 26.71098 ], [ 89.77224, 26.70223 ], [ 89.75419, 26.71979 ], [ 89.75627, 26.7328 ], [ 89.74721, 26.73188 ], [ 89.7356, 26.7447 ], [ 89.73483, 26.76616 ], [ 89.74908, 26.79353 ], [ 89.75487, 26.79961 ], [ 89.76325, 26.79561 ], [ 89.76599, 26.81171 ], [ 89.77528, 26.80646 ], [ 89.77282, 26.82412 ], [ 89.78335, 26.83346 ], [ 89.77961, 26.84727 ], [ 89.78973, 26.86542 ], [ 89.78636, 26.8836 ], [ 89.826, 26.88807 ], [ 89.80517, 26.90892 ], [ 89.79994, 26.92595 ], [ 89.80956, 26.93858 ], [ 89.78868, 26.9461 ], [ 89.77444, 27.00972 ], [ 89.75249, 27.04024 ], [ 89.68775, 27.03889 ], [ 89.69577, 27.0597 ], [ 89.69262, 27.07505 ], [ 89.66513, 27.07853 ], [ 89.64822, 27.13371 ], [ 89.63396, 27.15307 ], [ 89.64421, 27.16576 ], [ 89.6398, 27.17414 ], [ 89.64888, 27.21339 ], [ 89.69226, 27.23335 ], [ 89.71209, 27.27086 ], [ 89.73179, 27.26741 ], [ 89.74634, 27.27658 ], [ 89.77453, 27.27906 ] ] ] } },
{ "type": "Feature", "properties": { "District": "GASA", "STATE": "BHUTAN", "country": "BHUTAN" }, "geometry": { "type": "Polygon", "coordinates": [ [ [ 89.80621, 28.23771 ], [ 89.82223, 28.2405 ], [ 89.83892, 28.22572 ], [ 89.86222, 28.22912 ], [ 89.89886, 28.18412 ], [ 89.94417, 28.19113 ], [ 89.93705, 28.18028 ], [ 89.94172, 28.17206 ], [ 89.95915, 28.18935 ], [ 89.9754, 28.19356 ], [ 90.02319, 28.16427 ], [ 90.02539, 28.15106 ], [ 90.03995, 28.1404 ], [ 90.06138, 28.159 ], [ 90.08296, 28.15875 ], [ 90.1014, 28.14144 ], [ 90.12123, 28.14036 ], [ 90.11625, 28.16533 ], [ 90.12397, 28.18026 ], [ 90.11732, 28.19601 ], [ 90.16098, 28.19186 ], [ 90.1875, 28.17518 ], [ 90.18599, 28.16375 ], [ 90.23736, 28.14416 ], [ 90.25645, 28.14358 ], [ 90.26992, 28.15791 ], [ 90.29501, 28.15861 ], [ 90.30621, 28.1303 ], [ 90.33503, 28.12325 ], [ 90.36185, 28.09792 ], [ 90.37646, 28.06329 ], [ 90.39288, 28.06325 ], [ 90.40331, 28.07196 ], [ 90.45013, 28.06093 ], [ 90.45896, 28.05182 ], [ 90.42535, 28.01206 ], [ 90.39319, 28.01271 ], [ 90.38111, 28.00569 ], [ 90.3872, 27.9734 ], [ 90.38163, 27.96546 ], [ 90.39219, 27.92647 ], [ 90.38322, 27.91365 ], [ 90.33703, 27.92055 ], [ 90.31464, 27.90595 ], [ 90.29287, 27.91586 ], [ 90.27014, 27.95636 ], [ 90.2733, 27.97601 ], [ 90.24135, 27.99378 ], [ 90.22596, 27.98428 ], [ 90.18631, 27.97911 ], [ 90.16707, 27.93384 ], [ 90.13453, 27.89607 ], [ 90.12446, 27.86948 ], [ 90.10169, 27.8497 ], [ 90.07468, 27.85613 ], [ 90.03868, 27.84802 ], [ 90.03472, 27.80999 ], [ 89.95853, 27.83755 ], [ 89.91712, 27.86354 ], [ 89.85419, 27.84314 ], [ 89.83592, 27.80787 ], [ 89.805, 27.78395 ], [ 89.79534, 27.76387 ], [ 89.77949, 27.75514 ], [ 89.76179, 27.77822 ], [ 89.73173, 27.75085 ], [ 89.73547, 27.7409 ], [ 89.71655, 27.73063 ], [ 89.69559, 27.72864 ], [ 89.66711, 27.73958 ], [ 89.6411, 27.73607 ], [ 89.63061, 27.72343 ], [ 89.60131, 27.7323 ], [ 89.58827, 27.74482 ], [ 89.57421, 27.78953 ], [ 89.53966, 27.77824 ], [ 89.53131, 27.75912 ], [ 89.51594, 27.76408 ], [ 89.50338, 27.78077 ], [ 89.51675, 27.78858 ], [ 89.52232, 27.81592 ], [ 89.51326, 27.84011 ], [ 89.55405, 27.87946 ], [ 89.56059, 27.89538 ], [ 89.58801, 27.91088 ], [ 89.53186, 27.9289 ], [ 89.53516, 27.96304 ], [ 89.52778, 27.9785 ], [ 89.50511, 27.98037 ], [ 89.48134, 27.99437 ], [ 89.46028, 27.99316 ], [ 89.45179, 28.00879 ], [ 89.47149, 28.02044 ], [ 89.46048, 28.03716 ], [ 89.4743, 28.04481 ], [ 89.51028, 28.09648 ], [ 89.53387, 28.08914 ], [ 89.54027, 28.0938 ], [ 89.55166, 28.11671 ], [ 89.56852, 28.12262 ], [ 89.58754, 28.14367 ], [ 89.59329, 28.16448 ], [ 89.64073, 28.17426 ], [ 89.65612, 28.16966 ], [ 89.68046, 28.18554 ], [ 89.72549, 28.1744 ], [ 89.73772, 28.19434 ], [ 89.75584, 28.18904 ], [ 89.76664, 28.19447 ], [ 89.77473, 28.2106 ], [ 89.76863, 28.22467 ], [ 89.78888, 28.23451 ], [ 89.79433, 28.24715 ], [ 89.80621, 28.23771 ] ] ] } },
{ "type": "Feature", "properties": { "District": "HAA", "STATE": "BHUTAN", "country": "BHUTAN" }, "geometry": { "type": "Polygon", "coordinates": [ [ [ 89.14596, 27.60251 ], [ 89.14774, 27.588 ], [ 89.16317, 27.57528 ], [ 89.19023, 27.57778 ], [ 89.21309, 27.56338 ], [ 89.23652, 27.5668 ], [ 89.24148, 27.53957 ], [ 89.25247, 27.52659 ], [ 89.25861, 27.48039 ], [ 89.29583, 27.4584 ], [ 89.29102, 27.4452 ], [ 89.29728, 27.43399 ], [ 89.31689, 27.41933 ], [ 89.33075, 27.38387 ], [ 89.3614, 27.35759 ], [ 89.36403, 27.34112 ], [ 89.38599, 27.32069 ], [ 89.3667, 27.29797 ], [ 89.34115, 27.2917 ], [ 89.32989, 27.27978 ], [ 89.34187, 27.20628 ], [ 89.36785, 27.1756 ], [ 89.33992, 27.1434 ], [ 89.34286, 27.12317 ], [ 89.31179, 27.10765 ], [ 89.31877, 27.08227 ], [ 89.28726, 27.08031 ], [ 89.26795, 27.08759 ], [ 89.2491, 27.08244 ], [ 89.21423, 27.02705 ], [ 89.18552, 27.05531 ], [ 89.16631, 27.09191 ], [ 89.14754, 27.04964 ], [ 89.11785, 27.03568 ], [ 89.06794, 27.06307 ], [ 89.06788, 27.07446 ], [ 89.02478, 27.10514 ], [ 89.01701, 27.12921 ], [ 88.982, 27.14329 ], [ 88.99257, 27.18479 ], [ 88.99001, 27.20508 ], [ 88.9539, 27.24719 ], [ 88.9519, 27.25938 ], [ 88.90785, 27.27668 ], [ 88.91442, 27.29007 ], [ 88.90944, 27.30517 ], [ 88.92885, 27.33605 ], [ 88.93636, 27.33757 ], [ 88.97134, 27.30533 ], [ 89.00326, 27.32701 ], [ 88.99624, 27.34515 ], [ 88.97702, 27.35674 ], [ 88.97334, 27.39013 ], [ 88.96472, 27.40223 ], [ 88.99217, 27.46169 ], [ 88.97775, 27.48758 ], [ 89.00808, 27.50162 ], [ 88.99715, 27.52255 ], [ 89.03378, 27.5501 ], [ 89.03684, 27.58796 ], [ 89.07699, 27.61054 ], [ 89.10522, 27.60376 ], [ 89.12065, 27.61843 ], [ 89.14596, 27.60251 ] ] ] } },
{ "type": "Feature", "properties": { "District": "LHUENTSE", "STATE": "BHUTAN", "country": "BHUTAN" }, "geometry": { "type": "Polygon", "coordinates": [ [ [ 90.80512, 28.07105 ], [ 90.83156, 28.06393 ], [ 90.83171, 28.05186 ], [ 90.89711, 28.0405 ], [ 90.89812, 28.02765 ], [ 90.91312, 28.02663 ], [ 90.91955, 28.03983 ], [ 90.93097, 28.04313 ], [ 90.95262, 28.03123 ], [ 90.95852, 28.01467 ], [ 90.97598, 28.0024 ], [ 90.99007, 28.00668 ], [ 90.99602, 28.0214 ], [ 91.02257, 28.02471 ], [ 91.04153, 28.00684 ], [ 91.05219, 28.00677 ], [ 91.05713, 27.9955 ], [ 91.07269, 27.99299 ], [ 91.07492, 28.004 ], [ 91.09523, 27.99761 ], [ 91.10194, 28.0027 ], [ 91.11358, 27.99196 ], [ 91.14866, 27.9932 ], [ 91.16479, 27.98381 ], [ 91.18224, 27.99314 ], [ 91.20644, 27.98753 ], [ 91.24428, 28.01092 ], [ 91.28386, 28.02393 ], [ 91.3113, 28.06433 ], [ 91.33376, 28.06642 ], [ 91.34365, 28.06159 ], [ 91.34368, 28.04933 ], [ 91.36676, 28.04728 ], [ 91.4084, 28.02025 ], [ 91.46733, 28.00578 ], [ 91.47669, 27.98063 ], [ 91.46051, 27.96987 ], [ 91.43545, 27.97396 ], [ 91.3996, 27.93491 ], [ 91.38012, 27.93264 ], [ 91.37411, 27.92278 ], [ 91.37876, 27.90828 ], [ 91.36709, 27.85968 ], [ 91.37284, 27.82592 ], [ 91.35903, 27.80381 ], [ 91.36215, 27.77979 ], [ 91.34319, 27.7497 ], [ 91.35478, 27.71792 ], [ 91.34345, 27.69814 ], [ 91.35153, 27.63373 ], [ 91.32248, 27.57862 ], [ 91.331, 27.55491 ], [ 91.30315, 27.54421 ], [ 91.28294, 27.52603 ], [ 91.28244, 27.50009 ], [ 91.29546, 27.48679 ], [ 91.27801, 27.43772 ], [ 91.23063, 27.42212 ], [ 91.19392, 27.40018 ], [ 91.17046, 27.43648 ], [ 91.11438, 27.44515 ], [ 91.04865, 27.39094 ], [ 90.99695, 27.39753 ], [ 90.99393, 27.41463 ], [ 90.97732, 27.43185 ], [ 91.01188, 27.48209 ], [ 90.9779, 27.51098 ], [ 90.98649, 27.55314 ], [ 90.96962, 27.5773 ], [ 90.9892, 27.62487 ], [ 91.0121, 27.65162 ], [ 90.99, 27.65572 ], [ 90.99271, 27.68934 ], [ 90.9817, 27.70289 ], [ 90.95221, 27.72581 ], [ 90.92155, 27.7294 ], [ 90.93437, 27.74313 ], [ 90.92779, 27.78232 ], [ 90.91821, 27.79946 ], [ 90.87901, 27.81546 ], [ 90.86735, 27.8348 ], [ 90.83987, 27.84846 ], [ 90.84531, 27.86878 ], [ 90.82811, 27.91241 ], [ 90.79099, 27.91994 ], [ 90.77171, 27.93801 ], [ 90.78261, 27.95203 ], [ 90.78066, 27.96183 ], [ 90.80358, 27.97536 ], [ 90.80872, 27.98721 ], [ 90.80766, 28.01335 ], [ 90.7995, 28.02283 ], [ 90.8042, 28.04178 ], [ 90.79057, 28.04848 ], [ 90.80512, 28.07105 ] ] ] } },
{ "type": "Feature", "properties": { "District": "MONGAR", "STATE": "BHUTAN", "country": "BHUTAN" }, "geometry": { "type": "Polygon", "coordinates": [ [ [ 91.3373, 27.60589 ], [ 91.41456, 27.50136 ], [ 91.42768, 27.49514 ], [ 91.44888, 27.44277 ], [ 91.4268, 27.42115 ], [ 91.42896, 27.39666 ], [ 91.41655, 27.38745 ], [ 91.43903, 27.38108 ], [ 91.45652, 27.35679 ], [ 91.48665, 27.34809 ], [ 91.49682, 27.30976 ], [ 91.44229, 27.27259 ], [ 91.42059, 27.26839 ], [ 91.39393, 27.23716 ], [ 91.39399, 27.19558 ], [ 91.37925, 27.19035 ], [ 91.37054, 27.16006 ], [ 91.35851, 27.15216 ], [ 91.36686, 27.12216 ], [ 91.3572, 27.12167 ], [ 91.34749, 27.11046 ], [ 91.35213, 27.10445 ], [ 91.34172, 27.1027 ], [ 91.34133, 27.08007 ], [ 91.31068, 27.07831 ], [ 91.30396, 27.06684 ], [ 91.23587, 27.04949 ], [ 91.22142, 27.03196 ], [ 91.21335, 27.0042 ], [ 91.1935, 26.98606 ], [ 91.19237, 26.96675 ], [ 91.17672, 26.96053 ], [ 91.18147, 26.93355 ], [ 91.13892, 26.9599 ], [ 91.13912, 26.97236 ], [ 91.09333, 26.98589 ], [ 91.0896, 27.03927 ], [ 91.07844, 27.0527 ], [ 91.03393, 27.05857 ], [ 91.02643, 27.10412 ], [ 91.00398, 27.11715 ], [ 91.00234, 27.15312 ], [ 91.02137, 27.16792 ], [ 91.02637, 27.222 ], [ 91.00934, 27.23616 ], [ 91.01449, 27.26059 ], [ 90.98565, 27.28233 ], [ 90.98827, 27.29393 ], [ 90.97485, 27.32021 ], [ 90.97648, 27.34756 ], [ 90.96371, 27.35121 ], [ 90.95573, 27.38222 ], [ 90.97621, 27.39635 ], [ 91.04865, 27.39094 ], [ 91.11438, 27.44515 ], [ 91.17046, 27.43648 ], [ 91.19392, 27.40018 ], [ 91.23063, 27.42212 ], [ 91.27801, 27.43772 ], [ 91.29546, 27.48679 ], [ 91.28244, 27.50009 ], [ 91.27961, 27.51696 ], [ 91.30315, 27.54421 ], [ 91.331, 27.55491 ], [ 91.32248, 27.57862 ], [ 91.3373, 27.60589 ] ] ] } },
{ "type": "Feature", "properties": { "District": "PARO", "STATE": "BHUTAN", "country": "BHUTAN" }, "geometry": { "type": "Polygon", "coordinates": [ [ [ 89.25637, 27.73959 ], [ 89.27359, 27.73475 ], [ 89.26409, 27.71489 ], [ 89.28295, 27.71938 ], [ 89.28505, 27.72857 ], [ 89.31612, 27.71781 ], [ 89.33476, 27.73733 ], [ 89.35115, 27.74197 ], [ 89.36837, 27.73038 ], [ 89.40815, 27.75447 ], [ 89.40576, 27.69868 ], [ 89.42422, 27.67689 ], [ 89.39329, 27.65081 ], [ 89.4058, 27.64419 ], [ 89.42265, 27.65364 ], [ 89.46257, 27.60983 ], [ 89.47784, 27.60732 ], [ 89.46861, 27.60038 ], [ 89.48268, 27.57216 ], [ 89.50328, 27.56624 ], [ 89.5043, 27.55785 ], [ 89.49128, 27.55489 ], [ 89.4886, 27.53951 ], [ 89.49242, 27.51471 ], [ 89.48508, 27.49421 ], [ 89.48906, 27.47892 ], [ 89.47873, 27.46532 ], [ 89.48086, 27.42578 ], [ 89.51787, 27.41194 ], [ 89.52326, 27.39234 ], [ 89.50949, 27.36499 ], [ 89.54905, 27.3404 ], [ 89.54403, 27.28335 ], [ 89.53095, 27.26876 ], [ 89.51713, 27.23 ], [ 89.52165, 27.20068 ], [ 89.5135, 27.18896 ], [ 89.46244, 27.197 ], [ 89.41843, 27.22858 ], [ 89.40452, 27.21576 ], [ 89.34237, 27.21187 ], [ 89.33234, 27.23435 ], [ 89.32989, 27.27978 ], [ 89.34115, 27.2917 ], [ 89.3667, 27.29797 ], [ 89.38588, 27.321 ], [ 89.36403, 27.34112 ], [ 89.3614, 27.35759 ], [ 89.33075, 27.38387 ], [ 89.31689, 27.41933 ], [ 89.29728, 27.43399 ], [ 89.29102, 27.4452 ], [ 89.29583, 27.4584 ], [ 89.25861, 27.48039 ], [ 89.25247, 27.52659 ], [ 89.24148, 27.53957 ], [ 89.23652, 27.5668 ], [ 89.21309, 27.56338 ], [ 89.19023, 27.57778 ], [ 89.16317, 27.57528 ], [ 89.14774, 27.588 ], [ 89.14596, 27.60251 ], [ 89.12218, 27.61816 ], [ 89.13131, 27.62707 ], [ 89.1286, 27.63437 ], [ 89.14151, 27.64048 ], [ 89.14149, 27.65635 ], [ 89.15926, 27.67341 ], [ 89.16954, 27.66937 ], [ 89.17646, 27.69745 ], [ 89.19107, 27.7006 ], [ 89.197, 27.72214 ], [ 89.21148, 27.72115 ], [ 89.22181, 27.73037 ], [ 89.22581, 27.78499 ], [ 89.25637, 27.73959 ] ] ] } },
{ "type": "Feature", "properties": { "District": "PEMAGATSHEL", "STATE": "BHUTAN", "country": "BHUTAN" }, "geometry": { "type": "Polygon", "coordinates": [ [ [ 91.44312, 27.17664 ], [ 91.46713, 27.17363 ], [ 91.47921, 27.15229 ], [ 91.47994, 27.13096 ], [ 91.46899, 27.12824 ], [ 91.4922, 27.11599 ], [ 91.50611, 27.09247 ], [ 91.50602, 27.07659 ], [ 91.52428, 27.07852 ], [ 91.54974, 27.06348 ], [ 91.52027, 27.02705 ], [ 91.5197, 27.01559 ], [ 91.4951, 27.03032 ], [ 91.47665, 27.01514 ], [ 91.46239, 27.01444 ], [ 91.46162, 26.99398 ], [ 91.43933, 26.97475 ], [ 91.44602, 26.94185 ], [ 91.42943, 26.91461 ], [ 91.41034, 26.90824 ], [ 91.40071, 26.89427 ], [ 91.40458, 26.85944 ], [ 91.39163, 26.85329 ], [ 91.40746, 26.83966 ], [ 91.37564, 26.79543 ], [ 91.33743, 26.78123 ], [ 91.29645, 26.78718 ], [ 91.23684, 26.81231 ], [ 91.14581, 26.81115 ], [ 91.09745, 26.82218 ], [ 91.05541, 26.78235 ], [ 91.01896, 26.78665 ], [ 91.00084, 26.83085 ], [ 91.01154, 26.8349 ], [ 91.00724, 26.8468 ], [ 91.02082, 26.86104 ], [ 91.05128, 26.86252 ], [ 91.08871, 26.88104 ], [ 91.09124, 26.8733 ], [ 91.10505, 26.88101 ], [ 91.12946, 26.86743 ], [ 91.16011, 26.88358 ], [ 91.16667, 26.8898 ], [ 91.16667, 26.92206 ], [ 91.18164, 26.92863 ], [ 91.17672, 26.96053 ], [ 91.19237, 26.96675 ], [ 91.1935, 26.98606 ], [ 91.21335, 27.0042 ], [ 91.22142, 27.03196 ], [ 91.23587, 27.04949 ], [ 91.30396, 27.06684 ], [ 91.31068, 27.07831 ], [ 91.34133, 27.08007 ], [ 91.34172, 27.1027 ], [ 91.35213, 27.10445 ], [ 91.34749, 27.11046 ], [ 91.3572, 27.12167 ], [ 91.36686, 27.12216 ], [ 91.35821, 27.15097 ], [ 91.37127, 27.16835 ], [ 91.44287, 27.16775 ], [ 91.44312, 27.17664 ] ] ] } },
{ "type": "Feature", "properties": { "District": "PUNAKHA", "STATE": "BHUTAN", "country": "BHUTAN" }, "geometry": { "type": "Polygon", "coordinates": [ [ [ 89.91712, 27.86354 ], [ 90.03472, 27.80999 ], [ 90.03744, 27.7744 ], [ 89.9927, 27.73572 ], [ 89.98341, 27.69956 ], [ 90.00708, 27.68794 ], [ 90.039, 27.69061 ], [ 90.06736, 27.65414 ], [ 90.04345, 27.6295 ], [ 90.02147, 27.62878 ], [ 90.00107, 27.59864 ], [ 89.9777, 27.5904 ], [ 89.97114, 27.57775 ], [ 89.9534, 27.56856 ], [ 89.9526, 27.55526 ], [ 89.92947, 27.53837 ], [ 89.9317, 27.51817 ], [ 89.92034, 27.51321 ], [ 89.89049, 27.52008 ], [ 89.88511, 27.51188 ], [ 89.8916, 27.49575 ], [ 89.84115, 27.47688 ], [ 89.81519, 27.48141 ], [ 89.76146, 27.46739 ], [ 89.73, 27.51391 ], [ 89.70875, 27.52393 ], [ 89.7059, 27.5574 ], [ 89.68464, 27.56963 ], [ 89.6729, 27.60402 ], [ 89.65317, 27.62072 ], [ 89.64886, 27.63814 ], [ 89.6598, 27.68559 ], [ 89.64651, 27.70319 ], [ 89.63671, 27.70232 ], [ 89.63253, 27.72351 ], [ 89.6411, 27.73607 ], [ 89.66711, 27.73958 ], [ 89.69559, 27.72864 ], [ 89.72049, 27.7321 ], [ 89.73592, 27.74139 ], [ 89.73173, 27.75085 ], [ 89.76179, 27.77822 ], [ 89.77949, 27.75514 ], [ 89.83446, 27.8061 ], [ 89.85419, 27.84314 ], [ 89.91712, 27.86354 ] ] ] } },
{ "type": "Feature", "properties": { "District": "SAMDRUP JONGKHAR", "STATE": "BHUTAN", "country": "BHUTAN" }, "geometry": { "type": "Polygon", "coordinates": [ [ [ 91.99331, 27.1823 ], [ 92.03977, 27.18189 ], [ 92.02672, 27.16828 ], [ 92.03562, 27.13916 ], [ 92.02313, 27.10955 ], [ 92.03681, 27.06314 ], [ 92.04412, 27.05136 ], [ 92.08152, 27.04102 ], [ 92.07842, 27.01736 ], [ 92.10276, 27.00444 ], [ 92.10476, 26.97991 ], [ 92.11921, 26.97152 ], [ 92.11675, 26.89749 ], [ 92.10192, 26.88106 ], [ 92.10264, 26.86744 ], [ 92.05663, 26.84762 ], [ 91.98344, 26.85825 ], [ 91.96385, 26.88286 ], [ 91.89209, 26.91921 ], [ 91.85913, 26.91371 ], [ 91.82388, 26.86437 ], [ 91.72063, 26.81192 ], [ 91.68974, 26.80689 ], [ 91.62563, 26.82115 ], [ 91.59145, 26.80506 ], [ 91.49494, 26.79138 ], [ 91.44832, 26.81108 ], [ 91.39408, 26.84754 ], [ 91.39163, 26.85329 ], [ 91.40458, 26.85944 ], [ 91.40071, 26.89427 ], [ 91.41034, 26.90824 ], [ 91.42943, 26.91461 ], [ 91.44602, 26.94185 ], [ 91.43933, 26.97475 ], [ 91.46162, 26.99398 ], [ 91.4628, 27.01475 ], [ 91.47665, 27.01514 ], [ 91.4951, 27.03032 ], [ 91.5197, 27.01559 ], [ 91.60012, 27.05324 ], [ 91.60354, 27.06161 ], [ 91.64534, 27.04913 ], [ 91.7231, 27.07901 ], [ 91.78112, 27.08566 ], [ 91.83014, 27.14429 ], [ 91.88632, 27.16089 ], [ 91.92695, 27.15548 ], [ 91.9268, 27.23134 ], [ 91.93536, 27.2499 ], [ 91.95347, 27.24236 ], [ 91.9699, 27.19373 ], [ 91.99331, 27.1823 ] ] ] } },
{ "type": "Feature", "properties": { "District": "SAMTSE", "STATE": "BHUTAN", "country": "BHUTAN" }, "geometry": { "type": "Polygon", "coordinates": [ [ [ 88.90953, 27.27269 ], [ 88.94811, 27.26313 ], [ 88.98962, 27.20624 ], [ 88.99257, 27.18479 ], [ 88.982, 27.14329 ], [ 89.0163, 27.12983 ], [ 89.03325, 27.09516 ], [ 89.10923, 27.03657 ], [ 89.14754, 27.04964 ], [ 89.16631, 27.09191 ], [ 89.18552, 27.05531 ], [ 89.21423, 27.02705 ], [ 89.24948, 27.08266 ], [ 89.26795, 27.08759 ], [ 89.28726, 27.08031 ], [ 89.31877, 27.08227 ], [ 89.32527, 27.0231 ], [ 89.294, 26.977 ], [ 89.26577, 26.96491 ], [ 89.27299, 26.94652 ], [ 89.26678, 26.93541 ], [ 89.28151, 26.92326 ], [ 89.29147, 26.92877 ], [ 89.30013, 26.91824 ], [ 89.32946, 26.91287 ], [ 89.33338, 26.87488 ], [ 89.36763, 26.88527 ], [ 89.37377, 26.87066 ], [ 89.36741, 26.85821 ], [ 89.32671, 26.84332 ], [ 89.31832, 26.85153 ], [ 89.27533, 26.82891 ], [ 89.26226, 26.8139 ], [ 89.2393, 26.8189 ], [ 89.1936, 26.81088 ], [ 89.17632, 26.81933 ], [ 89.13427, 26.80784 ], [ 89.10053, 26.84269 ], [ 89.10612, 26.86046 ], [ 89.09244, 26.87271 ], [ 89.09562, 26.89178 ], [ 89.0695, 26.90373 ], [ 89.04882, 26.89905 ], [ 89.05025, 26.91606 ], [ 89.02989, 26.92306 ], [ 89.02125, 26.9408 ], [ 88.98037, 26.91725 ], [ 88.94369, 26.93431 ], [ 88.95251, 26.94887 ], [ 88.95081, 26.9687 ], [ 88.92151, 26.99382 ], [ 88.87699, 26.94433 ], [ 88.86876, 26.99456 ], [ 88.87887, 27.06524 ], [ 88.86999, 27.10915 ], [ 88.84143, 27.11222 ], [ 88.81629, 27.12375 ], [ 88.80391, 27.13909 ], [ 88.76603, 27.13624 ], [ 88.74604, 27.1443 ], [ 88.76019, 27.15284 ], [ 88.75693, 27.16547 ], [ 88.76431, 27.17723 ], [ 88.78685, 27.18199 ], [ 88.80326, 27.22151 ], [ 88.80321, 27.24797 ], [ 88.83132, 27.26245 ], [ 88.87896, 27.26124 ], [ 88.90953, 27.27269 ] ] ] } },
{ "type": "Feature", "properties": { "District": "SARPANG", "STATE": "BHUTAN", "country": "BHUTAN" }, "geometry": { "type": "Polygon", "coordinates": [ [ [ 90.3529, 27.22065 ], [ 90.41997, 27.18958 ], [ 90.44789, 27.1612 ], [ 90.46194, 27.16074 ], [ 90.46459, 27.14916 ], [ 90.48225, 27.14211 ], [ 90.49559, 27.14989 ], [ 90.53105, 27.13682 ], [ 90.53382, 27.12183 ], [ 90.55004, 27.10653 ], [ 90.57228, 27.09885 ], [ 90.57469, 27.08814 ], [ 90.58952, 27.09411 ], [ 90.59767, 27.07554 ], [ 90.61834, 27.07325 ], [ 90.6469, 27.08456 ], [ 90.67165, 27.07182 ], [ 90.68074, 27.06054 ], [ 90.67779, 27.0354 ], [ 90.69012, 27.03005 ], [ 90.69419, 26.99696 ], [ 90.68294, 26.98166 ], [ 90.69701, 26.96036 ], [ 90.62349, 26.87718 ], [ 90.62356, 26.84864 ], [ 90.68195, 26.84192 ], [ 90.69891, 26.83226 ], [ 90.71048, 26.81214 ], [ 90.74236, 26.81714 ], [ 90.7481, 26.82443 ], [ 90.75612, 26.81765 ], [ 90.76129, 26.82813 ], [ 90.76728, 26.79037 ], [ 90.77682, 26.77586 ], [ 90.70965, 26.76902 ], [ 90.69326, 26.77064 ], [ 90.67582, 26.78416 ], [ 90.64657, 26.77658 ], [ 90.63444, 26.79381 ], [ 90.5465, 26.81672 ], [ 90.41648, 26.9047 ], [ 90.35645, 26.90101 ], [ 90.34779, 26.87543 ], [ 90.30022, 26.8484 ], [ 90.23022, 26.85912 ], [ 90.20077, 26.83537 ], [ 90.18746, 26.807 ], [ 90.1945, 26.77341 ], [ 90.04924, 26.7307 ], [ 90.00971, 26.73235 ], [ 90.02115, 26.75141 ], [ 90.01934, 26.77109 ], [ 90.0536, 26.75394 ], [ 90.04672, 26.76287 ], [ 90.04115, 26.82205 ], [ 90.04874, 26.82636 ], [ 90.0666, 26.81775 ], [ 90.08481, 26.82344 ], [ 90.08742, 26.84048 ], [ 90.09952, 26.8476 ], [ 90.12141, 26.84262 ], [ 90.14236, 26.85096 ], [ 90.13977, 26.87565 ], [ 90.15132, 26.90195 ], [ 90.17344, 26.91648 ], [ 90.18123, 26.93266 ], [ 90.20355, 26.94214 ], [ 90.20277, 26.96141 ], [ 90.24406, 27.00596 ], [ 90.24808, 27.02946 ], [ 90.24234, 27.04141 ], [ 90.26443, 27.05567 ], [ 90.2642, 27.07896 ], [ 90.27615, 27.08971 ], [ 90.27492, 27.11458 ], [ 90.32316, 27.14978 ], [ 90.34172, 27.14554 ], [ 90.34233, 27.17396 ], [ 90.3275, 27.18075 ], [ 90.32456, 27.19697 ], [ 90.3529, 27.22065 ] ] ] } },
{ "type": "Feature", "properties": { "District": "THIMPHU", "STATE": "BHUTAN", "country": "BHUTAN" }, "geometry": { "type": "Polygon", "coordinates": [ [ [ 89.46569, 27.99195 ], [ 89.48134, 27.99437 ], [ 89.50511, 27.98037 ], [ 89.52778, 27.9785 ], [ 89.53516, 27.96304 ], [ 89.53186, 27.9289 ], [ 89.58801, 27.91088 ], [ 89.56059, 27.89538 ], [ 89.55405, 27.87946 ], [ 89.51326, 27.84011 ], [ 89.52302, 27.82025 ], [ 89.51675, 27.78858 ], [ 89.50362, 27.78028 ], [ 89.51594, 27.76408 ], [ 89.53131, 27.75912 ], [ 89.53966, 27.77824 ], [ 89.57421, 27.78953 ], [ 89.58933, 27.74317 ], [ 89.63319, 27.72276 ], [ 89.63671, 27.70232 ], [ 89.64651, 27.70319 ], [ 89.6598, 27.68559 ], [ 89.64886, 27.63814 ], [ 89.65317, 27.62072 ], [ 89.6729, 27.60402 ], [ 89.68464, 27.56963 ], [ 89.7059, 27.5574 ], [ 89.70875, 27.52393 ], [ 89.73, 27.51391 ], [ 89.76146, 27.46739 ], [ 89.75332, 27.42578 ], [ 89.76564, 27.4094 ], [ 89.7074, 27.36905 ], [ 89.73014, 27.3517 ], [ 89.72332, 27.33602 ], [ 89.72669, 27.27562 ], [ 89.72244, 27.26857 ], [ 89.71209, 27.27086 ], [ 89.70697, 27.2517 ], [ 89.69562, 27.24698 ], [ 89.68818, 27.22996 ], [ 89.64888, 27.21339 ], [ 89.6398, 27.17414 ], [ 89.64421, 27.16576 ], [ 89.6249, 27.14515 ], [ 89.61067, 27.1468 ], [ 89.58374, 27.18411 ], [ 89.5717, 27.18527 ], [ 89.58353, 27.19608 ], [ 89.59553, 27.23224 ], [ 89.62773, 27.24411 ], [ 89.62957, 27.25244 ], [ 89.59218, 27.26657 ], [ 89.57354, 27.2643 ], [ 89.57299, 27.293 ], [ 89.54717, 27.31458 ], [ 89.54843, 27.34256 ], [ 89.50949, 27.36499 ], [ 89.52326, 27.39234 ], [ 89.51876, 27.4106 ], [ 89.48086, 27.42578 ], [ 89.47873, 27.46532 ], [ 89.48906, 27.47892 ], [ 89.48508, 27.49421 ], [ 89.49242, 27.51471 ], [ 89.4886, 27.53951 ], [ 89.49128, 27.55489 ], [ 89.5043, 27.55785 ], [ 89.50328, 27.56624 ], [ 89.48268, 27.57216 ], [ 89.46861, 27.60038 ], [ 89.47784, 27.60732 ], [ 89.46257, 27.60983 ], [ 89.42265, 27.65364 ], [ 89.4058, 27.64419 ], [ 89.39329, 27.65081 ], [ 89.42422, 27.67689 ], [ 89.40576, 27.69868 ], [ 89.41189, 27.74924 ], [ 89.40696, 27.75488 ], [ 89.39483, 27.75097 ], [ 89.36837, 27.73038 ], [ 89.35115, 27.74197 ], [ 89.33783, 27.73846 ], [ 89.31745, 27.71804 ], [ 89.28505, 27.72857 ], [ 89.28295, 27.71938 ], [ 89.26409, 27.71489 ], [ 89.27359, 27.73475 ], [ 89.24753, 27.74409 ], [ 89.22581, 27.78499 ], [ 89.23607, 27.80143 ], [ 89.26613, 27.81494 ], [ 89.29934, 27.85357 ], [ 89.33123, 27.85344 ], [ 89.3385, 27.86352 ], [ 89.37049, 27.87385 ], [ 89.42019, 27.94431 ], [ 89.43398, 27.94797 ], [ 89.45174, 27.97884 ], [ 89.45256, 28.00088 ], [ 89.46569, 27.99195 ] ] ] } },
{ "type": "Feature", "properties": { "District": "TRASHIGANG", "STATE": "BHUTAN", "country": "BHUTAN" }, "geometry": { "type": "Polygon", "coordinates": [ [ [ 91.84839, 27.48616 ], [ 91.86545, 27.48138 ], [ 91.87254, 27.47053 ], [ 91.92312, 27.47404 ], [ 91.95312, 27.45958 ], [ 92.01709, 27.4801 ], [ 92.02267, 27.44583 ], [ 92.04151, 27.43529 ], [ 92.04364, 27.41411 ], [ 92.05802, 27.3998 ], [ 92.04723, 27.36087 ], [ 92.06458, 27.32698 ], [ 92.08965, 27.30401 ], [ 92.11674, 27.29224 ], [ 92.12374, 27.27652 ], [ 92.08759, 27.26922 ], [ 92.07379, 27.27848 ], [ 92.04514, 27.26889 ], [ 92.03844, 27.25444 ], [ 92.0592, 27.2518 ], [ 92.07124, 27.23585 ], [ 92.06895, 27.21592 ], [ 92.04985, 27.18391 ], [ 91.98075, 27.18703 ], [ 91.96888, 27.19537 ], [ 91.95347, 27.24236 ], [ 91.93536, 27.2499 ], [ 91.9268, 27.23134 ], [ 91.92695, 27.15548 ], [ 91.90812, 27.16237 ], [ 91.85683, 27.15449 ], [ 91.81359, 27.13175 ], [ 91.78112, 27.08566 ], [ 91.7231, 27.07901 ], [ 91.64534, 27.04913 ], [ 91.60354, 27.06161 ], [ 91.60012, 27.05324 ], [ 91.5197, 27.01559 ], [ 91.52027, 27.02705 ], [ 91.54974, 27.06348 ], [ 91.52428, 27.07852 ], [ 91.50602, 27.07659 ], [ 91.50611, 27.09247 ], [ 91.4922, 27.11599 ], [ 91.46899, 27.12824 ], [ 91.47994, 27.13096 ], [ 91.48049, 27.14933 ], [ 91.46713, 27.17363 ], [ 91.45008, 27.17986 ], [ 91.44027, 27.17433 ], [ 91.44287, 27.16775 ], [ 91.37532, 27.1692 ], [ 91.37925, 27.19035 ], [ 91.39399, 27.19558 ], [ 91.39221, 27.23429 ], [ 91.414, 27.26122 ], [ 91.49682, 27.30976 ], [ 91.48665, 27.34809 ], [ 91.45652, 27.35679 ], [ 91.43903, 27.38108 ], [ 91.41655, 27.38745 ], [ 91.42896, 27.39666 ], [ 91.42473, 27.4151 ], [ 91.46055, 27.40925 ], [ 91.54991, 27.37377 ], [ 91.5899, 27.38913 ], [ 91.61504, 27.41794 ], [ 91.65319, 27.41989 ], [ 91.67295, 27.43636 ], [ 91.68689, 27.43322 ], [ 91.72891, 27.45101 ], [ 91.7562, 27.44838 ], [ 91.76732, 27.46479 ], [ 91.7979, 27.47307 ], [ 91.8249, 27.46743 ], [ 91.84839, 27.48616 ] ] ] } },
{ "type": "Feature", "properties": { "District": "TRONGSA", "STATE": "BHUTAN", "country": "BHUTAN" }, "geometry": { "type": "Polygon", "coordinates": [ [ [ 90.51786, 27.7757 ], [ 90.54776, 27.77596 ], [ 90.54549, 27.76764 ], [ 90.56409, 27.73833 ], [ 90.55916, 27.73114 ], [ 90.56715, 27.70577 ], [ 90.55907, 27.69937 ], [ 90.56458, 27.69269 ], [ 90.5477, 27.68183 ], [ 90.54288, 27.64027 ], [ 90.55748, 27.63645 ], [ 90.55843, 27.59107 ], [ 90.5684, 27.58959 ], [ 90.57098, 27.56225 ], [ 90.58777, 27.52735 ], [ 90.59575, 27.48606 ], [ 90.58624, 27.48126 ], [ 90.59194, 27.46302 ], [ 90.68678, 27.42351 ], [ 90.7116, 27.39437 ], [ 90.72982, 27.38527 ], [ 90.74956, 27.35207 ], [ 90.72562, 27.30116 ], [ 90.72816, 27.26534 ], [ 90.70733, 27.24906 ], [ 90.62047, 27.21819 ], [ 90.6651, 27.16301 ], [ 90.64395, 27.16793 ], [ 90.61978, 27.16013 ], [ 90.58398, 27.17703 ], [ 90.56237, 27.16569 ], [ 90.56111, 27.15082 ], [ 90.54576, 27.15191 ], [ 90.53105, 27.13682 ], [ 90.49559, 27.14989 ], [ 90.48225, 27.14211 ], [ 90.46459, 27.14916 ], [ 90.46194, 27.16074 ], [ 90.44789, 27.1612 ], [ 90.41997, 27.18958 ], [ 90.35216, 27.22151 ], [ 90.37501, 27.24716 ], [ 90.37842, 27.27423 ], [ 90.36031, 27.28342 ], [ 90.35923, 27.31733 ], [ 90.31189, 27.35649 ], [ 90.31607, 27.37551 ], [ 90.28272, 27.41802 ], [ 90.28663, 27.44608 ], [ 90.26832, 27.45739 ], [ 90.26151, 27.47617 ], [ 90.27106, 27.48447 ], [ 90.30457, 27.48611 ], [ 90.32778, 27.5097 ], [ 90.35326, 27.51632 ], [ 90.36925, 27.50696 ], [ 90.39109, 27.52691 ], [ 90.37884, 27.53822 ], [ 90.35246, 27.53956 ], [ 90.32588, 27.61389 ], [ 90.31652, 27.62171 ], [ 90.31586, 27.63249 ], [ 90.33794, 27.64904 ], [ 90.34243, 27.68244 ], [ 90.35571, 27.6917 ], [ 90.36807, 27.68443 ], [ 90.40284, 27.69421 ], [ 90.42102, 27.68189 ], [ 90.47359, 27.7003 ], [ 90.49014, 27.7194 ], [ 90.50308, 27.78984 ], [ 90.51786, 27.7757 ] ] ] } },
{ "type": "Feature", "properties": { "District": "TSIRANG", "STATE": "BHUTAN", "country": "BHUTAN" }, "geometry": { "type": "Polygon", "coordinates": [ [ [ 90.08547, 27.19219 ], [ 90.14499, 27.16301 ], [ 90.19181, 27.16696 ], [ 90.21018, 27.17688 ], [ 90.24964, 27.14466 ], [ 90.26614, 27.1604 ], [ 90.28078, 27.15582 ], [ 90.29962, 27.16247 ], [ 90.32122, 27.18187 ], [ 90.34233, 27.17396 ], [ 90.34654, 27.15869 ], [ 90.34172, 27.14554 ], [ 90.32316, 27.14978 ], [ 90.27492, 27.11458 ], [ 90.27615, 27.08971 ], [ 90.2642, 27.07896 ], [ 90.26443, 27.05567 ], [ 90.24234, 27.04141 ], [ 90.24808, 27.02946 ], [ 90.24406, 27.00596 ], [ 90.20277, 26.96141 ], [ 90.20355, 26.94214 ], [ 90.18123, 26.93266 ], [ 90.17344, 26.91648 ], [ 90.15132, 26.90195 ], [ 90.13977, 26.87565 ], [ 90.14236, 26.85096 ], [ 90.12141, 26.84262 ], [ 90.09952, 26.8476 ], [ 90.08742, 26.84048 ], [ 90.08481, 26.82344 ], [ 90.0666, 26.81775 ], [ 90.04734, 26.82678 ], [ 90.03205, 26.82199 ], [ 90.01049, 26.8539 ], [ 90.02094, 26.86638 ], [ 90.00638, 26.86752 ], [ 90.00575, 26.88083 ], [ 90.01538, 26.88888 ], [ 90.01021, 26.90305 ], [ 90.02378, 26.91477 ], [ 90.03642, 26.91257 ], [ 90.07057, 26.97399 ], [ 90.07544, 27.0418 ], [ 90.07494, 27.05599 ], [ 90.0666, 27.06125 ], [ 90.07464, 27.07913 ], [ 90.06864, 27.09205 ], [ 90.07177, 27.12186 ], [ 90.06445, 27.13188 ], [ 90.07269, 27.15219 ], [ 90.06809, 27.1752 ], [ 90.06969, 27.18403 ], [ 90.08547, 27.19219 ] ] ] } },
{ "type": "Feature", "properties": { "District": "WANGDUE PHODRANG", "STATE": "BHUTAN", "country": "BHUTAN" }, "geometry": { "type": "Polygon", "coordinates": [ [ [ 90.45896, 28.05182 ], [ 90.47832, 28.05005 ], [ 90.49657, 28.02398 ], [ 90.4997, 28.0063 ], [ 90.48204, 27.97333 ], [ 90.49187, 27.94896 ], [ 90.51994, 27.9387 ], [ 90.51447, 27.92107 ], [ 90.5331, 27.90964 ], [ 90.53425, 27.86557 ], [ 90.52423, 27.84483 ], [ 90.49244, 27.83205 ], [ 90.50347, 27.78456 ], [ 90.49014, 27.7194 ], [ 90.47405, 27.70055 ], [ 90.42102, 27.68189 ], [ 90.40284, 27.69421 ], [ 90.36807, 27.68443 ], [ 90.35571, 27.6917 ], [ 90.34276, 27.68281 ], [ 90.33794, 27.64904 ], [ 90.31586, 27.63249 ], [ 90.31652, 27.62171 ], [ 90.32588, 27.61389 ], [ 90.35246, 27.53956 ], [ 90.37884, 27.53822 ], [ 90.39109, 27.52691 ], [ 90.36925, 27.50696 ], [ 90.35326, 27.51632 ], [ 90.32778, 27.5097 ], [ 90.30457, 27.48611 ], [ 90.27106, 27.48447 ], [ 90.26151, 27.47617 ], [ 90.26832, 27.45739 ], [ 90.28663, 27.44608 ], [ 90.28272, 27.41802 ], [ 90.31607, 27.37551 ], [ 90.31189, 27.35649 ], [ 90.35923, 27.31733 ], [ 90.36031, 27.28342 ], [ 90.37842, 27.27423 ], [ 90.37487, 27.24688 ], [ 90.32596, 27.20063 ], [ 90.3275, 27.18075 ], [ 90.28078, 27.15582 ], [ 90.26614, 27.1604 ], [ 90.24964, 27.14466 ], [ 90.21018, 27.17688 ], [ 90.19181, 27.16696 ], [ 90.14499, 27.16301 ], [ 90.08547, 27.19219 ], [ 90.06935, 27.18264 ], [ 90.07269, 27.15219 ], [ 90.06445, 27.13188 ], [ 90.06981, 27.11367 ], [ 90.0482, 27.13126 ], [ 90.01995, 27.13048 ], [ 89.99565, 27.1476 ], [ 89.94861, 27.14819 ], [ 89.92945, 27.1637 ], [ 89.89987, 27.22899 ], [ 89.87574, 27.23585 ], [ 89.83526, 27.27631 ], [ 89.80115, 27.26752 ], [ 89.7855, 27.27954 ], [ 89.76537, 27.28089 ], [ 89.72456, 27.27021 ], [ 89.72332, 27.33602 ], [ 89.73014, 27.3517 ], [ 89.7074, 27.36905 ], [ 89.76564, 27.4094 ], [ 89.75332, 27.42578 ], [ 89.76146, 27.46739 ], [ 89.81519, 27.48141 ], [ 89.84115, 27.47688 ], [ 89.8916, 27.49575 ], [ 89.88511, 27.51188 ], [ 89.89049, 27.52008 ], [ 89.92034, 27.51321 ], [ 89.9317, 27.51817 ], [ 89.92947, 27.53837 ], [ 89.9526, 27.55526 ], [ 89.9534, 27.56856 ], [ 89.97114, 27.57775 ], [ 89.9777, 27.5904 ], [ 90.00107, 27.59864 ], [ 90.02147, 27.62878 ], [ 90.04345, 27.6295 ], [ 90.06736, 27.65414 ], [ 90.039, 27.69061 ], [ 90.00708, 27.68794 ], [ 89.98341, 27.69956 ], [ 89.9927, 27.73572 ], [ 90.03744, 27.7744 ], [ 90.03868, 27.84802 ], [ 90.07468, 27.85613 ], [ 90.10169, 27.8497 ], [ 90.12446, 27.86948 ], [ 90.13453, 27.89607 ], [ 90.16707, 27.93384 ], [ 90.18631, 27.97911 ], [ 90.22596, 27.98428 ], [ 90.24135, 27.99378 ], [ 90.2733, 27.97601 ], [ 90.27014, 27.95636 ], [ 90.29287, 27.91586 ], [ 90.31464, 27.90595 ], [ 90.33703, 27.92055 ], [ 90.35966, 27.91251 ], [ 90.37014, 27.91952 ], [ 90.38494, 27.91441 ], [ 90.39219, 27.92647 ], [ 90.38163, 27.96546 ], [ 90.3872, 27.9734 ], [ 90.38111, 28.00569 ], [ 90.39319, 28.01271 ], [ 90.42387, 28.0112 ], [ 90.45896, 28.05182 ] ] ] } },
{ "type": "Feature", "properties": { "District": "TRASHIYANGTSE", "STATE": "BHUTAN", "country": "BHUTAN" }, "geometry": { "type": "Polygon", "coordinates": [ [ [ 91.47877, 27.9799 ], [ 91.49197, 27.96663 ], [ 91.48683, 27.94524 ], [ 91.54708, 27.91997 ], [ 91.55377, 27.89691 ], [ 91.57108, 27.89852 ], [ 91.59517, 27.9143 ], [ 91.59929, 27.90076 ], [ 91.62635, 27.89084 ], [ 91.61283, 27.85919 ], [ 91.60228, 27.86407 ], [ 91.59167, 27.85635 ], [ 91.57554, 27.86429 ], [ 91.57016, 27.84855 ], [ 91.55791, 27.8563 ], [ 91.55359, 27.85136 ], [ 91.56598, 27.81861 ], [ 91.5763, 27.81186 ], [ 91.60752, 27.82373 ], [ 91.62691, 27.81157 ], [ 91.64507, 27.76945 ], [ 91.63463, 27.745 ], [ 91.63738, 27.73044 ], [ 91.62685, 27.7158 ], [ 91.62855, 27.69943 ], [ 91.60722, 27.69081 ], [ 91.59394, 27.67091 ], [ 91.57307, 27.66069 ], [ 91.56407, 27.6414 ], [ 91.5647, 27.62576 ], [ 91.58428, 27.60829 ], [ 91.56631, 27.58306 ], [ 91.59373, 27.54206 ], [ 91.61234, 27.54348 ], [ 91.6236, 27.51432 ], [ 91.64527, 27.50138 ], [ 91.65245, 27.48304 ], [ 91.69506, 27.50533 ], [ 91.71318, 27.49357 ], [ 91.71713, 27.47315 ], [ 91.76759, 27.47339 ], [ 91.7562, 27.44838 ], [ 91.72891, 27.45101 ], [ 91.68689, 27.43322 ], [ 91.67295, 27.43636 ], [ 91.65319, 27.41989 ], [ 91.61504, 27.41794 ], [ 91.5899, 27.38913 ], [ 91.54991, 27.37377 ], [ 91.46055, 27.40925 ], [ 91.42549, 27.4153 ], [ 91.44888, 27.44277 ], [ 91.44042, 27.47161 ], [ 91.3373, 27.60589 ], [ 91.35215, 27.63826 ], [ 91.34345, 27.69814 ], [ 91.35478, 27.71792 ], [ 91.34319, 27.7497 ], [ 91.36215, 27.77979 ], [ 91.35903, 27.80381 ], [ 91.37284, 27.82592 ], [ 91.36709, 27.85968 ], [ 91.37876, 27.90828 ], [ 91.37411, 27.92278 ], [ 91.38012, 27.93264 ], [ 91.3996, 27.93491 ], [ 91.43545, 27.97396 ], [ 91.46051, 27.96987 ], [ 91.47877, 27.9799 ] ] ] } },
{ "type": "Feature", "properties": { "District": "ZHEMGANG", "STATE": "BHUTAN", "country": "BHUTAN" }, "geometry": { "type": "Polygon", "coordinates": [ [ [ 90.77728, 27.38776 ], [ 90.80905, 27.37144 ], [ 90.83304, 27.3388 ], [ 90.85123, 27.34399 ], [ 90.85838, 27.3364 ], [ 90.88404, 27.35127 ], [ 90.90815, 27.35231 ], [ 90.91208, 27.36082 ], [ 90.9346, 27.35762 ], [ 90.95018, 27.3653 ], [ 90.95813, 27.37975 ], [ 90.96371, 27.35121 ], [ 90.97648, 27.34756 ], [ 90.97485, 27.32021 ], [ 90.98827, 27.29393 ], [ 90.98565, 27.28233 ], [ 91.01449, 27.26059 ], [ 91.00934, 27.23616 ], [ 91.02637, 27.222 ], [ 91.02137, 27.16792 ], [ 91.00234, 27.15312 ], [ 91.00398, 27.11715 ], [ 91.02643, 27.10412 ], [ 91.03393, 27.05857 ], [ 91.07844, 27.0527 ], [ 91.0896, 27.03927 ], [ 91.09333, 26.98589 ], [ 91.13912, 26.97236 ], [ 91.13892, 26.9599 ], [ 91.18147, 26.93355 ], [ 91.16667, 26.92206 ], [ 91.16604, 26.88867 ], [ 91.12946, 26.86743 ], [ 91.10505, 26.88101 ], [ 91.09124, 26.8733 ], [ 91.08871, 26.88104 ], [ 91.05128, 26.86252 ], [ 91.02082, 26.86104 ], [ 91.00724, 26.8468 ], [ 91.01154, 26.8349 ], [ 91.00084, 26.83085 ], [ 91.01896, 26.78665 ], [ 90.9916, 26.79079 ], [ 90.95692, 26.78162 ], [ 90.95647, 26.78802 ], [ 90.77682, 26.77586 ], [ 90.76728, 26.79037 ], [ 90.76129, 26.82813 ], [ 90.75612, 26.81765 ], [ 90.7481, 26.82443 ], [ 90.74236, 26.81714 ], [ 90.71048, 26.81214 ], [ 90.69891, 26.83226 ], [ 90.68195, 26.84192 ], [ 90.62356, 26.84864 ], [ 90.62349, 26.87718 ], [ 90.69701, 26.96036 ], [ 90.68286, 26.98205 ], [ 90.69419, 26.99696 ], [ 90.69012, 27.03005 ], [ 90.6761, 27.04117 ], [ 90.6806, 27.06125 ], [ 90.6469, 27.08456 ], [ 90.61834, 27.07325 ], [ 90.59767, 27.07554 ], [ 90.58952, 27.09411 ], [ 90.57469, 27.08814 ], [ 90.57228, 27.09885 ], [ 90.55004, 27.10653 ], [ 90.53382, 27.12183 ], [ 90.53115, 27.13736 ], [ 90.54576, 27.15191 ], [ 90.56111, 27.15082 ], [ 90.56237, 27.16569 ], [ 90.58398, 27.17703 ], [ 90.61978, 27.16013 ], [ 90.64395, 27.16793 ], [ 90.6651, 27.16301 ], [ 90.62047, 27.21819 ], [ 90.70733, 27.24906 ], [ 90.72843, 27.26562 ], [ 90.72562, 27.30116 ], [ 90.74956, 27.35158 ], [ 90.73614, 27.37266 ], [ 90.75259, 27.38586 ], [ 90.77728, 27.38776 ] ] ] } }
]
}
